generated_time,current_time,spike_id,timestep,layer_id,src_neuron,src_pe,src_router,dst_pe,dst_router,value
0,0,0,1,input,0,0,0,0,0,-1
0,0,1,1,input,1,0,0,0,0,1
0,0,2,1,input,3,0,0,0,0,-1
0,0,3,1,input,4,0,0,0,0,1
0,0,4,1,input,5,0,0,0,0,-1
0,0,5,1,input,6,0,0,0,0,1
0,0,6,1,input,7,0,0,0,0,-1
0,0,7,1,input,8,0,0,0,0,1
0,0,8,1,input,9,0,0,0,0,-1
0,0,9,1,input,10,0,0,0,0,-1
0,0,10,1,input,11,0,0,0,0,1
0,0,11,1,input,12,0,0,0,0,1
0,0,12,1,input,13,0,0,0,0,1
0,0,13,1,input,14,0,0,0,0,-1
0,0,14,1,input,16,0,0,0,0,-1
0,0,15,1,input,17,0,0,0,0,-1
0,0,16,1,input,18,0,0,0,0,-1
0,0,17,1,input,19,0,0,0,0,-1
0,0,18,1,input,20,0,0,0,0,1
0,0,19,1,input,21,0,0,0,0,-1
0,0,20,1,input,22,0,0,0,0,-1
0,0,21,1,input,25,0,0,0,0,-1
0,0,22,1,input,26,0,0,0,0,-1
0,0,23,1,input,27,0,0,0,0,-1
0,0,24,1,input,28,0,0,0,0,-1
0,0,25,1,input,30,0,0,0,0,-1
0,0,26,1,input,31,0,0,0,0,-1
0,0,27,1,input,32,0,0,0,0,-1
0,0,28,1,input,33,0,0,0,0,-1
0,0,29,1,input,35,0,0,0,0,-1
0,0,30,1,input,36,0,0,0,0,1
0,0,31,1,input,37,0,0,0,0,-1
0,0,32,1,input,39,0,0,0,0,1
0,0,33,1,input,40,0,0,0,0,1
0,0,34,1,input,41,0,0,0,0,-1
0,0,35,1,input,42,0,0,0,0,-1
0,0,36,1,input,43,0,0,0,0,-1
0,0,37,1,input,45,0,0,0,0,-1
0,0,38,1,input,46,0,0,0,0,-1
0,0,39,1,input,47,0,0,0,0,-1
0,0,40,1,input,48,0,0,0,0,-1
0,0,41,1,input,49,0,0,0,0,1
0,0,42,1,input,50,0,0,0,0,-1
0,0,43,1,input,51,0,0,0,0,-1
0,0,44,1,input,52,0,0,0,0,1
0,0,45,1,input,53,0,0,0,0,-1
0,0,46,1,input,54,0,0,0,0,-1
0,0,47,1,input,55,0,0,0,0,1
0,0,48,1,input,58,0,0,0,0,-1
0,0,49,1,input,59,0,0,0,0,-1
0,0,50,1,input,60,0,0,0,0,-1
0,0,51,1,input,61,0,0,0,0,-1
0,0,52,1,input,62,0,0,0,0,-1
0,0,53,1,input,64,0,0,0,0,-1
0,0,54,1,input,65,0,0,0,0,-1
0,0,55,1,input,66,0,0,0,0,-1
0,0,56,1,input,69,0,0,0,0,-1
0,0,57,1,input,70,0,0,0,0,-1
0,0,58,1,input,71,0,0,0,0,-1
0,0,59,1,input,72,0,0,0,0,-1
0,0,60,1,input,73,0,0,0,0,-1
0,0,61,1,input,74,0,0,0,0,-1
0,0,62,1,input,75,0,0,0,0,1
0,0,63,1,input,76,0,0,0,0,-1
0,0,64,1,input,77,0,0,0,0,-1
0,0,65,1,input,78,0,0,0,0,-1
0,0,66,1,input,79,0,0,0,0,-1
0,0,67,1,input,80,0,0,0,0,1
0,0,68,1,input,81,0,0,0,0,-1
0,0,69,1,input,82,0,0,0,0,-1
0,0,70,1,input,84,0,0,0,0,1
0,0,71,1,input,85,0,0,0,0,-1
0,0,72,1,input,86,0,0,0,0,-1
0,0,73,1,input,87,0,0,0,0,-1
0,0,74,1,input,88,0,0,0,0,-1
0,0,75,1,input,89,0,0,0,0,-1
0,0,76,1,input,90,0,0,0,0,-1
0,0,77,1,input,91,0,0,0,0,1
0,0,78,1,input,92,0,0,0,0,-1
0,0,79,1,input,93,0,0,0,0,-1
0,0,80,1,input,94,0,0,0,0,-1
0,0,81,1,input,95,0,0,0,0,-1
0,0,82,1,input,96,0,0,0,0,-1
0,0,83,1,input,97,0,0,0,0,-1
0,0,84,1,input,98,0,0,0,0,-1
0,0,85,1,input,100,0,0,0,0,-1
0,0,86,1,input,101,0,0,0,0,-1
0,0,87,1,input,102,0,0,0,0,-1
0,0,88,1,input,103,0,0,0,0,1
0,0,89,1,input,104,0,0,0,0,-1
0,0,90,1,input,105,0,0,0,0,1
0,0,91,1,input,107,0,0,0,0,-1
0,0,92,1,input,109,0,0,0,0,-1
0,0,93,1,input,110,0,0,0,0,-1
0,0,94,1,input,112,0,0,0,0,-1
0,0,95,1,input,113,0,0,0,0,-1
0,0,96,1,input,114,0,0,0,0,1
0,0,97,1,input,115,0,0,0,0,1
0,0,98,1,input,117,0,0,0,0,-1
0,0,99,1,input,118,0,0,0,0,-1
0,0,100,1,input,119,0,0,0,0,-1
0,0,101,1,input,120,0,0,0,0,-1
0,0,102,1,input,121,0,0,0,0,-1
0,0,103,1,input,122,0,0,0,0,-1
0,0,104,1,input,124,0,0,0,0,-1
0,0,105,1,input,125,0,0,0,0,1
0,0,106,1,input,126,0,0,0,0,-1
0,0,107,1,input,128,0,0,0,0,-1
0,0,108,1,input,130,0,0,0,0,1
0,0,109,1,input,131,0,0,0,0,-1
0,0,110,1,input,133,0,0,0,0,-1
0,0,111,1,input,134,0,0,0,0,1
0,0,112,1,input,135,0,0,0,0,-1
0,0,113,1,input,136,0,0,0,0,1
0,0,114,1,input,137,0,0,0,0,-1
0,0,115,1,input,138,0,0,0,0,-1
0,0,116,1,input,139,0,0,0,0,1
0,0,117,1,input,141,0,0,0,0,1
0,0,118,1,input,142,0,0,0,0,-1
0,0,119,1,input,143,0,0,0,0,-1
0,0,120,1,input,145,0,0,0,0,1
0,0,121,1,input,146,0,0,0,0,-1
0,0,122,1,input,147,0,0,0,0,-1
0,0,123,1,input,148,0,0,0,0,1
0,0,124,1,input,149,0,0,0,0,-1
0,0,125,1,input,150,0,0,0,0,-1
0,0,126,1,input,152,0,0,0,0,1
0,0,127,1,input,153,0,0,0,0,-1
0,0,128,1,input,154,0,0,0,0,-1
0,0,129,1,input,155,0,0,0,0,-1
0,0,130,1,input,156,0,0,0,0,-1
0,0,131,1,input,158,0,0,0,0,-1
0,0,132,1,input,159,0,0,0,0,-1
0,0,133,1,input,160,0,0,0,0,-1
0,0,134,1,input,161,0,0,0,0,-1
0,0,135,1,input,163,0,0,0,0,-1
0,0,136,1,input,164,0,0,0,0,1
0,0,137,1,input,166,0,0,0,0,-1
0,0,138,1,input,167,0,0,0,0,1
0,0,139,1,input,168,0,0,0,0,1
0,0,140,1,input,169,0,0,0,0,-1
0,0,141,1,input,171,0,0,0,0,-1
0,0,142,1,input,173,0,0,0,0,1
0,0,143,1,input,175,0,0,0,0,-1
0,0,144,1,input,176,0,0,0,0,-1
0,0,145,1,input,178,0,0,0,0,-1
0,0,146,1,input,179,0,0,0,0,-1
0,0,147,1,input,180,0,0,0,0,1
0,0,148,1,input,181,0,0,0,0,-1
0,0,149,1,input,182,0,0,0,0,-1
0,0,150,1,input,183,0,0,0,0,1
0,0,151,1,input,184,0,0,0,0,-1
0,0,152,1,input,185,0,0,0,0,-1
0,0,153,1,input,186,0,0,0,0,-1
0,0,154,1,input,187,0,0,0,0,-1
0,0,155,1,input,188,0,0,0,0,-1
0,0,156,1,input,189,0,0,0,0,-1
0,0,157,1,input,190,0,0,0,0,-1
0,0,158,1,input,191,0,0,0,0,-1
0,0,159,1,input,192,0,0,0,0,-1
0,0,160,1,input,193,0,0,0,0,-1
0,0,161,1,input,194,0,0,0,0,-1
0,0,162,1,input,197,0,0,0,0,-1
0,0,163,1,input,198,0,0,0,0,-1
0,0,164,1,input,199,0,0,0,0,-1
0,0,165,1,input,200,0,0,0,0,-1
0,0,166,1,input,201,0,0,0,0,-1
0,0,167,1,input,202,0,0,0,0,-1
0,0,168,1,input,203,0,0,0,0,1
0,0,169,1,input,204,0,0,0,0,-1
0,0,170,1,input,205,0,0,0,0,-1
0,0,171,1,input,206,0,0,0,0,-1
0,0,172,1,input,209,0,0,0,0,-1
0,0,173,1,input,210,0,0,0,0,-1
0,0,174,1,input,212,0,0,0,0,1
0,0,175,1,input,213,0,0,0,0,-1
0,0,176,1,input,214,0,0,0,0,-1
0,0,177,1,input,215,0,0,0,0,-1
0,0,178,1,input,216,0,0,0,0,-1
0,0,179,1,input,217,0,0,0,0,-1
0,0,180,1,input,219,0,0,0,0,1
0,0,181,1,input,220,0,0,0,0,-1
0,0,182,1,input,221,0,0,0,0,-1
0,0,183,1,input,223,0,0,0,0,-1
0,0,184,1,input,224,0,0,0,0,-1
0,0,185,1,input,225,0,0,0,0,-1
0,0,186,1,input,226,0,0,0,0,-1
0,0,187,1,input,227,0,0,0,0,1
0,0,188,1,input,229,0,0,0,0,-1
0,0,189,1,input,230,0,0,0,0,-1
0,0,190,1,input,231,0,0,0,0,1
0,0,191,1,input,232,0,0,0,0,-1
0,0,192,1,input,233,0,0,0,0,1
0,0,193,1,input,234,0,0,0,0,-1
0,0,194,1,input,235,0,0,0,0,-1
0,0,195,1,input,237,0,0,0,0,-1
0,0,196,1,input,238,0,0,0,0,-1
0,0,197,1,input,239,0,0,0,0,-1
0,0,198,1,input,240,0,0,0,0,-1
0,0,199,1,input,242,0,0,0,0,1
0,0,200,1,input,243,0,0,0,0,1
0,0,201,1,input,244,0,0,0,0,1
0,0,202,1,input,245,0,0,0,0,-1
0,0,203,1,input,246,0,0,0,0,-1
0,0,204,1,input,247,0,0,0,0,-1
0,0,205,1,input,248,0,0,0,0,-1
0,0,206,1,input,249,0,0,0,0,-1
0,0,207,1,input,252,0,0,0,0,-1
0,0,208,1,input,253,0,0,0,0,-1
0,0,209,1,input,254,0,0,0,0,-1
0,0,210,1,input,256,0,0,0,0,-1
0,0,211,1,input,257,0,0,0,0,-1
0,0,212,1,input,258,0,0,0,0,1
0,0,213,1,input,259,0,0,0,0,-1
0,0,214,1,input,260,0,0,0,0,-1
0,0,215,1,input,261,0,0,0,0,-1
0,0,216,1,input,262,0,0,0,0,1
0,0,217,1,input,263,0,0,0,0,-1
0,0,218,1,input,264,0,0,0,0,1
0,0,219,1,input,265,0,0,0,0,-1
0,0,220,1,input,266,0,0,0,0,-1
0,0,221,1,input,267,0,0,0,0,1
0,0,222,1,input,269,0,0,0,0,1
0,0,223,1,input,270,0,0,0,0,-1
0,0,224,1,input,271,0,0,0,0,1
0,0,225,1,input,272,0,0,0,0,-1
0,0,226,1,input,273,0,0,0,0,1
0,0,227,1,input,274,0,0,0,0,-1
0,0,228,1,input,275,0,0,0,0,-1
0,0,229,1,input,276,0,0,0,0,1
0,0,230,1,input,277,0,0,0,0,-1
0,0,231,1,input,278,0,0,0,0,-1
0,0,232,1,input,279,0,0,0,0,1
0,0,233,1,input,280,0,0,0,0,1
0,0,234,1,input,281,0,0,0,0,-1
0,0,235,1,input,282,0,0,0,0,-1
0,0,236,1,input,283,0,0,0,0,-1
0,0,237,1,input,284,0,0,0,0,-1
0,0,238,1,input,285,0,0,0,0,1
0,0,239,1,input,286,0,0,0,0,-1
0,0,240,1,input,288,0,0,0,0,-1
0,0,241,1,input,289,0,0,0,0,-1
0,0,242,1,input,291,0,0,0,0,-1
0,0,243,1,input,292,0,0,0,0,1
0,0,244,1,input,293,0,0,0,0,-1
0,0,245,1,input,294,0,0,0,0,-1
0,0,246,1,input,295,0,0,0,0,1
0,0,247,1,input,296,0,0,0,0,1
0,0,248,1,input,297,0,0,0,0,-1
0,0,249,1,input,298,0,0,0,0,-1
0,0,250,1,input,299,0,0,0,0,-1
0,0,251,1,input,300,0,0,0,0,1
0,0,252,1,input,301,0,0,0,0,1
0,0,253,1,input,303,0,0,0,0,-1
0,0,254,1,input,304,0,0,0,0,-1
0,0,255,1,input,305,0,0,0,0,-1
0,0,256,1,input,306,0,0,0,0,-1
0,0,257,1,input,308,0,0,0,0,1
0,0,258,1,input,309,0,0,0,0,-1
0,0,259,1,input,310,0,0,0,0,-1
0,0,260,1,input,311,0,0,0,0,1
0,0,261,1,input,313,0,0,0,0,1
0,0,262,1,input,314,0,0,0,0,-1
0,0,263,1,input,315,0,0,0,0,-1
0,0,264,1,input,316,0,0,0,0,-1
0,0,265,1,input,317,0,0,0,0,-1
0,0,266,1,input,318,0,0,0,0,-1
0,0,267,1,input,319,0,0,0,0,-1
0,0,268,1,input,320,0,0,0,0,-1
0,0,269,1,input,321,0,0,0,0,-1
0,0,270,1,input,323,0,0,0,0,1
0,0,271,1,input,324,0,0,0,0,-1
0,0,272,1,input,325,0,0,0,0,-1
0,0,273,1,input,326,0,0,0,0,-1
0,0,274,1,input,327,0,0,0,0,-1
0,0,275,1,input,328,0,0,0,0,-1
0,0,276,1,input,329,0,0,0,0,-1
0,0,277,1,input,330,0,0,0,0,-1
0,0,278,1,input,331,0,0,0,0,1
0,0,279,1,input,333,0,0,0,0,-1
0,0,280,1,input,334,0,0,0,0,-1
0,0,281,1,input,335,0,0,0,0,1
0,0,282,1,input,336,0,0,0,0,1
0,0,283,1,input,337,0,0,0,0,-1
0,0,284,1,input,338,0,0,0,0,-1
0,0,285,1,input,340,0,0,0,0,1
0,0,286,1,input,341,0,0,0,0,-1
0,0,287,1,input,342,0,0,0,0,-1
0,0,288,1,input,343,0,0,0,0,-1
0,0,289,1,input,344,0,0,0,0,-1
0,0,290,1,input,346,0,0,0,0,1
0,0,291,1,input,347,0,0,0,0,1
0,0,292,1,input,348,0,0,0,0,-1
0,0,293,1,input,349,0,0,0,0,-1
0,0,294,1,input,350,0,0,0,0,1
0,0,295,1,input,351,0,0,0,0,1
0,0,296,1,input,352,0,0,0,0,-1
0,0,297,1,input,353,0,0,0,0,-1
0,0,298,1,input,354,0,0,0,0,-1
0,0,299,1,input,355,0,0,0,0,1
0,0,300,1,input,358,0,0,0,0,-1
0,0,301,1,input,361,0,0,0,0,1
0,0,302,1,input,362,0,0,0,0,-1
0,0,303,1,input,363,0,0,0,0,-1
0,0,304,1,input,364,0,0,0,0,-1
0,0,305,1,input,365,0,0,0,0,-1
0,0,306,1,input,366,0,0,0,0,-1
0,0,307,1,input,367,0,0,0,0,-1
0,0,308,1,input,368,0,0,0,0,-1
0,0,309,1,input,369,0,0,0,0,1
0,0,310,1,input,370,0,0,0,0,1
0,0,311,1,input,371,0,0,0,0,1
0,0,312,1,input,372,0,0,0,0,1
0,0,313,1,input,373,0,0,0,0,-1
0,0,314,1,input,374,0,0,0,0,-1
0,0,315,1,input,375,0,0,0,0,-1
0,0,316,1,input,376,0,0,0,0,-1
0,0,317,1,input,377,0,0,0,0,-1
0,0,318,1,input,378,0,0,0,0,1
0,0,319,1,input,380,0,0,0,0,-1
0,0,320,1,input,381,0,0,0,0,-1
0,0,321,1,input,382,0,0,0,0,-1
0,0,322,1,input,384,0,0,0,0,-1
0,0,323,1,input,385,0,0,0,0,1
0,0,324,1,input,386,0,0,0,0,1
0,0,325,1,input,387,0,0,0,0,-1
0,0,326,1,input,388,0,0,0,0,-1
0,0,327,1,input,391,0,0,0,0,-1
0,0,328,1,input,393,0,0,0,0,-1
0,0,329,1,input,394,0,0,0,0,-1
0,0,330,1,input,396,0,0,0,0,-1
0,0,331,1,input,398,0,0,0,0,-1
0,0,332,1,input,399,0,0,0,0,1
0,0,333,1,input,400,0,0,0,0,-1
0,0,334,1,input,401,0,0,0,0,1
0,0,335,1,input,402,0,0,0,0,-1
0,0,336,1,input,403,0,0,0,0,-1
0,0,337,1,input,404,0,0,0,0,1
0,0,338,1,input,405,0,0,0,0,-1
0,0,339,1,input,406,0,0,0,0,-1
0,0,340,1,input,407,0,0,0,0,1
0,0,341,1,input,408,0,0,0,0,1
0,0,342,1,input,409,0,0,0,0,-1
0,0,343,1,input,410,0,0,0,0,-1
0,0,344,1,input,411,0,0,0,0,-1
0,0,345,1,input,412,0,0,0,0,-1
0,0,346,1,input,414,0,0,0,0,-1
0,0,347,1,input,416,0,0,0,0,-1
0,0,348,1,input,417,0,0,0,0,-1
0,0,349,1,input,418,0,0,0,0,1
0,0,350,1,input,419,0,0,0,0,-1
0,0,351,1,input,420,0,0,0,0,1
0,0,352,1,input,421,0,0,0,0,-1
0,0,353,1,input,422,0,0,0,0,-1
0,0,354,1,input,424,0,0,0,0,1
0,0,355,1,input,425,0,0,0,0,-1
0,0,356,1,input,426,0,0,0,0,-1
0,0,357,1,input,427,0,0,0,0,-1
0,0,358,1,input,429,0,0,0,0,1
0,0,359,1,input,430,0,0,0,0,1
0,0,360,1,input,432,0,0,0,0,-1
0,0,361,1,input,433,0,0,0,0,-1
0,0,362,1,input,434,0,0,0,0,-1
0,0,363,1,input,435,0,0,0,0,-1
0,0,364,1,input,436,0,0,0,0,1
0,0,365,1,input,438,0,0,0,0,-1
0,0,366,1,input,439,0,0,0,0,1
0,0,367,1,input,442,0,0,0,0,-1
0,0,368,1,input,443,0,0,0,0,-1
0,0,369,1,input,444,0,0,0,0,-1
0,0,370,1,input,446,0,0,0,0,-1
0,0,371,1,input,447,0,0,0,0,-1
0,0,372,1,input,448,0,0,0,0,-1
0,0,373,1,input,449,0,0,0,0,-1
0,0,374,1,input,450,0,0,0,0,-1
0,0,375,1,input,451,0,0,0,0,1
0,0,376,1,input,452,0,0,0,0,-1
0,0,377,1,input,453,0,0,0,0,-1
0,0,378,1,input,454,0,0,0,0,-1
0,0,379,1,input,455,0,0,0,0,-1
0,0,380,1,input,456,0,0,0,0,-1
0,0,381,1,input,457,0,0,0,0,-1
0,0,382,1,input,458,0,0,0,0,-1
0,0,383,1,input,459,0,0,0,0,1
0,0,384,1,input,461,0,0,0,0,-1
0,0,385,1,input,462,0,0,0,0,-1
0,0,386,1,input,463,0,0,0,0,1
0,0,387,1,input,464,0,0,0,0,1
0,0,388,1,input,465,0,0,0,0,-1
0,0,389,1,input,466,0,0,0,0,-1
0,0,390,1,input,468,0,0,0,0,1
0,0,391,1,input,469,0,0,0,0,-1
0,0,392,1,input,470,0,0,0,0,-1
0,0,393,1,input,471,0,0,0,0,-1
0,0,394,1,input,472,0,0,0,0,-1
0,0,395,1,input,473,0,0,0,0,-1
0,0,396,1,input,476,0,0,0,0,-1
0,0,397,1,input,477,0,0,0,0,-1
0,0,398,1,input,478,0,0,0,0,1
0,0,399,1,input,479,0,0,0,0,-1
0,0,400,1,input,480,0,0,0,0,-1
0,0,401,1,input,481,0,0,0,0,-1
0,0,402,1,input,482,0,0,0,0,-1
0,0,403,1,input,483,0,0,0,0,1
0,0,404,1,input,485,0,0,0,0,-1
0,0,405,1,input,486,0,0,0,0,-1
0,0,406,1,input,487,0,0,0,0,-1
0,0,407,1,input,488,0,0,0,0,-1
0,0,408,1,input,489,0,0,0,0,1
0,0,409,1,input,490,0,0,0,0,-1
0,0,410,1,input,491,0,0,0,0,-1
0,0,411,1,input,493,0,0,0,0,-1
0,0,412,1,input,494,0,0,0,0,-1
0,0,413,1,input,495,0,0,0,0,-1
0,0,414,1,input,496,0,0,0,0,-1
0,0,415,1,input,497,0,0,0,0,1
0,0,416,1,input,499,0,0,0,0,1
0,0,417,1,input,500,0,0,0,0,1
0,0,418,1,input,501,0,0,0,0,-1
0,0,419,1,input,502,0,0,0,0,-1
0,0,420,1,input,503,0,0,0,0,-1
0,0,421,1,input,504,0,0,0,0,-1
0,0,422,1,input,505,0,0,0,0,-1
0,0,423,1,input,506,0,0,0,0,1
0,0,424,1,input,507,0,0,0,0,-1
0,0,425,1,input,508,0,0,0,0,-1
0,0,426,1,input,509,0,0,0,0,-1
0,0,427,1,input,510,0,0,0,0,-1
0,0,428,1,input,512,0,0,0,0,-1
0,0,429,1,input,513,0,0,0,0,1
0,0,430,1,input,514,0,0,0,0,1
0,0,431,1,input,515,0,0,0,0,-1
0,0,432,1,input,519,0,0,0,0,-1
0,0,433,1,input,521,0,0,0,0,-1
0,0,434,1,input,522,0,0,0,0,-1
0,0,435,1,input,524,0,0,0,0,-1
0,0,436,1,input,526,0,0,0,0,-1
0,0,437,1,input,529,0,0,0,0,1
0,0,438,1,input,530,0,0,0,0,-1
0,0,439,1,input,531,0,0,0,0,-1
0,0,440,1,input,533,0,0,0,0,-1
0,0,441,1,input,534,0,0,0,0,-1
0,0,442,1,input,536,0,0,0,0,1
0,0,443,1,input,537,0,0,0,0,-1
0,0,444,1,input,538,0,0,0,0,-1
0,0,445,1,input,539,0,0,0,0,-1
0,0,446,1,input,540,0,0,0,0,-1
0,0,447,1,input,541,0,0,0,0,-1
0,0,448,1,input,542,0,0,0,0,-1
0,0,449,1,input,543,0,0,0,0,-1
0,0,450,1,input,544,0,0,0,0,-1
0,0,451,1,input,545,0,0,0,0,-1
0,0,452,1,input,546,0,0,0,0,1
0,0,453,1,input,547,0,0,0,0,-1
0,0,454,1,input,548,0,0,0,0,1
0,0,455,1,input,549,0,0,0,0,-1
0,0,456,1,input,550,0,0,0,0,-1
0,0,457,1,input,551,0,0,0,0,1
0,0,458,1,input,552,0,0,0,0,1
0,0,459,1,input,553,0,0,0,0,-1
0,0,460,1,input,554,0,0,0,0,-1
0,0,461,1,input,555,0,0,0,0,-1
0,0,462,1,input,557,0,0,0,0,1
0,0,463,1,input,559,0,0,0,0,-1
0,0,464,1,input,560,0,0,0,0,-1
0,0,465,1,input,561,0,0,0,0,-1
0,0,466,1,input,562,0,0,0,0,-1
0,0,467,1,input,563,0,0,0,0,-1
0,0,468,1,input,566,0,0,0,0,-1
0,0,469,1,input,567,0,0,0,0,1
0,0,470,1,input,570,0,0,0,0,-1
0,0,471,1,input,571,0,0,0,0,-1
0,0,472,1,input,572,0,0,0,0,-1
0,0,473,1,input,574,0,0,0,0,-1
0,0,474,1,input,575,0,0,0,0,-1
0,0,475,1,input,576,0,0,0,0,-1
0,0,476,1,input,577,0,0,0,0,-1
0,0,477,1,input,578,0,0,0,0,-1
0,0,478,1,input,579,0,0,0,0,1
0,0,479,1,input,580,0,0,0,0,-1
0,0,480,1,input,581,0,0,0,0,-1
0,0,481,1,input,582,0,0,0,0,-1
0,0,482,1,input,583,0,0,0,0,1
0,0,483,1,input,584,0,0,0,0,-1
0,0,484,1,input,585,0,0,0,0,-1
0,0,485,1,input,586,0,0,0,0,-1
0,0,486,1,input,588,0,0,0,0,1
0,0,487,1,input,589,0,0,0,0,-1
0,0,488,1,input,590,0,0,0,0,-1
0,0,489,1,input,591,0,0,0,0,1
0,0,490,1,input,592,0,0,0,0,1
0,0,491,1,input,593,0,0,0,0,-1
0,0,492,1,input,594,0,0,0,0,-1
0,0,493,1,input,597,0,0,0,0,-1
0,0,494,1,input,598,0,0,0,0,-1
0,0,495,1,input,599,0,0,0,0,-1
0,0,496,1,input,600,0,0,0,0,-1
0,0,497,1,input,601,0,0,0,0,-1
0,0,498,1,input,602,0,0,0,0,-1
0,0,499,1,input,604,0,0,0,0,-1
0,0,500,1,input,605,0,0,0,0,-1
0,0,501,1,input,606,0,0,0,0,1
0,0,502,1,input,607,0,0,0,0,-1
0,0,503,1,input,608,0,0,0,0,-1
0,0,504,1,input,609,0,0,0,0,-1
0,0,505,1,input,610,0,0,0,0,-1
0,0,506,1,input,611,0,0,0,0,1
0,0,507,1,input,613,0,0,0,0,-1
0,0,508,1,input,614,0,0,0,0,-1
0,0,509,1,input,615,0,0,0,0,-1
0,0,510,1,input,616,0,0,0,0,-1
0,0,511,1,input,617,0,0,0,0,1
0,0,512,1,input,618,0,0,0,0,-1
0,0,513,1,input,619,0,0,0,0,-1
0,0,514,1,input,621,0,0,0,0,-1
0,0,515,1,input,622,0,0,0,0,-1
0,0,516,1,input,623,0,0,0,0,-1
0,0,517,1,input,624,0,0,0,0,-1
0,0,518,1,input,625,0,0,0,0,1
0,0,519,1,input,626,0,0,0,0,1
0,0,520,1,input,627,0,0,0,0,1
0,0,521,1,input,628,0,0,0,0,1
0,0,522,1,input,629,0,0,0,0,-1
0,0,523,1,input,630,0,0,0,0,-1
0,0,524,1,input,631,0,0,0,0,-1
0,0,525,1,input,632,0,0,0,0,-1
0,0,526,1,input,633,0,0,0,0,-1
0,0,527,1,input,634,0,0,0,0,1
0,0,528,1,input,635,0,0,0,0,-1
0,0,529,1,input,636,0,0,0,0,-1
0,0,530,1,input,637,0,0,0,0,-1
0,0,531,1,input,638,0,0,0,0,-1
0,0,532,1,input,640,0,0,0,0,-1
0,0,533,1,input,641,0,0,0,0,1
0,0,534,1,input,642,0,0,0,0,1
0,0,535,1,input,643,0,0,0,0,-1
0,0,536,1,input,644,0,0,0,0,-1
0,0,537,1,input,646,0,0,0,0,1
0,0,538,1,input,647,0,0,0,0,-1
0,0,539,1,input,649,0,0,0,0,-1
0,0,540,1,input,650,0,0,0,0,-1
0,0,541,1,input,651,0,0,0,0,1
0,0,542,1,input,652,0,0,0,0,-1
0,0,543,1,input,653,0,0,0,0,-1
0,0,544,1,input,654,0,0,0,0,-1
0,0,545,1,input,655,0,0,0,0,-1
0,0,546,1,input,657,0,0,0,0,1
0,0,547,1,input,658,0,0,0,0,-1
0,0,548,1,input,659,0,0,0,0,-1
0,0,549,1,input,661,0,0,0,0,-1
0,0,550,1,input,662,0,0,0,0,-1
0,0,551,1,input,663,0,0,0,0,1
0,0,552,1,input,664,0,0,0,0,1
0,0,553,1,input,666,0,0,0,0,-1
0,0,554,1,input,667,0,0,0,0,-1
0,0,555,1,input,668,0,0,0,0,-1
0,0,556,1,input,669,0,0,0,0,-1
0,0,557,1,input,670,0,0,0,0,-1
0,0,558,1,input,671,0,0,0,0,-1
0,0,559,1,input,672,0,0,0,0,-1
0,0,560,1,input,674,0,0,0,0,1
0,0,561,1,input,675,0,0,0,0,-1
0,0,562,1,input,676,0,0,0,0,1
0,0,563,1,input,677,0,0,0,0,-1
0,0,564,1,input,678,0,0,0,0,-1
0,0,565,1,input,679,0,0,0,0,1
0,0,566,1,input,680,0,0,0,0,1
0,0,567,1,input,681,0,0,0,0,-1
0,0,568,1,input,682,0,0,0,0,-1
0,0,569,1,input,683,0,0,0,0,-1
0,0,570,1,input,684,0,0,0,0,-1
0,0,571,1,input,685,0,0,0,0,1
0,0,572,1,input,686,0,0,0,0,-1
0,0,573,1,input,687,0,0,0,0,-1
0,0,574,1,input,688,0,0,0,0,-1
0,0,575,1,input,689,0,0,0,0,-1
0,0,576,1,input,690,0,0,0,0,-1
0,0,577,1,input,694,0,0,0,0,-1
0,0,578,1,input,695,0,0,0,0,1
0,0,579,1,input,700,0,0,0,0,-1
0,0,580,1,input,702,0,0,0,0,-1
0,0,581,1,input,703,0,0,0,0,-1
0,0,582,1,input,704,0,0,0,0,-1
0,0,583,1,input,705,0,0,0,0,-1
0,0,584,1,input,706,0,0,0,0,-1
0,0,585,1,input,707,0,0,0,0,1
0,0,586,1,input,708,0,0,0,0,-1
0,0,587,1,input,709,0,0,0,0,-1
0,0,588,1,input,710,0,0,0,0,-1
0,0,589,1,input,711,0,0,0,0,1
0,0,590,1,input,713,0,0,0,0,-1
0,0,591,1,input,714,0,0,0,0,-1
0,0,592,1,input,715,0,0,0,0,1
0,0,593,1,input,716,0,0,0,0,1
0,0,594,1,input,717,0,0,0,0,-1
0,0,595,1,input,720,0,0,0,0,-1
0,0,596,1,input,721,0,0,0,0,-1
0,0,597,1,input,722,0,0,0,0,-1
0,0,598,1,input,724,0,0,0,0,-1
0,0,599,1,input,725,0,0,0,0,-1
0,0,600,1,input,726,0,0,0,0,1
0,0,601,1,input,727,0,0,0,0,-1
0,0,602,1,input,728,0,0,0,0,-1
0,0,603,1,input,729,0,0,0,0,-1
0,0,604,1,input,730,0,0,0,0,1
0,0,605,1,input,732,0,0,0,0,-1
0,0,606,1,input,733,0,0,0,0,-1
0,0,607,1,input,734,0,0,0,0,-1
0,0,608,1,input,735,0,0,0,0,-1
0,0,609,1,input,736,0,0,0,0,-1
0,0,610,1,input,737,0,0,0,0,-1
0,0,611,1,input,738,0,0,0,0,-1
0,0,612,1,input,741,0,0,0,0,-1
0,0,613,1,input,742,0,0,0,0,-1
0,0,614,1,input,743,0,0,0,0,-1
0,0,615,1,input,744,0,0,0,0,-1
0,0,616,1,input,745,0,0,0,0,-1
0,0,617,1,input,746,0,0,0,0,-1
0,0,618,1,input,747,0,0,0,0,-1
0,0,619,1,input,749,0,0,0,0,-1
0,0,620,1,input,750,0,0,0,0,-1
0,0,621,1,input,751,0,0,0,0,-1
0,0,622,1,input,752,0,0,0,0,-1
0,0,623,1,input,753,0,0,0,0,1
0,0,624,1,input,754,0,0,0,0,1
0,0,625,1,input,755,0,0,0,0,-1
0,0,626,1,input,756,0,0,0,0,1
0,0,627,1,input,757,0,0,0,0,-1
0,0,628,1,input,758,0,0,0,0,-1
0,0,629,1,input,760,0,0,0,0,-1
0,0,630,1,input,761,0,0,0,0,-1
0,0,631,1,input,762,0,0,0,0,1
0,0,632,1,input,764,0,0,0,0,-1
0,0,633,1,input,765,0,0,0,0,-1
0,0,634,1,input,766,0,0,0,0,-1
0,0,635,1,input,768,0,0,0,0,-1
0,0,636,1,input,770,0,0,0,0,1
0,0,637,1,input,771,0,0,0,0,-1
0,0,638,1,input,772,0,0,0,0,-1
0,0,639,1,input,773,0,0,0,0,-1
0,0,640,1,input,774,0,0,0,0,1
0,0,641,1,input,775,0,0,0,0,-1
0,0,642,1,input,776,0,0,0,0,-1
0,0,643,1,input,777,0,0,0,0,-1
0,0,644,1,input,779,0,0,0,0,1
0,0,645,1,input,781,0,0,0,0,-1
0,0,646,1,input,782,0,0,0,0,-1
0,0,647,1,input,783,0,0,0,0,1
0,0,648,1,input,784,0,0,0,0,-1
0,0,649,1,input,785,0,0,0,0,1
0,0,650,1,input,787,0,0,0,0,-1
0,0,651,1,input,789,0,0,0,0,-1
0,0,652,1,input,790,0,0,0,0,-1
0,0,653,1,input,791,0,0,0,0,1
0,0,654,1,input,793,0,0,0,0,1
0,0,655,1,input,794,0,0,0,0,-1
0,0,656,1,input,795,0,0,0,0,-1
0,0,657,1,input,796,0,0,0,0,-1
0,0,658,1,input,798,0,0,0,0,-1
0,0,659,1,input,799,0,0,0,0,-1
0,0,660,1,input,800,0,0,0,0,-1
0,0,661,1,input,802,0,0,0,0,1
0,0,662,1,input,803,0,0,0,0,-1
0,0,663,1,input,804,0,0,0,0,1
0,0,664,1,input,805,0,0,0,0,-1
0,0,665,1,input,806,0,0,0,0,-1
0,0,666,1,input,808,0,0,0,0,1
0,0,667,1,input,809,0,0,0,0,-1
0,0,668,1,input,810,0,0,0,0,-1
0,0,669,1,input,811,0,0,0,0,-1
0,0,670,1,input,812,0,0,0,0,-1
0,0,671,1,input,814,0,0,0,0,-1
0,0,672,1,input,815,0,0,0,0,-1
0,0,673,1,input,816,0,0,0,0,-1
0,0,674,1,input,817,0,0,0,0,-1
0,0,675,1,input,818,0,0,0,0,-1
0,0,676,1,input,820,0,0,0,0,1
0,0,677,1,input,822,0,0,0,0,-1
0,0,678,1,input,823,0,0,0,0,1
0,0,679,1,input,824,0,0,0,0,1
0,0,680,1,input,826,0,0,0,0,-1
0,0,681,1,input,828,0,0,0,0,-1
0,0,682,1,input,829,0,0,0,0,1
0,0,683,1,input,830,0,0,0,0,-1
0,0,684,1,input,831,0,0,0,0,-1
0,0,685,1,input,832,0,0,0,0,-1
0,0,686,1,input,833,0,0,0,0,-1
0,0,687,1,input,834,0,0,0,0,-1
0,0,688,1,input,835,0,0,0,0,1
0,0,689,1,input,837,0,0,0,0,-1
0,0,690,1,input,838,0,0,0,0,-1
0,0,691,1,input,839,0,0,0,0,-1
0,0,692,1,input,841,0,0,0,0,-1
0,0,693,1,input,842,0,0,0,0,-1
0,0,694,1,input,843,0,0,0,0,1
0,0,695,1,input,844,0,0,0,0,-1
0,0,696,1,input,845,0,0,0,0,-1
0,0,697,1,input,846,0,0,0,0,-1
0,0,698,1,input,847,0,0,0,0,-1
0,0,699,1,input,848,0,0,0,0,-1
0,0,700,1,input,849,0,0,0,0,-1
0,0,701,1,input,850,0,0,0,0,-1
0,0,702,1,input,852,0,0,0,0,-1
0,0,703,1,input,853,0,0,0,0,-1
0,0,704,1,input,854,0,0,0,0,-1
0,0,705,1,input,855,0,0,0,0,-1
0,0,706,1,input,856,0,0,0,0,-1
0,0,707,1,input,858,0,0,0,0,1
0,0,708,1,input,859,0,0,0,0,-1
0,0,709,1,input,860,0,0,0,0,-1
0,0,710,1,input,861,0,0,0,0,-1
0,0,711,1,input,862,0,0,0,0,-1
0,0,712,1,input,863,0,0,0,0,-1
0,0,713,1,input,864,0,0,0,0,-1
0,0,714,1,input,865,0,0,0,0,-1
0,0,715,1,input,866,0,0,0,0,-1
0,0,716,1,input,867,0,0,0,0,1
0,0,717,1,input,868,0,0,0,0,1
0,0,718,1,input,869,0,0,0,0,-1
0,0,719,1,input,870,0,0,0,0,-1
0,0,720,1,input,872,0,0,0,0,-1
0,0,721,1,input,874,0,0,0,0,-1
0,0,722,1,input,875,0,0,0,0,-1
0,0,723,1,input,876,0,0,0,0,-1
0,0,724,1,input,877,0,0,0,0,-1
0,0,725,1,input,878,0,0,0,0,-1
0,0,726,1,input,879,0,0,0,0,-1
0,0,727,1,input,880,0,0,0,0,-1
0,0,728,1,input,881,0,0,0,0,1
0,0,729,1,input,883,0,0,0,0,-1
0,0,730,1,input,884,0,0,0,0,1
0,0,731,1,input,885,0,0,0,0,-1
0,0,732,1,input,886,0,0,0,0,-1
0,0,733,1,input,887,0,0,0,0,1
0,0,734,1,input,888,0,0,0,0,-1
0,0,735,1,input,889,0,0,0,0,-1
0,0,736,1,input,892,0,0,0,0,1
0,0,737,1,input,893,0,0,0,0,-1
0,0,738,1,input,894,0,0,0,0,-1
0,0,739,1,input,896,0,0,0,0,-1
0,0,740,1,input,897,0,0,0,0,-1
0,0,741,1,input,898,0,0,0,0,-1
0,0,742,1,input,899,0,0,0,0,-1
0,0,743,1,input,902,0,0,0,0,1
0,0,744,1,input,903,0,0,0,0,-1
0,0,745,1,input,904,0,0,0,0,-1
0,0,746,1,input,905,0,0,0,0,-1
0,0,747,1,input,907,0,0,0,0,1
0,0,748,1,input,908,0,0,0,0,-1
0,0,749,1,input,909,0,0,0,0,-1
0,0,750,1,input,910,0,0,0,0,-1
0,0,751,1,input,913,0,0,0,0,1
0,0,752,1,input,915,0,0,0,0,-1
0,0,753,1,input,916,0,0,0,0,1
0,0,754,1,input,917,0,0,0,0,-1
0,0,755,1,input,918,0,0,0,0,-1
0,0,756,1,input,920,0,0,0,0,-1
0,0,757,1,input,921,0,0,0,0,1
0,0,758,1,input,922,0,0,0,0,-1
0,0,759,1,input,923,0,0,0,0,-1
0,0,760,1,input,924,0,0,0,0,-1
0,0,761,1,input,925,0,0,0,0,-1
0,0,762,1,input,926,0,0,0,0,-1
0,0,763,1,input,927,0,0,0,0,-1
0,0,764,1,input,928,0,0,0,0,-1
0,0,765,1,input,930,0,0,0,0,1
0,0,766,1,input,931,0,0,0,0,-1
0,0,767,1,input,932,0,0,0,0,1
0,0,768,1,input,933,0,0,0,0,-1
0,0,769,1,input,934,0,0,0,0,-1
0,0,770,1,input,935,0,0,0,0,1
0,0,771,1,input,936,0,0,0,0,1
0,0,772,1,input,937,0,0,0,0,-1
0,0,773,1,input,938,0,0,0,0,-1
0,0,774,1,input,939,0,0,0,0,-1
0,0,775,1,input,941,0,0,0,0,-1
0,0,776,1,input,942,0,0,0,0,1
0,0,777,1,input,943,0,0,0,0,-1
0,0,778,1,input,944,0,0,0,0,-1
0,0,779,1,input,946,0,0,0,0,-1
0,0,780,1,input,947,0,0,0,0,-1
0,0,781,1,input,948,0,0,0,0,1
0,0,782,1,input,950,0,0,0,0,-1
0,0,783,1,input,951,0,0,0,0,1
0,0,784,1,input,952,0,0,0,0,1
0,0,785,1,input,953,0,0,0,0,1
0,0,786,1,input,954,0,0,0,0,-1
0,0,787,1,input,956,0,0,0,0,-1
0,0,788,1,input,958,0,0,0,0,-1
0,0,789,1,input,959,0,0,0,0,-1
0,0,790,1,input,960,0,0,0,0,-1
0,0,791,1,input,961,0,0,0,0,-1
0,0,792,1,input,962,0,0,0,0,-1
0,0,793,1,input,963,0,0,0,0,1
0,0,794,1,input,964,0,0,0,0,-1
0,0,795,1,input,965,0,0,0,0,-1
0,0,796,1,input,966,0,0,0,0,-1
0,0,797,1,input,967,0,0,0,0,-1
0,0,798,1,input,968,0,0,0,0,-1
0,0,799,1,input,969,0,0,0,0,-1
0,0,800,1,input,970,0,0,0,0,-1
0,0,801,1,input,971,0,0,0,0,1
0,0,802,1,input,972,0,0,0,0,-1
0,0,803,1,input,973,0,0,0,0,-1
0,0,804,1,input,974,0,0,0,0,1
0,0,805,1,input,975,0,0,0,0,-1
0,0,806,1,input,977,0,0,0,0,-1
0,0,807,1,input,978,0,0,0,0,-1
0,0,808,1,input,979,0,0,0,0,-1
0,0,809,1,input,980,0,0,0,0,-1
0,0,810,1,input,981,0,0,0,0,-1
0,0,811,1,input,982,0,0,0,0,-1
0,0,812,1,input,983,0,0,0,0,-1
0,0,813,1,input,984,0,0,0,0,-1
0,0,814,1,input,985,0,0,0,0,-1
0,0,815,1,input,986,0,0,0,0,-1
0,0,816,1,input,987,0,0,0,0,-1
0,0,817,1,input,988,0,0,0,0,-1
0,0,818,1,input,989,0,0,0,0,-1
0,0,819,1,input,990,0,0,0,0,-1
0,0,820,1,input,991,0,0,0,0,-1
0,0,821,1,input,992,0,0,0,0,-1
0,0,822,1,input,993,0,0,0,0,-1
0,0,823,1,input,994,0,0,0,0,-1
0,0,824,1,input,996,0,0,0,0,1
0,0,825,1,input,997,0,0,0,0,-1
0,0,826,1,input,998,0,0,0,0,-1
0,0,827,1,input,999,0,0,0,0,-1
0,0,828,1,input,1000,0,0,0,0,-1
0,0,829,1,input,1001,0,0,0,0,-1
0,0,830,1,input,1002,0,0,0,0,-1
0,0,831,1,input,1003,0,0,0,0,-1
0,0,832,1,input,1004,0,0,0,0,-1
0,0,833,1,input,1005,0,0,0,0,-1
0,0,834,1,input,1008,0,0,0,0,-1
0,0,835,1,input,1009,0,0,0,0,1
0,0,836,1,input,1010,0,0,0,0,-1
0,0,837,1,input,1011,0,0,0,0,-1
0,0,838,1,input,1012,0,0,0,0,1
0,0,839,1,input,1013,0,0,0,0,-1
0,0,840,1,input,1014,0,0,0,0,-1
0,0,841,1,input,1015,0,0,0,0,1
0,0,842,1,input,1016,0,0,0,0,-1
0,0,843,1,input,1017,0,0,0,0,-1
0,0,844,1,input,1018,0,0,0,0,-1
0,0,845,1,input,1021,0,0,0,0,-1
0,0,846,1,input,1022,0,0,0,0,-1
0,0,847,1,input,1024,0,0,0,0,-1
0,0,848,1,input,1026,0,0,0,0,1
0,0,849,1,input,1027,0,0,0,0,-1
0,0,850,1,input,1028,0,0,0,0,1
0,0,851,1,input,1029,0,0,0,0,1
0,0,852,1,input,1030,0,0,0,0,1
0,0,853,1,input,1031,0,0,0,0,-1
0,0,854,1,input,1032,0,0,0,0,1
0,0,855,1,input,1033,0,0,0,0,-1
0,0,856,1,input,1034,0,0,0,0,-1
0,0,857,1,input,1035,0,0,0,0,1
0,0,858,1,input,1036,0,0,0,0,-1
0,0,859,1,input,1037,0,0,0,0,1
0,0,860,1,input,1038,0,0,0,0,-1
0,0,861,1,input,1039,0,0,0,0,-1
0,0,862,1,input,1040,0,0,0,0,-1
0,0,863,1,input,1042,0,0,0,0,-1
0,0,864,1,input,1043,0,0,0,0,-1
0,0,865,1,input,1044,0,0,0,0,-1
0,0,866,1,input,1045,0,0,0,0,-1
0,0,867,1,input,1046,0,0,0,0,-1
0,0,868,1,input,1048,0,0,0,0,1
0,0,869,1,input,1049,0,0,0,0,-1
0,0,870,1,input,1050,0,0,0,0,-1
0,0,871,1,input,1052,0,0,0,0,-1
0,0,872,1,input,1053,0,0,0,0,1
0,0,873,1,input,1054,0,0,0,0,-1
0,0,874,1,input,1055,0,0,0,0,-1
0,0,875,1,input,1056,0,0,0,0,1
0,0,876,1,input,1057,0,0,0,0,-1
0,0,877,1,input,1058,0,0,0,0,-1
0,0,878,1,input,1059,0,0,0,0,-1
0,0,879,1,input,1063,0,0,0,0,1
0,0,880,1,input,1064,0,0,0,0,1
0,0,881,1,input,1065,0,0,0,0,-1
0,0,882,1,input,1066,0,0,0,0,1
0,0,883,1,input,1067,0,0,0,0,-1
0,0,884,1,input,1068,0,0,0,0,-1
0,0,885,1,input,1071,0,0,0,0,-1
0,0,886,1,input,1072,0,0,0,0,-1
0,0,887,1,input,1073,0,0,0,0,1
0,0,888,1,input,1074,0,0,0,0,-1
0,0,889,1,input,1075,0,0,0,0,-1
0,0,890,1,input,1077,0,0,0,0,-1
0,0,891,1,input,1078,0,0,0,0,-1
0,0,892,1,input,1079,0,0,0,0,1
0,0,893,1,input,1083,0,0,0,0,-1
0,0,894,1,input,1084,0,0,0,0,-1
0,0,895,1,input,1085,0,0,0,0,-1
0,0,896,1,input,1086,0,0,0,0,-1
0,0,897,1,input,1087,0,0,0,0,-1
0,0,898,1,input,1088,0,0,0,0,-1
0,0,899,1,input,1089,0,0,0,0,-1
0,0,900,1,input,1090,0,0,0,0,-1
0,0,901,1,input,1091,0,0,0,0,-1
0,0,902,1,input,1092,0,0,0,0,-1
0,0,903,1,input,1093,0,0,0,0,-1
0,0,904,1,input,1094,0,0,0,0,-1
0,0,905,1,input,1096,0,0,0,0,1
0,0,906,1,input,1097,0,0,0,0,-1
0,0,907,1,input,1098,0,0,0,0,-1
0,0,908,1,input,1099,0,0,0,0,1
0,0,909,1,input,1100,0,0,0,0,-1
0,0,910,1,input,1102,0,0,0,0,-1
0,0,911,1,input,1104,0,0,0,0,1
0,0,912,1,input,1107,0,0,0,0,-1
0,0,913,1,input,1108,0,0,0,0,1
0,0,914,1,input,1109,0,0,0,0,-1
0,0,915,1,input,1110,0,0,0,0,-1
0,0,916,1,input,1111,0,0,0,0,-1
0,0,917,1,input,1112,0,0,0,0,1
0,0,918,1,input,1113,0,0,0,0,-1
0,0,919,1,input,1114,0,0,0,0,-1
0,0,920,1,input,1115,0,0,0,0,1
0,0,921,1,input,1116,0,0,0,0,-1
0,0,922,1,input,1117,0,0,0,0,-1
0,0,923,1,input,1118,0,0,0,0,-1
0,0,924,1,input,1119,0,0,0,0,-1
0,0,925,1,input,1120,0,0,0,0,-1
0,0,926,1,input,1121,0,0,0,0,-1
0,0,927,1,input,1122,0,0,0,0,-1
0,0,928,1,input,1123,0,0,0,0,-1
0,0,929,1,input,1124,0,0,0,0,-1
0,0,930,1,input,1125,0,0,0,0,1
0,0,931,1,input,1126,0,0,0,0,-1
0,0,932,1,input,1127,0,0,0,0,1
0,0,933,1,input,1128,0,0,0,0,1
0,0,934,1,input,1129,0,0,0,0,-1
0,0,935,1,input,1130,0,0,0,0,1
0,0,936,1,input,1131,0,0,0,0,-1
0,0,937,1,input,1132,0,0,0,0,1
0,0,938,1,input,1133,0,0,0,0,-1
0,0,939,1,input,1134,0,0,0,0,-1
0,0,940,1,input,1135,0,0,0,0,-1
0,0,941,1,input,1136,0,0,0,0,-1
0,0,942,1,input,1137,0,0,0,0,-1
0,0,943,1,input,1138,0,0,0,0,-1
0,0,944,1,input,1141,0,0,0,0,-1
0,0,945,1,input,1142,0,0,0,0,-1
0,0,946,1,input,1143,0,0,0,0,-1
0,0,947,1,input,1145,0,0,0,0,-1
0,0,948,1,input,1147,0,0,0,0,-1
0,0,949,1,input,1148,0,0,0,0,-1
0,0,950,1,input,1149,0,0,0,0,1
0,0,951,1,input,1150,0,0,0,0,1
0,0,952,1,input,1151,0,0,0,0,1
0,0,953,1,input,1152,0,0,0,0,-1
0,0,954,1,input,1153,0,0,0,0,1
0,0,955,1,input,1154,0,0,0,0,1
0,0,956,1,input,1155,0,0,0,0,-1
0,0,957,1,input,1156,0,0,0,0,-1
0,0,958,1,input,1157,0,0,0,0,1
0,0,959,1,input,1158,0,0,0,0,1
0,0,960,1,input,1159,0,0,0,0,-1
0,0,961,1,input,1161,0,0,0,0,-1
0,0,962,1,input,1162,0,0,0,0,-1
0,0,963,1,input,1165,0,0,0,0,1
0,0,964,1,input,1166,0,0,0,0,-1
0,0,965,1,input,1168,0,0,0,0,-1
0,0,966,1,input,1169,0,0,0,0,1
0,0,967,1,input,1170,0,0,0,0,-1
0,0,968,1,input,1171,0,0,0,0,-1
0,0,969,1,input,1173,0,0,0,0,-1
0,0,970,1,input,1174,0,0,0,0,-1
0,0,971,1,input,1175,0,0,0,0,1
0,0,972,1,input,1177,0,0,0,0,-1
0,0,973,1,input,1178,0,0,0,0,-1
0,0,974,1,input,1179,0,0,0,0,-1
0,0,975,1,input,1180,0,0,0,0,-1
0,0,976,1,input,1182,0,0,0,0,-1
0,0,977,1,input,1183,0,0,0,0,-1
0,0,978,1,input,1184,0,0,0,0,-1
0,0,979,1,input,1185,0,0,0,0,-1
0,0,980,1,input,1187,0,0,0,0,-1
0,0,981,1,input,1188,0,0,0,0,1
0,0,982,1,input,1189,0,0,0,0,-1
0,0,983,1,input,1190,0,0,0,0,-1
0,0,984,1,input,1191,0,0,0,0,1
0,0,985,1,input,1193,0,0,0,0,-1
0,0,986,1,input,1194,0,0,0,0,1
0,0,987,1,input,1195,0,0,0,0,-1
0,0,988,1,input,1197,0,0,0,0,1
0,0,989,1,input,1198,0,0,0,0,-1
0,0,990,1,input,1199,0,0,0,0,-1
0,0,991,1,input,1200,0,0,0,0,-1
0,0,992,1,input,1202,0,0,0,0,-1
0,0,993,1,input,1204,0,0,0,0,1
0,0,994,1,input,1205,0,0,0,0,-1
0,0,995,1,input,1206,0,0,0,0,-1
0,0,996,1,input,1207,0,0,0,0,1
0,0,997,1,input,1208,0,0,0,0,-1
0,0,998,1,input,1209,0,0,0,0,-1
0,0,999,1,input,1210,0,0,0,0,-1
0,0,1000,1,input,1211,0,0,0,0,-1
0,0,1001,1,input,1212,0,0,0,0,-1
0,0,1002,1,input,1213,0,0,0,0,-1
0,0,1003,1,input,1214,0,0,0,0,-1
0,0,1004,1,input,1215,0,0,0,0,-1
0,0,1005,1,input,1216,0,0,0,0,-1
0,0,1006,1,input,1217,0,0,0,0,-1
0,0,1007,1,input,1218,0,0,0,0,-1
0,0,1008,1,input,1220,0,0,0,0,-1
0,0,1009,1,input,1221,0,0,0,0,-1
0,0,1010,1,input,1222,0,0,0,0,-1
0,0,1011,1,input,1223,0,0,0,0,-1
0,0,1012,1,input,1224,0,0,0,0,-1
0,0,1013,1,input,1225,0,0,0,0,-1
0,0,1014,1,input,1226,0,0,0,0,-1
0,0,1015,1,input,1228,0,0,0,0,-1
0,0,1016,1,input,1229,0,0,0,0,-1
0,0,1017,1,input,1230,0,0,0,0,-1
0,0,1018,1,input,1231,0,0,0,0,-1
0,0,1019,1,input,1232,0,0,0,0,-1
0,0,1020,1,input,1233,0,0,0,0,-1
0,0,1021,1,input,1234,0,0,0,0,-1
0,0,1022,1,input,1236,0,0,0,0,1
0,0,1023,1,input,1237,0,0,0,0,-1
0,0,1024,1,input,1238,0,0,0,0,-1
0,0,1025,1,input,1239,0,0,0,0,-1
0,0,1026,1,input,1241,0,0,0,0,-1
0,0,1027,1,input,1242,0,0,0,0,-1
0,0,1028,1,input,1244,0,0,0,0,-1
0,0,1029,1,input,1245,0,0,0,0,-1
0,0,1030,1,input,1246,0,0,0,0,-1
0,0,1031,1,input,1247,0,0,0,0,-1
0,0,1032,1,input,1248,0,0,0,0,-1
0,0,1033,1,input,1249,0,0,0,0,-1
0,0,1034,1,input,1251,0,0,0,0,1
0,0,1035,1,input,1252,0,0,0,0,-1
0,0,1036,1,input,1253,0,0,0,0,-1
0,0,1037,1,input,1254,0,0,0,0,-1
0,0,1038,1,input,1255,0,0,0,0,1
0,0,1039,1,input,1256,0,0,0,0,-1
0,0,1040,1,input,1257,0,0,0,0,1
0,0,1041,1,input,1258,0,0,0,0,-1
0,0,1042,1,input,1259,0,0,0,0,-1
0,0,1043,1,input,1261,0,0,0,0,-1
0,0,1044,1,input,1262,0,0,0,0,-1
0,0,1045,1,input,1263,0,0,0,0,-1
0,0,1046,1,input,1264,0,0,0,0,-1
0,0,1047,1,input,1266,0,0,0,0,1
0,0,1048,1,input,1267,0,0,0,0,1
0,0,1049,1,input,1268,0,0,0,0,1
0,0,1050,1,input,1269,0,0,0,0,-1
0,0,1051,1,input,1270,0,0,0,0,-1
0,0,1052,1,input,1271,0,0,0,0,-1
0,0,1053,1,input,1273,0,0,0,0,-1
0,0,1054,1,input,1275,0,0,0,0,-1
0,0,1055,1,input,1278,0,0,0,0,1
0,0,1056,1,input,1279,0,0,0,0,1
0,0,1057,1,input,1280,0,0,0,0,-1
0,0,1058,1,input,1282,0,0,0,0,1
0,0,1059,1,input,1283,0,0,0,0,-1
0,0,1060,1,input,1285,0,0,0,0,-1
0,0,1061,1,input,1287,0,0,0,0,-1
0,0,1062,1,input,1288,0,0,0,0,1
0,0,1063,1,input,1289,0,0,0,0,-1
0,0,1064,1,input,1292,0,0,0,0,1
0,0,1065,1,input,1293,0,0,0,0,1
0,0,1066,1,input,1294,0,0,0,0,-1
0,0,1067,1,input,1295,0,0,0,0,-1
0,0,1068,1,input,1297,0,0,0,0,1
0,0,1069,1,input,1298,0,0,0,0,-1
0,0,1070,1,input,1299,0,0,0,0,-1
0,0,1071,1,input,1300,0,0,0,0,-1
0,0,1072,1,input,1301,0,0,0,0,-1
0,0,1073,1,input,1302,0,0,0,0,-1
0,0,1074,1,input,1303,0,0,0,0,1
0,0,1075,1,input,1304,0,0,0,0,1
0,0,1076,1,input,1305,0,0,0,0,-1
0,0,1077,1,input,1307,0,0,0,0,-1
0,0,1078,1,input,1308,0,0,0,0,-1
0,0,1079,1,input,1309,0,0,0,0,-1
0,0,1080,1,input,1310,0,0,0,0,-1
0,0,1081,1,input,1312,0,0,0,0,-1
0,0,1082,1,input,1313,0,0,0,0,-1
0,0,1083,1,input,1314,0,0,0,0,-1
0,0,1084,1,input,1315,0,0,0,0,-1
0,0,1085,1,input,1317,0,0,0,0,-1
0,0,1086,1,input,1318,0,0,0,0,-1
0,0,1087,1,input,1321,0,0,0,0,-1
0,0,1088,1,input,1322,0,0,0,0,-1
0,0,1089,1,input,1323,0,0,0,0,-1
0,0,1090,1,input,1324,0,0,0,0,1
0,0,1091,1,input,1325,0,0,0,0,1
0,0,1092,1,input,1326,0,0,0,0,-1
0,0,1093,1,input,1328,0,0,0,0,-1
0,0,1094,1,input,1329,0,0,0,0,-1
0,0,1095,1,input,1330,0,0,0,0,-1
0,0,1096,1,input,1332,0,0,0,0,1
0,0,1097,1,input,1333,0,0,0,0,-1
0,0,1098,1,input,1334,0,0,0,0,-1
0,0,1099,1,input,1335,0,0,0,0,1
0,0,1100,1,input,1336,0,0,0,0,-1
0,0,1101,1,input,1337,0,0,0,0,-1
0,0,1102,1,input,1338,0,0,0,0,-1
0,0,1103,1,input,1339,0,0,0,0,-1
0,0,1104,1,input,1341,0,0,0,0,-1
0,0,1105,1,input,1342,0,0,0,0,-1
0,0,1106,1,input,1343,0,0,0,0,-1
0,0,1107,1,input,1344,0,0,0,0,-1
0,0,1108,1,input,1345,0,0,0,0,-1
0,0,1109,1,input,1346,0,0,0,0,-1
0,0,1110,1,input,1347,0,0,0,0,1
0,0,1111,1,input,1349,0,0,0,0,1
0,0,1112,1,input,1350,0,0,0,0,-1
0,0,1113,1,input,1352,0,0,0,0,-1
0,0,1114,1,input,1353,0,0,0,0,-1
0,0,1115,1,input,1354,0,0,0,0,-1
0,0,1116,1,input,1355,0,0,0,0,1
0,0,1117,1,input,1356,0,0,0,0,-1
0,0,1118,1,input,1357,0,0,0,0,-1
0,0,1119,1,input,1358,0,0,0,0,-1
0,0,1120,1,input,1359,0,0,0,0,1
0,0,1121,1,input,1360,0,0,0,0,-1
0,0,1122,1,input,1361,0,0,0,0,-1
0,0,1123,1,input,1362,0,0,0,0,-1
0,0,1124,1,input,1367,0,0,0,0,-1
0,0,1125,1,input,1368,0,0,0,0,1
0,0,1126,1,input,1369,0,0,0,0,-1
0,0,1127,1,input,1371,0,0,0,0,1
0,0,1128,1,input,1372,0,0,0,0,-1
0,0,1129,1,input,1373,0,0,0,0,-1
0,0,1130,1,input,1375,0,0,0,0,-1
0,0,1131,1,input,1376,0,0,0,0,-1
0,0,1132,1,input,1377,0,0,0,0,-1
0,0,1133,1,input,1378,0,0,0,0,-1
0,0,1134,1,input,1380,0,0,0,0,-1
0,0,1135,1,input,1381,0,0,0,0,1
0,0,1136,1,input,1382,0,0,0,0,-1
0,0,1137,1,input,1385,0,0,0,0,1
0,0,1138,1,input,1386,0,0,0,0,-1
0,0,1139,1,input,1388,0,0,0,0,1
0,0,1140,1,input,1389,0,0,0,0,-1
0,0,1141,1,input,1390,0,0,0,0,-1
0,0,1142,1,input,1391,0,0,0,0,-1
0,0,1143,1,input,1392,0,0,0,0,-1
0,0,1144,1,input,1394,0,0,0,0,1
0,0,1145,1,input,1395,0,0,0,0,1
0,0,1146,1,input,1396,0,0,0,0,1
0,0,1147,1,input,1397,0,0,0,0,-1
0,0,1148,1,input,1399,0,0,0,0,-1
0,0,1149,1,input,1400,0,0,0,0,-1
0,0,1150,1,input,1402,0,0,0,0,1
0,0,1151,1,input,1403,0,0,0,0,-1
0,0,1152,1,input,1404,0,0,0,0,-1
0,0,1153,1,input,1405,0,0,0,0,-1
0,0,1154,1,input,1406,0,0,0,0,1
0,0,1155,1,input,1407,0,0,0,0,1
0,0,1156,1,input,1408,0,0,0,0,-1
0,0,1157,1,input,1410,0,0,0,0,1
0,0,1158,1,input,1412,0,0,0,0,-1
0,0,1159,1,input,1413,0,0,0,0,-1
0,0,1160,1,input,1415,0,0,0,0,-1
0,0,1161,1,input,1416,0,0,0,0,-1
0,0,1162,1,input,1417,0,0,0,0,-1
0,0,1163,1,input,1418,0,0,0,0,-1
0,0,1164,1,input,1420,0,0,0,0,-1
0,0,1165,1,input,1422,0,0,0,0,-1
0,0,1166,1,input,1423,0,0,0,0,-1
0,0,1167,1,input,1424,0,0,0,0,1
0,0,1168,1,input,1425,0,0,0,0,1
0,0,1169,1,input,1426,0,0,0,0,-1
0,0,1170,1,input,1427,0,0,0,0,-1
0,0,1171,1,input,1428,0,0,0,0,-1
0,0,1172,1,input,1429,0,0,0,0,-1
0,0,1173,1,input,1430,0,0,0,0,-1
0,0,1174,1,input,1431,0,0,0,0,1
0,0,1175,1,input,1433,0,0,0,0,-1
0,0,1176,1,input,1434,0,0,0,0,-1
0,0,1177,1,input,1436,0,0,0,0,-1
0,0,1178,1,input,1437,0,0,0,0,-1
0,0,1179,1,input,1438,0,0,0,0,-1
0,0,1180,1,input,1441,0,0,0,0,-1
0,0,1181,1,input,1443,0,0,0,0,-1
0,0,1182,1,input,1445,0,0,0,0,-1
0,0,1183,1,input,1446,0,0,0,0,-1
0,0,1184,1,input,1447,0,0,0,0,1
0,0,1185,1,input,1448,0,0,0,0,-1
0,0,1186,1,input,1450,0,0,0,0,-1
0,0,1187,1,input,1451,0,0,0,0,-1
0,0,1188,1,input,1452,0,0,0,0,-1
0,0,1189,1,input,1453,0,0,0,0,1
0,0,1190,1,input,1454,0,0,0,0,-1
0,0,1191,1,input,1456,0,0,0,0,-1
0,0,1192,1,input,1457,0,0,0,0,-1
0,0,1193,1,input,1458,0,0,0,0,-1
0,0,1194,1,input,1460,0,0,0,0,1
0,0,1195,1,input,1461,0,0,0,0,-1
0,0,1196,1,input,1462,0,0,0,0,-1
0,0,1197,1,input,1463,0,0,0,0,-1
0,0,1198,1,input,1465,0,0,0,0,1
0,0,1199,1,input,1466,0,0,0,0,-1
0,0,1200,1,input,1467,0,0,0,0,-1
0,0,1201,1,input,1468,0,0,0,0,-1
0,0,1202,1,input,1469,0,0,0,0,-1
0,0,1203,1,input,1471,0,0,0,0,-1
0,0,1204,1,input,1472,0,0,0,0,-1
0,0,1205,1,input,1473,0,0,0,0,-1
0,0,1206,1,input,1474,0,0,0,0,-1
0,0,1207,1,input,1475,0,0,0,0,1
0,0,1208,1,input,1476,0,0,0,0,-1
0,0,1209,1,input,1477,0,0,0,0,-1
0,0,1210,1,input,1478,0,0,0,0,-1
0,0,1211,1,input,1479,0,0,0,0,1
0,0,1212,1,input,1480,0,0,0,0,1
0,0,1213,1,input,1481,0,0,0,0,-1
0,0,1214,1,input,1482,0,0,0,0,-1
0,0,1215,1,input,1483,0,0,0,0,-1
0,0,1216,1,input,1484,0,0,0,0,1
0,0,1217,1,input,1485,0,0,0,0,-1
0,0,1218,1,input,1486,0,0,0,0,-1
0,0,1219,1,input,1488,0,0,0,0,1
0,0,1220,1,input,1489,0,0,0,0,-1
0,0,1221,1,input,1491,0,0,0,0,-1
0,0,1222,1,input,1492,0,0,0,0,1
0,0,1223,1,input,1493,0,0,0,0,-1
0,0,1224,1,input,1494,0,0,0,0,-1
0,0,1225,1,input,1495,0,0,0,0,-1
0,0,1226,1,input,1496,0,0,0,0,1
0,0,1227,1,input,1497,0,0,0,0,-1
0,0,1228,1,input,1501,0,0,0,0,-1
0,0,1229,1,input,1502,0,0,0,0,-1
0,0,1230,1,input,1503,0,0,0,0,1
0,0,1231,1,input,1505,0,0,0,0,-1
0,0,1232,1,input,1506,0,0,0,0,-1
0,0,1233,1,input,1507,0,0,0,0,1
0,0,1234,1,input,1508,0,0,0,0,1
0,0,1235,1,input,1509,0,0,0,0,-1
0,0,1236,1,input,1510,0,0,0,0,-1
0,0,1237,1,input,1511,0,0,0,0,-1
0,0,1238,1,input,1512,0,0,0,0,1
0,0,1239,1,input,1513,0,0,0,0,-1
0,0,1240,1,input,1514,0,0,0,0,-1
0,0,1241,1,input,1516,0,0,0,0,-1
0,0,1242,1,input,1517,0,0,0,0,-1
0,0,1243,1,input,1518,0,0,0,0,-1
0,0,1244,1,input,1519,0,0,0,0,-1
0,0,1245,1,input,1520,0,0,0,0,-1
0,0,1246,1,input,1523,0,0,0,0,1
0,0,1247,1,input,1525,0,0,0,0,-1
0,0,1248,1,input,1526,0,0,0,0,-1
0,0,1249,1,input,1527,0,0,0,0,-1
0,0,1250,1,input,1528,0,0,0,0,-1
0,0,1251,1,input,1529,0,0,0,0,-1
0,0,1252,1,input,1530,0,0,0,0,1
0,0,1253,1,input,1531,0,0,0,0,-1
0,0,1254,1,input,1532,0,0,0,0,1
0,0,1255,1,input,1533,0,0,0,0,-1
0,0,1256,1,input,1535,0,0,0,0,1
0,0,1257,1,input,1536,0,0,0,0,-1
0,0,1258,1,input,1538,0,0,0,0,1
0,0,1259,1,input,1540,0,0,0,0,-1
0,0,1260,1,input,1543,0,0,0,0,-1
0,0,1261,1,input,1544,0,0,0,0,1
0,0,1262,1,input,1545,0,0,0,0,-1
0,0,1263,1,input,1547,0,0,0,0,-1
0,0,1264,1,input,1548,0,0,0,0,1
0,0,1265,1,input,1549,0,0,0,0,-1
0,0,1266,1,input,1551,0,0,0,0,-1
0,0,1267,1,input,1552,0,0,0,0,-1
0,0,1268,1,input,1554,0,0,0,0,-1
0,0,1269,1,input,1555,0,0,0,0,-1
0,0,1270,1,input,1556,0,0,0,0,-1
0,0,1271,1,input,1558,0,0,0,0,-1
0,0,1272,1,input,1559,0,0,0,0,1
0,0,1273,1,input,1560,0,0,0,0,1
0,0,1274,1,input,1561,0,0,0,0,-1
0,0,1275,1,input,1563,0,0,0,0,-1
0,0,1276,1,input,1564,0,0,0,0,-1
0,0,1277,1,input,1565,0,0,0,0,-1
0,0,1278,1,input,1566,0,0,0,0,-1
0,0,1279,1,input,1567,0,0,0,0,-1
0,0,1280,1,input,1568,0,0,0,0,-1
0,0,1281,1,input,1569,0,0,0,0,-1
0,0,1282,1,input,1571,0,0,0,0,-1
0,0,1283,1,input,1572,0,0,0,0,1
0,0,1284,1,input,1573,0,0,0,0,-1
0,0,1285,1,input,1574,0,0,0,0,-1
0,0,1286,1,input,1576,0,0,0,0,-1
0,0,1287,1,input,1579,0,0,0,0,-1
0,0,1288,1,input,1580,0,0,0,0,-1
0,0,1289,1,input,1581,0,0,0,0,1
0,0,1290,1,input,1583,0,0,0,0,1
0,0,1291,1,input,1584,0,0,0,0,-1
0,0,1292,1,input,1585,0,0,0,0,-1
0,0,1293,1,input,1586,0,0,0,0,-1
0,0,1294,1,input,1590,0,0,0,0,-1
0,0,1295,1,input,1591,0,0,0,0,-1
0,0,1296,1,input,1592,0,0,0,0,-1
0,0,1297,1,input,1593,0,0,0,0,1
0,0,1298,1,input,1596,0,0,0,0,-1
0,0,1299,1,input,1597,0,0,0,0,-1
0,0,1300,1,input,1598,0,0,0,0,-1
0,0,1301,1,input,1599,0,0,0,0,-1
0,0,1302,1,input,1600,0,0,0,0,-1
0,0,1303,1,input,1601,0,0,0,0,-1
0,0,1304,1,input,1603,0,0,0,0,1
0,0,1305,1,input,1604,0,0,0,0,-1
0,0,1306,1,input,1605,0,0,0,0,-1
0,0,1307,1,input,1606,0,0,0,0,-1
0,0,1308,1,input,1607,0,0,0,0,-1
0,0,1309,1,input,1608,0,0,0,0,1
0,0,1310,1,input,1609,0,0,0,0,-1
0,0,1311,1,input,1610,0,0,0,0,-1
0,0,1312,1,input,1611,0,0,0,0,-1
0,0,1313,1,input,1613,0,0,0,0,-1
0,0,1314,1,input,1614,0,0,0,0,-1
0,0,1315,1,input,1615,0,0,0,0,-1
0,0,1316,1,input,1617,0,0,0,0,-1
0,0,1317,1,input,1618,0,0,0,0,-1
0,0,1318,1,input,1619,0,0,0,0,-1
0,0,1319,1,input,1620,0,0,0,0,-1
0,0,1320,1,input,1621,0,0,0,0,-1
0,0,1321,1,input,1623,0,0,0,0,-1
0,0,1322,1,input,1624,0,0,0,0,-1
0,0,1323,1,input,1625,0,0,0,0,1
0,0,1324,1,input,1626,0,0,0,0,-1
0,0,1325,1,input,1627,0,0,0,0,-1
0,0,1326,1,input,1628,0,0,0,0,-1
0,0,1327,1,input,1629,0,0,0,0,-1
0,0,1328,1,input,1630,0,0,0,0,-1
0,0,1329,1,input,1631,0,0,0,0,-1
0,0,1330,1,input,1632,0,0,0,0,-1
0,0,1331,1,input,1633,0,0,0,0,-1
0,0,1332,1,input,1635,0,0,0,0,-1
0,0,1333,1,input,1637,0,0,0,0,-1
0,0,1334,1,input,1638,0,0,0,0,-1
0,0,1335,1,input,1639,0,0,0,0,-1
0,0,1336,1,input,1641,0,0,0,0,-1
0,0,1337,1,input,1642,0,0,0,0,-1
0,0,1338,1,input,1644,0,0,0,0,-1
0,0,1339,1,input,1645,0,0,0,0,-1
0,0,1340,1,input,1646,0,0,0,0,-1
0,0,1341,1,input,1647,0,0,0,0,-1
0,0,1342,1,input,1648,0,0,0,0,-1
0,0,1343,1,input,1649,0,0,0,0,-1
0,0,1344,1,input,1650,0,0,0,0,-1
0,0,1345,1,input,1651,0,0,0,0,-1
0,0,1346,1,input,1653,0,0,0,0,-1
0,0,1347,1,input,1654,0,0,0,0,-1
0,0,1348,1,input,1655,0,0,0,0,-1
0,0,1349,1,input,1656,0,0,0,0,-1
0,0,1350,1,input,1657,0,0,0,0,-1
0,0,1351,1,input,1658,0,0,0,0,-1
0,0,1352,1,input,1659,0,0,0,0,-1
0,0,1353,1,input,1660,0,0,0,0,-1
0,0,1354,1,input,1661,0,0,0,0,-1
0,0,1355,1,input,1662,0,0,0,0,-1
0,0,1356,1,input,1663,0,0,0,0,-1
0,0,1357,1,input,1664,0,0,0,0,-1
0,0,1358,1,input,1665,0,0,0,0,-1
0,0,1359,1,input,1666,0,0,0,0,1
0,0,1360,1,input,1667,0,0,0,0,-1
0,0,1361,1,input,1668,0,0,0,0,-1
0,0,1362,1,input,1669,0,0,0,0,-1
0,0,1363,1,input,1670,0,0,0,0,1
0,0,1364,1,input,1671,0,0,0,0,-1
0,0,1365,1,input,1672,0,0,0,0,-1
0,0,1366,1,input,1673,0,0,0,0,-1
0,0,1367,1,input,1674,0,0,0,0,-1
0,0,1368,1,input,1676,0,0,0,0,-1
0,0,1369,1,input,1677,0,0,0,0,-1
0,0,1370,1,input,1680,0,0,0,0,1
0,0,1371,1,input,1681,0,0,0,0,1
0,0,1372,1,input,1683,0,0,0,0,-1
0,0,1373,1,input,1685,0,0,0,0,-1
0,0,1374,1,input,1686,0,0,0,0,-1
0,0,1375,1,input,1687,0,0,0,0,1
0,0,1376,1,input,1690,0,0,0,0,-1
0,0,1377,1,input,1691,0,0,0,0,-1
0,0,1378,1,input,1692,0,0,0,0,-1
0,0,1379,1,input,1693,0,0,0,0,-1
0,0,1380,1,input,1695,0,0,0,0,-1
0,0,1381,1,input,1696,0,0,0,0,-1
0,0,1382,1,input,1697,0,0,0,0,-1
0,0,1383,1,input,1698,0,0,0,0,1
0,0,1384,1,input,1699,0,0,0,0,-1
0,0,1385,1,input,1700,0,0,0,0,-1
0,0,1386,1,input,1701,0,0,0,0,-1
0,0,1387,1,input,1702,0,0,0,0,-1
0,0,1388,1,input,1703,0,0,0,0,-1
0,0,1389,1,input,1704,0,0,0,0,-1
0,0,1390,1,input,1705,0,0,0,0,-1
0,0,1391,1,input,1706,0,0,0,0,-1
0,0,1392,1,input,1707,0,0,0,0,-1
0,0,1393,1,input,1708,0,0,0,0,-1
0,0,1394,1,input,1709,0,0,0,0,1
0,0,1395,1,input,1710,0,0,0,0,1
0,0,1396,1,input,1711,0,0,0,0,-1
0,0,1397,1,input,1712,0,0,0,0,-1
0,0,1398,1,input,1713,0,0,0,0,-1
0,0,1399,1,input,1714,0,0,0,0,-1
0,0,1400,1,input,1715,0,0,0,0,-1
0,0,1401,1,input,1716,0,0,0,0,-1
0,0,1402,1,input,1717,0,0,0,0,-1
0,0,1403,1,input,1718,0,0,0,0,-1
0,0,1404,1,input,1721,0,0,0,0,-1
0,0,1405,1,input,1722,0,0,0,0,-1
0,0,1406,1,input,1723,0,0,0,0,-1
0,0,1407,1,input,1724,0,0,0,0,-1
0,0,1408,1,input,1725,0,0,0,0,-1
0,0,1409,1,input,1726,0,0,0,0,-1
0,0,1410,1,input,1727,0,0,0,0,-1
0,0,1411,1,input,1728,0,0,0,0,-1
0,0,1412,1,input,1729,0,0,0,0,-1
0,0,1413,1,input,1730,0,0,0,0,-1
0,0,1414,1,input,1731,0,0,0,0,1
0,0,1415,1,input,1732,0,0,0,0,-1
0,0,1416,1,input,1733,0,0,0,0,-1
0,0,1417,1,input,1734,0,0,0,0,-1
0,0,1418,1,input,1735,0,0,0,0,1
0,0,1419,1,input,1737,0,0,0,0,-1
0,0,1420,1,input,1738,0,0,0,0,-1
0,0,1421,1,input,1739,0,0,0,0,-1
0,0,1422,1,input,1740,0,0,0,0,1
0,0,1423,1,input,1742,0,0,0,0,-1
0,0,1424,1,input,1743,0,0,0,0,-1
0,0,1425,1,input,1744,0,0,0,0,-1
0,0,1426,1,input,1745,0,0,0,0,-1
0,0,1427,1,input,1746,0,0,0,0,-1
0,0,1428,1,input,1748,0,0,0,0,-1
0,0,1429,1,input,1749,0,0,0,0,1
0,0,1430,1,input,1750,0,0,0,0,-1
0,0,1431,1,input,1751,0,0,0,0,-1
0,0,1432,1,input,1752,0,0,0,0,-1
0,0,1433,1,input,1753,0,0,0,0,-1
0,0,1434,1,input,1755,0,0,0,0,-1
0,0,1435,1,input,1756,0,0,0,0,-1
0,0,1436,1,input,1757,0,0,0,0,-1
0,0,1437,1,input,1758,0,0,0,0,-1
0,0,1438,1,input,1759,0,0,0,0,-1
0,0,1439,1,input,1760,0,0,0,0,-1
0,0,1440,1,input,1761,0,0,0,0,-1
0,0,1441,1,input,1762,0,0,0,0,-1
0,0,1442,1,input,1765,0,0,0,0,-1
0,0,1443,1,input,1766,0,0,0,0,-1
0,0,1444,1,input,1767,0,0,0,0,-1
0,0,1445,1,input,1768,0,0,0,0,-1
0,0,1446,1,input,1769,0,0,0,0,-1
0,0,1447,1,input,1770,0,0,0,0,-1
0,0,1448,1,input,1771,0,0,0,0,1
0,0,1449,1,input,1772,0,0,0,0,-1
0,0,1450,1,input,1773,0,0,0,0,-1
0,0,1451,1,input,1775,0,0,0,0,-1
0,0,1452,1,input,1776,0,0,0,0,-1
0,0,1453,1,input,1778,0,0,0,0,-1
0,0,1454,1,input,1779,0,0,0,0,-1
0,0,1455,1,input,1780,0,0,0,0,-1
0,0,1456,1,input,1781,0,0,0,0,-1
0,0,1457,1,input,1782,0,0,0,0,-1
0,0,1458,1,input,1784,0,0,0,0,-1
0,0,1459,1,input,1786,0,0,0,0,-1
0,0,1460,1,input,1787,0,0,0,0,-1
0,0,1461,1,input,1788,0,0,0,0,-1
0,0,1462,1,input,1789,0,0,0,0,-1
0,0,1463,1,input,1790,0,0,0,0,-1
0,0,1464,1,input,1792,0,0,0,0,-1
0,0,1465,1,input,1795,0,0,0,0,-1
0,0,1466,1,input,1796,0,0,0,0,-1
0,0,1467,1,input,1797,0,0,0,0,-1
0,0,1468,1,input,1798,0,0,0,0,1
0,0,1469,1,input,1799,0,0,0,0,-1
0,0,1470,1,input,1800,0,0,0,0,-1
0,0,1471,1,input,1801,0,0,0,0,-1
0,0,1472,1,input,1803,0,0,0,0,1
0,0,1473,1,input,1804,0,0,0,0,-1
0,0,1474,1,input,1805,0,0,0,0,-1
0,0,1475,1,input,1806,0,0,0,0,-1
0,0,1476,1,input,1807,0,0,0,0,-1
0,0,1477,1,input,1808,0,0,0,0,1
0,0,1478,1,input,1809,0,0,0,0,1
0,0,1479,1,input,1811,0,0,0,0,-1
0,0,1480,1,input,1812,0,0,0,0,-1
0,0,1481,1,input,1813,0,0,0,0,-1
0,0,1482,1,input,1814,0,0,0,0,-1
0,0,1483,1,input,1815,0,0,0,0,1
0,0,1484,1,input,1816,0,0,0,0,1
0,0,1485,1,input,1818,0,0,0,0,-1
0,0,1486,1,input,1819,0,0,0,0,-1
0,0,1487,1,input,1820,0,0,0,0,-1
0,0,1488,1,input,1821,0,0,0,0,-1
0,0,1489,1,input,1822,0,0,0,0,-1
0,0,1490,1,input,1823,0,0,0,0,-1
0,0,1491,1,input,1825,0,0,0,0,-1
0,0,1492,1,input,1826,0,0,0,0,1
0,0,1493,1,input,1827,0,0,0,0,-1
0,0,1494,1,input,1828,0,0,0,0,-1
0,0,1495,1,input,1829,0,0,0,0,-1
0,0,1496,1,input,1830,0,0,0,0,-1
0,0,1497,1,input,1831,0,0,0,0,1
0,0,1498,1,input,1832,0,0,0,0,-1
0,0,1499,1,input,1833,0,0,0,0,-1
0,0,1500,1,input,1835,0,0,0,0,-1
0,0,1501,1,input,1836,0,0,0,0,-1
0,0,1502,1,input,1838,0,0,0,0,1
0,0,1503,1,input,1839,0,0,0,0,-1
0,0,1504,1,input,1840,0,0,0,0,-1
0,0,1505,1,input,1841,0,0,0,0,-1
0,0,1506,1,input,1842,0,0,0,0,-1
0,0,1507,1,input,1843,0,0,0,0,-1
0,0,1508,1,input,1844,0,0,0,0,-1
0,0,1509,1,input,1845,0,0,0,0,-1
0,0,1510,1,input,1846,0,0,0,0,-1
0,0,1511,1,input,1848,0,0,0,0,1
0,0,1512,1,input,1849,0,0,0,0,-1
0,0,1513,1,input,1850,0,0,0,0,-1
0,0,1514,1,input,1851,0,0,0,0,-1
0,0,1515,1,input,1852,0,0,0,0,-1
0,0,1516,1,input,1854,0,0,0,0,-1
0,0,1517,1,input,1855,0,0,0,0,-1
0,0,1518,1,input,1856,0,0,0,0,-1
0,0,1519,1,input,1857,0,0,0,0,-1
0,0,1520,1,input,1858,0,0,0,0,-1
0,0,1521,1,input,1860,0,0,0,0,-1
0,0,1522,1,input,1861,0,0,0,0,-1
0,0,1523,1,input,1862,0,0,0,0,-1
0,0,1524,1,input,1863,0,0,0,0,1
0,0,1525,1,input,1864,0,0,0,0,1
0,0,1526,1,input,1865,0,0,0,0,-1
0,0,1527,1,input,1866,0,0,0,0,-1
0,0,1528,1,input,1868,0,0,0,0,-1
0,0,1529,1,input,1869,0,0,0,0,-1
0,0,1530,1,input,1870,0,0,0,0,-1
0,0,1531,1,input,1871,0,0,0,0,-1
0,0,1532,1,input,1872,0,0,0,0,-1
0,0,1533,1,input,1873,0,0,0,0,-1
0,0,1534,1,input,1874,0,0,0,0,-1
0,0,1535,1,input,1875,0,0,0,0,-1
0,0,1536,1,input,1876,0,0,0,0,-1
0,0,1537,1,input,1877,0,0,0,0,-1
0,0,1538,1,input,1878,0,0,0,0,-1
0,0,1539,1,input,1879,0,0,0,0,-1
0,0,1540,1,input,1881,0,0,0,0,-1
0,0,1541,1,input,1882,0,0,0,0,-1
0,0,1542,1,input,1883,0,0,0,0,-1
0,0,1543,1,input,1884,0,0,0,0,-1
0,0,1544,1,input,1885,0,0,0,0,-1
0,0,1545,1,input,1886,0,0,0,0,-1
0,0,1546,1,input,1887,0,0,0,0,-1
0,0,1547,1,input,1888,0,0,0,0,-1
0,0,1548,1,input,1889,0,0,0,0,-1
0,0,1549,1,input,1893,0,0,0,0,-1
0,0,1550,1,input,1896,0,0,0,0,-1
0,0,1551,1,input,1897,0,0,0,0,-1
0,0,1552,1,input,1898,0,0,0,0,-1
0,0,1553,1,input,1899,0,0,0,0,-1
0,0,1554,1,input,1900,0,0,0,0,-1
0,0,1555,1,input,1901,0,0,0,0,-1
0,0,1556,1,input,1902,0,0,0,0,-1
0,0,1557,1,input,1903,0,0,0,0,-1
0,0,1558,1,input,1904,0,0,0,0,-1
0,0,1559,1,input,1906,0,0,0,0,-1
0,0,1560,1,input,1907,0,0,0,0,-1
0,0,1561,1,input,1909,0,0,0,0,-1
0,0,1562,1,input,1910,0,0,0,0,-1
0,0,1563,1,input,1911,0,0,0,0,1
0,0,1564,1,input,1912,0,0,0,0,-1
0,0,1565,1,input,1913,0,0,0,0,-1
0,0,1566,1,input,1914,0,0,0,0,-1
0,0,1567,1,input,1915,0,0,0,0,-1
0,0,1568,1,input,1916,0,0,0,0,1
0,0,1569,1,input,1917,0,0,0,0,-1
0,0,1570,1,input,1918,0,0,0,0,-1
0,0,1571,1,input,1921,0,0,0,0,-1
0,0,1572,1,input,1922,0,0,0,0,-1
0,0,1573,1,input,1923,0,0,0,0,-1
0,0,1574,1,input,1924,0,0,0,0,1
0,0,1575,1,input,1925,0,0,0,0,-1
0,0,1576,1,input,1926,0,0,0,0,1
0,0,1577,1,input,1927,0,0,0,0,-1
0,0,1578,1,input,1928,0,0,0,0,-1
0,0,1579,1,input,1929,0,0,0,0,-1
0,0,1580,1,input,1931,0,0,0,0,1
0,0,1581,1,input,1932,0,0,0,0,-1
0,0,1582,1,input,1933,0,0,0,0,-1
0,0,1583,1,input,1934,0,0,0,0,-1
0,0,1584,1,input,1935,0,0,0,0,1
0,0,1585,1,input,1939,0,0,0,0,-1
0,0,1586,1,input,1940,0,0,0,0,-1
0,0,1587,1,input,1942,0,0,0,0,-1
0,0,1588,1,input,1944,0,0,0,0,-1
0,0,1589,1,input,1945,0,0,0,0,1
0,0,1590,1,input,1946,0,0,0,0,-1
0,0,1591,1,input,1947,0,0,0,0,-1
0,0,1592,1,input,1948,0,0,0,0,-1
0,0,1593,1,input,1949,0,0,0,0,-1
0,0,1594,1,input,1950,0,0,0,0,-1
0,0,1595,1,input,1951,0,0,0,0,-1
0,0,1596,1,input,1952,0,0,0,0,-1
0,0,1597,1,input,1954,0,0,0,0,1
0,0,1598,1,input,1955,0,0,0,0,-1
0,0,1599,1,input,1956,0,0,0,0,1
0,0,1600,1,input,1957,0,0,0,0,-1
0,0,1601,1,input,1958,0,0,0,0,-1
0,0,1602,1,input,1960,0,0,0,0,-1
0,0,1603,1,input,1961,0,0,0,0,-1
0,0,1604,1,input,1962,0,0,0,0,1
0,0,1605,1,input,1963,0,0,0,0,-1
0,0,1606,1,input,1964,0,0,0,0,-1
0,0,1607,1,input,1965,0,0,0,0,-1
0,0,1608,1,input,1966,0,0,0,0,-1
0,0,1609,1,input,1967,0,0,0,0,-1
0,0,1610,1,input,1968,0,0,0,0,-1
0,0,1611,1,input,1970,0,0,0,0,-1
0,0,1612,1,input,1972,0,0,0,0,1
0,0,1613,1,input,1974,0,0,0,0,-1
0,0,1614,1,input,1975,0,0,0,0,1
0,0,1615,1,input,1976,0,0,0,0,1
0,0,1616,1,input,1978,0,0,0,0,-1
0,0,1617,1,input,1979,0,0,0,0,1
0,0,1618,1,input,1980,0,0,0,0,-1
0,0,1619,1,input,1982,0,0,0,0,-1
0,0,1620,1,input,1983,0,0,0,0,-1
0,0,1621,1,input,1984,0,0,0,0,-1
0,0,1622,1,input,1985,0,0,0,0,-1
0,0,1623,1,input,1986,0,0,0,0,-1
0,0,1624,1,input,1989,0,0,0,0,-1
0,0,1625,1,input,1990,0,0,0,0,-1
0,0,1626,1,input,1991,0,0,0,0,-1
0,0,1627,1,input,1992,0,0,0,0,1
0,0,1628,1,input,1993,0,0,0,0,-1
0,0,1629,1,input,1994,0,0,0,0,-1
0,0,1630,1,input,1995,0,0,0,0,1
0,0,1631,1,input,1996,0,0,0,0,-1
0,0,1632,1,input,1999,0,0,0,0,-1
0,0,1633,1,input,2001,0,0,0,0,-1
0,0,1634,1,input,2002,0,0,0,0,-1
0,0,1635,1,input,2004,0,0,0,0,-1
0,0,1636,1,input,2005,0,0,0,0,-1
0,0,1637,1,input,2006,0,0,0,0,1
0,0,1638,1,input,2007,0,0,0,0,-1
0,0,1639,1,input,2009,0,0,0,0,1
0,0,1640,1,input,2011,0,0,0,0,-1
0,0,1641,1,input,2012,0,0,0,0,-1
0,0,1642,1,input,2013,0,0,0,0,-1
0,0,1643,1,input,2015,0,0,0,0,-1
0,0,1644,1,input,2016,0,0,0,0,-1
0,0,1645,1,input,2018,0,0,0,0,-1
0,0,1646,1,input,2019,0,0,0,0,1
0,0,1647,1,input,2021,0,0,0,0,-1
0,0,1648,1,input,2022,0,0,0,0,-1
0,0,1649,1,input,2024,0,0,0,0,-1
0,0,1650,1,input,2025,0,0,0,0,-1
0,0,1651,1,input,2026,0,0,0,0,-1
0,0,1652,1,input,2027,0,0,0,0,-1
0,0,1653,1,input,2028,0,0,0,0,-1
0,0,1654,1,input,2029,0,0,0,0,-1
0,0,1655,1,input,2030,0,0,0,0,-1
0,0,1656,1,input,2032,0,0,0,0,-1
0,0,1657,1,input,2034,0,0,0,0,-1
0,0,1658,1,input,2035,0,0,0,0,-1
0,0,1659,1,input,2036,0,0,0,0,1
0,0,1660,1,input,2037,0,0,0,0,1
0,0,1661,1,input,2038,0,0,0,0,-1
0,0,1662,1,input,2039,0,0,0,0,1
0,0,1663,1,input,2041,0,0,0,0,-1
0,0,1664,1,input,2043,0,0,0,0,-1
0,0,1665,1,input,2044,0,0,0,0,1
0,0,1666,1,input,2045,0,0,0,0,-1
0,0,1667,1,input,2046,0,0,0,0,-1
0,0,1668,1,input,2047,0,0,0,0,1
0,0,1669,1,input,2049,0,0,0,0,-1
0,0,1670,1,input,2051,0,0,0,0,-1
0,0,1671,1,input,2052,0,0,0,0,-1
0,0,1672,1,input,2053,0,0,0,0,-1
0,0,1673,1,input,2054,0,0,0,0,1
0,0,1674,1,input,2056,0,0,0,0,-1
0,0,1675,1,input,2058,0,0,0,0,-1
0,0,1676,1,input,2060,0,0,0,0,-1
0,0,1677,1,input,2061,0,0,0,0,1
0,0,1678,1,input,2062,0,0,0,0,-1
0,0,1679,1,input,2063,0,0,0,0,-1
0,0,1680,1,input,2064,0,0,0,0,-1
0,0,1681,1,input,2065,0,0,0,0,-1
0,0,1682,1,input,2066,0,0,0,0,-1
0,0,1683,1,input,2067,0,0,0,0,-1
0,0,1684,1,input,2068,0,0,0,0,-1
0,0,1685,1,input,2069,0,0,0,0,1
0,0,1686,1,input,2070,0,0,0,0,-1
0,0,1687,1,input,2071,0,0,0,0,-1
0,0,1688,1,input,2072,0,0,0,0,-1
0,0,1689,1,input,2073,0,0,0,0,-1
0,0,1690,1,input,2075,0,0,0,0,-1
0,0,1691,1,input,2076,0,0,0,0,-1
0,0,1692,1,input,2077,0,0,0,0,1
0,0,1693,1,input,2078,0,0,0,0,1
0,0,1694,1,input,2079,0,0,0,0,1
0,0,1695,1,input,2080,0,0,0,0,-1
0,0,1696,1,input,2081,0,0,0,0,-1
0,0,1697,1,input,2082,0,0,0,0,1
0,0,1698,1,input,2084,0,0,0,0,-1
0,0,1699,1,input,2086,0,0,0,0,1
0,0,1700,1,input,2087,0,0,0,0,1
0,0,1701,1,input,2088,0,0,0,0,1
0,0,1702,1,input,2089,0,0,0,0,-1
0,0,1703,1,input,2090,0,0,0,0,1
0,0,1704,1,input,2091,0,0,0,0,-1
0,0,1705,1,input,2092,0,0,0,0,-1
0,0,1706,1,input,2095,0,0,0,0,1
0,0,1707,1,input,2096,0,0,0,0,-1
0,0,1708,1,input,2097,0,0,0,0,1
0,0,1709,1,input,2098,0,0,0,0,-1
0,0,1710,1,input,2099,0,0,0,0,-1
0,0,1711,1,input,2100,0,0,0,0,-1
0,0,1712,1,input,2101,0,0,0,0,-1
0,0,1713,1,input,2102,0,0,0,0,-1
0,0,1714,1,input,2103,0,0,0,0,1
0,0,1715,1,input,2104,0,0,0,0,-1
0,0,1716,1,input,2105,0,0,0,0,1
0,0,1717,1,input,2106,0,0,0,0,-1
0,0,1718,1,input,2107,0,0,0,0,-1
0,0,1719,1,input,2108,0,0,0,0,-1
0,0,1720,1,input,2109,0,0,0,0,-1
0,0,1721,1,input,2110,0,0,0,0,-1
0,0,1722,1,input,2111,0,0,0,0,-1
0,0,1723,1,input,2112,0,0,0,0,-1
0,0,1724,1,input,2113,0,0,0,0,-1
0,0,1725,1,input,2114,0,0,0,0,-1
0,0,1726,1,input,2115,0,0,0,0,-1
0,0,1727,1,input,2116,0,0,0,0,1
0,0,1728,1,input,2117,0,0,0,0,-1
0,0,1729,1,input,2118,0,0,0,0,1
0,0,1730,1,input,2119,0,0,0,0,-1
0,0,1731,1,input,2120,0,0,0,0,-1
0,0,1732,1,input,2121,0,0,0,0,-1
0,0,1733,1,input,2122,0,0,0,0,-1
0,0,1734,1,input,2123,0,0,0,0,1
0,0,1735,1,input,2124,0,0,0,0,-1
0,0,1736,1,input,2125,0,0,0,0,1
0,0,1737,1,input,2126,0,0,0,0,-1
0,0,1738,1,input,2127,0,0,0,0,-1
0,0,1739,1,input,2128,0,0,0,0,1
0,0,1740,1,input,2129,0,0,0,0,1
0,0,1741,1,input,2130,0,0,0,0,-1
0,0,1742,1,input,2131,0,0,0,0,-1
0,0,1743,1,input,2133,0,0,0,0,-1
0,0,1744,1,input,2134,0,0,0,0,-1
0,0,1745,1,input,2135,0,0,0,0,-1
0,0,1746,1,input,2137,0,0,0,0,-1
0,0,1747,1,input,2138,0,0,0,0,-1
0,0,1748,1,input,2139,0,0,0,0,1
0,0,1749,1,input,2140,0,0,0,0,-1
0,0,1750,1,input,2142,0,0,0,0,-1
0,0,1751,1,input,2143,0,0,0,0,-1
0,0,1752,1,input,2144,0,0,0,0,-1
0,0,1753,1,input,2145,0,0,0,0,-1
0,0,1754,1,input,2146,0,0,0,0,1
0,0,1755,1,input,2147,0,0,0,0,-1
0,0,1756,1,input,2148,0,0,0,0,-1
0,0,1757,1,input,2150,0,0,0,0,-1
0,0,1758,1,input,2151,0,0,0,0,1
0,0,1759,1,input,2152,0,0,0,0,-1
0,0,1760,1,input,2157,0,0,0,0,-1
0,0,1761,1,input,2158,0,0,0,0,1
0,0,1762,1,input,2159,0,0,0,0,-1
0,0,1763,1,input,2160,0,0,0,0,-1
0,0,1764,1,input,2161,0,0,0,0,-1
0,0,1765,1,input,2162,0,0,0,0,-1
0,0,1766,1,input,2164,0,0,0,0,-1
0,0,1767,1,input,2165,0,0,0,0,-1
0,0,1768,1,input,2166,0,0,0,0,-1
0,0,1769,1,input,2167,0,0,0,0,-1
0,0,1770,1,input,2168,0,0,0,0,-1
0,0,1771,1,input,2170,0,0,0,0,1
0,0,1772,1,input,2171,0,0,0,0,-1
0,0,1773,1,input,2172,0,0,0,0,1
0,0,1774,1,input,2173,0,0,0,0,1
0,0,1775,1,input,2174,0,0,0,0,1
0,0,1776,1,input,2175,0,0,0,0,-1
0,0,1777,1,input,2176,0,0,0,0,-1
0,0,1778,1,input,2177,0,0,0,0,1
0,0,1779,1,input,2179,0,0,0,0,-1
0,0,1780,1,input,2180,0,0,0,0,-1
0,0,1781,1,input,2182,0,0,0,0,1
0,0,1782,1,input,2184,0,0,0,0,-1
0,0,1783,1,input,2185,0,0,0,0,-1
0,0,1784,1,input,2186,0,0,0,0,-1
0,0,1785,1,input,2187,0,0,0,0,-1
0,0,1786,1,input,2188,0,0,0,0,-1
0,0,1787,1,input,2189,0,0,0,0,1
0,0,1788,1,input,2190,0,0,0,0,-1
0,0,1789,1,input,2191,0,0,0,0,-1
0,0,1790,1,input,2192,0,0,0,0,1
0,0,1791,1,input,2193,0,0,0,0,1
0,0,1792,1,input,2194,0,0,0,0,-1
0,0,1793,1,input,2195,0,0,0,0,-1
0,0,1794,1,input,2196,0,0,0,0,-1
0,0,1795,1,input,2197,0,0,0,0,-1
0,0,1796,1,input,2198,0,0,0,0,-1
0,0,1797,1,input,2199,0,0,0,0,1
0,0,1798,1,input,2201,0,0,0,0,-1
0,0,1799,1,input,2202,0,0,0,0,-1
0,0,1800,1,input,2203,0,0,0,0,-1
0,0,1801,1,input,2204,0,0,0,0,-1
0,0,1802,1,input,2205,0,0,0,0,1
0,0,1803,1,input,2206,0,0,0,0,1
0,0,1804,1,input,2207,0,0,0,0,1
0,0,1805,1,input,2208,0,0,0,0,-1
0,0,1806,1,input,2209,0,0,0,0,-1
0,0,1807,1,input,2210,0,0,0,0,-1
0,0,1808,1,input,2212,0,0,0,0,-1
0,0,1809,1,input,2213,0,0,0,0,-1
0,0,1810,1,input,2215,0,0,0,0,-1
0,0,1811,1,input,2216,0,0,0,0,-1
0,0,1812,1,input,2217,0,0,0,0,-1
0,0,1813,1,input,2219,0,0,0,0,-1
0,0,1814,1,input,2220,0,0,0,0,-1
0,0,1815,1,input,2221,0,0,0,0,1
0,0,1816,1,input,2222,0,0,0,0,1
0,0,1817,1,input,2223,0,0,0,0,-1
0,0,1818,1,input,2224,0,0,0,0,-1
0,0,1819,1,input,2225,0,0,0,0,1
0,0,1820,1,input,2226,0,0,0,0,-1
0,0,1821,1,input,2227,0,0,0,0,-1
0,0,1822,1,input,2229,0,0,0,0,-1
0,0,1823,1,input,2230,0,0,0,0,-1
0,0,1824,1,input,2231,0,0,0,0,1
0,0,1825,1,input,2232,0,0,0,0,-1
0,0,1826,1,input,2233,0,0,0,0,-1
0,0,1827,1,input,2234,0,0,0,0,-1
0,0,1828,1,input,2235,0,0,0,0,-1
0,0,1829,1,input,2237,0,0,0,0,-1
0,0,1830,1,input,2238,0,0,0,0,-1
0,0,1831,1,input,2239,0,0,0,0,-1
0,0,1832,1,input,2240,0,0,0,0,-1
0,0,1833,1,input,2241,0,0,0,0,-1
0,0,1834,1,input,2242,0,0,0,0,-1
0,0,1835,1,input,2244,0,0,0,0,-1
0,0,1836,1,input,2246,0,0,0,0,-1
0,0,1837,1,input,2247,0,0,0,0,1
0,0,1838,1,input,2248,0,0,0,0,-1
0,0,1839,1,input,2249,0,0,0,0,-1
0,0,1840,1,input,2250,0,0,0,0,-1
0,0,1841,1,input,2252,0,0,0,0,-1
0,0,1842,1,input,2253,0,0,0,0,-1
0,0,1843,1,input,2255,0,0,0,0,-1
0,0,1844,1,input,2258,0,0,0,0,-1
0,0,1845,1,input,2259,0,0,0,0,-1
0,0,1846,1,input,2260,0,0,0,0,-1
0,0,1847,1,input,2261,0,0,0,0,-1
0,0,1848,1,input,2262,0,0,0,0,-1
0,0,1849,1,input,2263,0,0,0,0,-1
0,0,1850,1,input,2265,0,0,0,0,-1
0,0,1851,1,input,2266,0,0,0,0,-1
0,0,1852,1,input,2268,0,0,0,0,-1
0,0,1853,1,input,2269,0,0,0,0,-1
0,0,1854,1,input,2270,0,0,0,0,-1
0,0,1855,1,input,2271,0,0,0,0,-1
0,0,1856,1,input,2272,0,0,0,0,-1
0,0,1857,1,input,2273,0,0,0,0,-1
0,0,1858,1,input,2274,0,0,0,0,1
0,0,1859,1,input,2276,0,0,0,0,-1
0,0,1860,1,input,2278,0,0,0,0,-1
0,0,1861,1,input,2279,0,0,0,0,1
0,0,1862,1,input,2280,0,0,0,0,-1
0,0,1863,1,input,2282,0,0,0,0,1
0,0,1864,1,input,2283,0,0,0,0,-1
0,0,1865,1,input,2284,0,0,0,0,1
0,0,1866,1,input,2285,0,0,0,0,-1
0,0,1867,1,input,2288,0,0,0,0,-1
0,0,1868,1,input,2289,0,0,0,0,-1
0,0,1869,1,input,2290,0,0,0,0,-1
0,0,1870,1,input,2291,0,0,0,0,1
0,0,1871,1,input,2292,0,0,0,0,1
0,0,1872,1,input,2293,0,0,0,0,-1
0,0,1873,1,input,2294,0,0,0,0,-1
0,0,1874,1,input,2295,0,0,0,0,-1
0,0,1875,1,input,2296,0,0,0,0,-1
0,0,1876,1,input,2297,0,0,0,0,-1
0,0,1877,1,input,2299,0,0,0,0,-1
0,0,1878,1,input,2300,0,0,0,0,1
0,0,1879,1,input,2301,0,0,0,0,1
0,0,1880,1,input,2303,0,0,0,0,1
0,0,1881,1,input,2306,0,0,0,0,1
0,0,1882,1,input,2307,0,0,0,0,-1
0,0,1883,1,input,2309,0,0,0,0,-1
0,0,1884,1,input,2312,0,0,0,0,-1
0,0,1885,1,input,2313,0,0,0,0,-1
0,0,1886,1,input,2314,0,0,0,0,-1
0,0,1887,1,input,2315,0,0,0,0,-1
0,0,1888,1,input,2316,0,0,0,0,-1
0,0,1889,1,input,2318,0,0,0,0,-1
0,0,1890,1,input,2319,0,0,0,0,-1
0,0,1891,1,input,2320,0,0,0,0,1
0,0,1892,1,input,2321,0,0,0,0,-1
0,0,1893,1,input,2322,0,0,0,0,-1
0,0,1894,1,input,2323,0,0,0,0,-1
0,0,1895,1,input,2324,0,0,0,0,-1
0,0,1896,1,input,2325,0,0,0,0,-1
0,0,1897,1,input,2326,0,0,0,0,-1
0,0,1898,1,input,2328,0,0,0,0,-1
0,0,1899,1,input,2329,0,0,0,0,-1
0,0,1900,1,input,2330,0,0,0,0,-1
0,0,1901,1,input,2331,0,0,0,0,1
0,0,1902,1,input,2332,0,0,0,0,1
0,0,1903,1,input,2333,0,0,0,0,-1
0,0,1904,1,input,2334,0,0,0,0,-1
0,0,1905,1,input,2335,0,0,0,0,-1
0,0,1906,1,input,2336,0,0,0,0,-1
0,0,1907,1,input,2337,0,0,0,0,-1
0,0,1908,1,input,2338,0,0,0,0,-1
0,0,1909,1,input,2339,0,0,0,0,-1
0,0,1910,1,input,2343,0,0,0,0,-1
0,0,1911,1,input,2344,0,0,0,0,-1
0,0,1912,1,input,2345,0,0,0,0,-1
0,0,1913,1,input,2347,0,0,0,0,-1
0,0,1914,1,input,2349,0,0,0,0,1
0,0,1915,1,input,2352,0,0,0,0,1
0,0,1916,1,input,2353,0,0,0,0,-1
0,0,1917,1,input,2354,0,0,0,0,-1
0,0,1918,1,input,2355,0,0,0,0,-1
0,0,1919,1,input,2356,0,0,0,0,1
0,0,1920,1,input,2358,0,0,0,0,-1
0,0,1921,1,input,2359,0,0,0,0,1
0,0,1922,1,input,2360,0,0,0,0,-1
0,0,1923,1,input,2361,0,0,0,0,-1
0,0,1924,1,input,2362,0,0,0,0,-1
0,0,1925,1,input,2363,0,0,0,0,-1
0,0,1926,1,input,2364,0,0,0,0,-1
0,0,1927,1,input,2365,0,0,0,0,-1
0,0,1928,1,input,2366,0,0,0,0,-1
0,0,1929,1,input,2367,0,0,0,0,-1
0,0,1930,1,input,2369,0,0,0,0,-1
0,0,1931,1,input,2370,0,0,0,0,1
0,0,1932,1,input,2371,0,0,0,0,-1
0,0,1933,1,input,2372,0,0,0,0,-1
0,0,1934,1,input,2373,0,0,0,0,-1
0,0,1935,1,input,2374,0,0,0,0,-1
0,0,1936,1,input,2375,0,0,0,0,-1
0,0,1937,1,input,2377,0,0,0,0,-1
0,0,1938,1,input,2378,0,0,0,0,-1
0,0,1939,1,input,2379,0,0,0,0,-1
0,0,1940,1,input,2381,0,0,0,0,-1
0,0,1941,1,input,2382,0,0,0,0,-1
0,0,1942,1,input,2383,0,0,0,0,-1
0,0,1943,1,input,2384,0,0,0,0,1
0,0,1944,1,input,2385,0,0,0,0,-1
0,0,1945,1,input,2386,0,0,0,0,1
0,0,1946,1,input,2387,0,0,0,0,-1
0,0,1947,1,input,2388,0,0,0,0,-1
0,0,1948,1,input,2389,0,0,0,0,1
0,0,1949,1,input,2390,0,0,0,0,-1
0,0,1950,1,input,2391,0,0,0,0,-1
0,0,1951,1,input,2392,0,0,0,0,-1
0,0,1952,1,input,2393,0,0,0,0,-1
0,0,1953,1,input,2394,0,0,0,0,1
0,0,1954,1,input,2399,0,0,0,0,-1
0,0,1955,1,input,2400,0,0,0,0,-1
0,0,1956,1,input,2401,0,0,0,0,-1
0,0,1957,1,input,2402,0,0,0,0,1
0,0,1958,1,input,2404,0,0,0,0,-1
0,0,1959,1,input,2405,0,0,0,0,1
0,0,1960,1,input,2406,0,0,0,0,-1
0,0,1961,1,input,2409,0,0,0,0,-1
0,0,1962,1,input,2411,0,0,0,0,1
0,0,1963,1,input,2412,0,0,0,0,1
0,0,1964,1,input,2413,0,0,0,0,-1
0,0,1965,1,input,2414,0,0,0,0,1
0,0,1966,1,input,2416,0,0,0,0,-1
0,0,1967,1,input,2417,0,0,0,0,-1
0,0,1968,1,input,2418,0,0,0,0,1
0,0,1969,1,input,2419,0,0,0,0,1
0,0,1970,1,input,2420,0,0,0,0,1
0,0,1971,1,input,2421,0,0,0,0,1
0,0,1972,1,input,2423,0,0,0,0,-1
0,0,1973,1,input,2425,0,0,0,0,1
0,0,1974,1,input,2426,0,0,0,0,1
0,0,1975,1,input,2427,0,0,0,0,-1
0,0,1976,1,input,2429,0,0,0,0,-1
0,0,1977,1,input,2431,0,0,0,0,1
0,0,1978,1,input,2432,0,0,0,0,-1
0,0,1979,1,input,2433,0,0,0,0,1
0,0,1980,1,input,2434,0,0,0,0,1
0,0,1981,1,input,2435,0,0,0,0,-1
0,0,1982,1,input,2436,0,0,0,0,-1
0,0,1983,1,input,2438,0,0,0,0,-1
0,0,1984,1,input,2439,0,0,0,0,-1
0,0,1985,1,input,2440,0,0,0,0,-1
0,0,1986,1,input,2441,0,0,0,0,-1
0,0,1987,1,input,2442,0,0,0,0,-1
0,0,1988,1,input,2443,0,0,0,0,-1
0,0,1989,1,input,2444,0,0,0,0,-1
0,0,1990,1,input,2445,0,0,0,0,-1
0,0,1991,1,input,2446,0,0,0,0,1
0,0,1992,1,input,2447,0,0,0,0,-1
0,0,1993,1,input,2449,0,0,0,0,-1
0,0,1994,1,input,2450,0,0,0,0,-1
0,0,1995,1,input,2451,0,0,0,0,-1
0,0,1996,1,input,2453,0,0,0,0,-1
0,0,1997,1,input,2454,0,0,0,0,-1
0,0,1998,1,input,2456,0,0,0,0,-1
0,0,1999,1,input,2457,0,0,0,0,-1
0,0,2000,1,input,2458,0,0,0,0,-1
0,0,2001,1,input,2459,0,0,0,0,1
0,0,2002,1,input,2460,0,0,0,0,-1
0,0,2003,1,input,2461,0,0,0,0,-1
0,0,2004,1,input,2463,0,0,0,0,-1
0,0,2005,1,input,2465,0,0,0,0,-1
0,0,2006,1,input,2466,0,0,0,0,-1
0,0,2007,1,input,2467,0,0,0,0,-1
0,0,2008,1,input,2468,0,0,0,0,-1
0,0,2009,1,input,2469,0,0,0,0,-1
0,0,2010,1,input,2470,0,0,0,0,-1
0,0,2011,1,input,2471,0,0,0,0,-1
0,0,2012,1,input,2472,0,0,0,0,-1
0,0,2013,1,input,2474,0,0,0,0,-1
0,0,2014,1,input,2475,0,0,0,0,-1
0,0,2015,1,input,2476,0,0,0,0,-1
0,0,2016,1,input,2477,0,0,0,0,1
0,0,2017,1,input,2480,0,0,0,0,-1
0,0,2018,1,input,2481,0,0,0,0,-1
0,0,2019,1,input,2482,0,0,0,0,-1
0,0,2020,1,input,2483,0,0,0,0,-1
0,0,2021,1,input,2484,0,0,0,0,-1
0,0,2022,1,input,2485,0,0,0,0,-1
0,0,2023,1,input,2486,0,0,0,0,-1
0,0,2024,1,input,2487,0,0,0,0,-1
0,0,2025,1,input,2489,0,0,0,0,1
0,0,2026,1,input,2490,0,0,0,0,-1
0,0,2027,1,input,2491,0,0,0,0,-1
0,0,2028,1,input,2492,0,0,0,0,-1
0,0,2029,1,input,2493,0,0,0,0,-1
0,0,2030,1,input,2495,0,0,0,0,-1
0,0,2031,1,input,2496,0,0,0,0,-1
0,0,2032,1,input,2497,0,0,0,0,-1
0,0,2033,1,input,2499,0,0,0,0,1
0,0,2034,1,input,2500,0,0,0,0,-1
0,0,2035,1,input,2501,0,0,0,0,-1
0,0,2036,1,input,2502,0,0,0,0,-1
0,0,2037,1,input,2503,0,0,0,0,1
0,0,2038,1,input,2504,0,0,0,0,-1
0,0,2039,1,input,2505,0,0,0,0,-1
0,0,2040,1,input,2506,0,0,0,0,-1
0,0,2041,1,input,2507,0,0,0,0,-1
0,0,2042,1,input,2508,0,0,0,0,1
0,0,2043,1,input,2509,0,0,0,0,-1
0,0,2044,1,input,2510,0,0,0,0,-1
0,0,2045,1,input,2511,0,0,0,0,-1
0,0,2046,1,input,2512,0,0,0,0,1
0,0,2047,1,input,2513,0,0,0,0,-1
0,0,2048,1,input,2514,0,0,0,0,1
0,0,2049,1,input,2518,0,0,0,0,-1
0,0,2050,1,input,2519,0,0,0,0,-1
0,0,2051,1,input,2520,0,0,0,0,-1
0,0,2052,1,input,2521,0,0,0,0,-1
0,0,2053,1,input,2523,0,0,0,0,-1
0,0,2054,1,input,2524,0,0,0,0,1
0,0,2055,1,input,2526,0,0,0,0,-1
0,0,2056,1,input,2527,0,0,0,0,-1
0,0,2057,1,input,2529,0,0,0,0,-1
0,0,2058,1,input,2530,0,0,0,0,1
0,0,2059,1,input,2531,0,0,0,0,-1
0,0,2060,1,input,2532,0,0,0,0,-1
0,0,2061,1,input,2533,0,0,0,0,-1
0,0,2062,1,input,2534,0,0,0,0,-1
0,0,2063,1,input,2535,0,0,0,0,-1
0,0,2064,1,input,2537,0,0,0,0,-1
0,0,2065,1,input,2538,0,0,0,0,-1
0,0,2066,1,input,2539,0,0,0,0,1
0,0,2067,1,input,2541,0,0,0,0,-1
0,0,2068,1,input,2543,0,0,0,0,-1
0,0,2069,1,input,2545,0,0,0,0,-1
0,0,2070,1,input,2546,0,0,0,0,-1
0,0,2071,1,input,2547,0,0,0,0,1
0,0,2072,1,input,2548,0,0,0,0,1
0,0,2073,1,input,2549,0,0,0,0,-1
0,0,2074,1,input,2550,0,0,0,0,-1
0,0,2075,1,input,2551,0,0,0,0,-1
0,0,2076,1,input,2552,0,0,0,0,-1
0,0,2077,1,input,2553,0,0,0,0,1
0,0,2078,1,input,2554,0,0,0,0,1
0,0,2079,1,input,2555,0,0,0,0,-1
0,0,2080,1,input,2557,0,0,0,0,-1
0,0,2081,1,input,2558,0,0,0,0,-1
0,0,2082,1,input,2560,0,0,0,0,-1
0,0,2083,1,input,2562,0,0,0,0,1
0,0,2084,1,input,2566,0,0,0,0,-1
0,0,2085,1,input,2567,0,0,0,0,-1
0,0,2086,1,input,2568,0,0,0,0,1
0,0,2087,1,input,2569,0,0,0,0,-1
0,0,2088,1,input,2570,0,0,0,0,-1
0,0,2089,1,input,2571,0,0,0,0,-1
0,0,2090,1,input,2572,0,0,0,0,-1
0,0,2091,1,input,2573,0,0,0,0,-1
0,0,2092,1,input,2574,0,0,0,0,1
0,0,2093,1,input,2576,0,0,0,0,-1
0,0,2094,1,input,2577,0,0,0,0,-1
0,0,2095,1,input,2578,0,0,0,0,-1
0,0,2096,1,input,2579,0,0,0,0,-1
0,0,2097,1,input,2580,0,0,0,0,-1
0,0,2098,1,input,2581,0,0,0,0,1
0,0,2099,1,input,2582,0,0,0,0,-1
0,0,2100,1,input,2583,0,0,0,0,1
0,0,2101,1,input,2584,0,0,0,0,-1
0,0,2102,1,input,2585,0,0,0,0,-1
0,0,2103,1,input,2586,0,0,0,0,-1
0,0,2104,1,input,2588,0,0,0,0,-1
0,0,2105,1,input,2589,0,0,0,0,-1
0,0,2106,1,input,2591,0,0,0,0,-1
0,0,2107,1,input,2593,0,0,0,0,-1
0,0,2108,1,input,2594,0,0,0,0,-1
0,0,2109,1,input,2595,0,0,0,0,-1
0,0,2110,1,input,2597,0,0,0,0,-1
0,0,2111,1,input,2598,0,0,0,0,-1
0,0,2112,1,input,2599,0,0,0,0,-1
0,0,2113,1,input,2600,0,0,0,0,-1
0,0,2114,1,input,2601,0,0,0,0,1
0,0,2115,1,input,2602,0,0,0,0,-1
0,0,2116,1,input,2604,0,0,0,0,-1
0,0,2117,1,input,2605,0,0,0,0,1
0,0,2118,1,input,2608,0,0,0,0,-1
0,0,2119,1,input,2609,0,0,0,0,-1
0,0,2120,1,input,2610,0,0,0,0,1
0,0,2121,1,input,2611,0,0,0,0,-1
0,0,2122,1,input,2612,0,0,0,0,-1
0,0,2123,1,input,2613,0,0,0,0,-1
0,0,2124,1,input,2614,0,0,0,0,-1
0,0,2125,1,input,2615,0,0,0,0,-1
0,0,2126,1,input,2616,0,0,0,0,-1
0,0,2127,1,input,2617,0,0,0,0,1
0,0,2128,1,input,2618,0,0,0,0,-1
0,0,2129,1,input,2619,0,0,0,0,-1
0,0,2130,1,input,2621,0,0,0,0,-1
0,0,2131,1,input,2622,0,0,0,0,-1
0,0,2132,1,input,2623,0,0,0,0,-1
0,0,2133,1,input,2624,0,0,0,0,-1
0,0,2134,1,input,2625,0,0,0,0,1
0,0,2135,1,input,2626,0,0,0,0,-1
0,0,2136,1,input,2627,0,0,0,0,1
0,0,2137,1,input,2628,0,0,0,0,-1
0,0,2138,1,input,2629,0,0,0,0,-1
0,0,2139,1,input,2630,0,0,0,0,-1
0,0,2140,1,input,2631,0,0,0,0,1
0,0,2141,1,input,2632,0,0,0,0,1
0,0,2142,1,input,2633,0,0,0,0,-1
0,0,2143,1,input,2634,0,0,0,0,-1
0,0,2144,1,input,2635,0,0,0,0,-1
0,0,2145,1,input,2636,0,0,0,0,1
0,0,2146,1,input,2637,0,0,0,0,-1
0,0,2147,1,input,2638,0,0,0,0,-1
0,0,2148,1,input,2639,0,0,0,0,-1
0,0,2149,1,input,2641,0,0,0,0,-1
0,0,2150,1,input,2642,0,0,0,0,-1
0,0,2151,1,input,2644,0,0,0,0,-1
0,0,2152,1,input,2646,0,0,0,0,-1
0,0,2153,1,input,2647,0,0,0,0,-1
0,0,2154,1,input,2648,0,0,0,0,-1
0,0,2155,1,input,2649,0,0,0,0,-1
0,0,2156,1,input,2650,0,0,0,0,-1
0,0,2157,1,input,2651,0,0,0,0,-1
0,0,2158,1,input,2653,0,0,0,0,-1
0,0,2159,1,input,2654,0,0,0,0,-1
0,0,2160,1,input,2655,0,0,0,0,-1
0,0,2161,1,input,2657,0,0,0,0,-1
0,0,2162,1,input,2658,0,0,0,0,1
0,0,2163,1,input,2659,0,0,0,0,-1
0,0,2164,1,input,2660,0,0,0,0,-1
0,0,2165,1,input,2661,0,0,0,0,-1
0,0,2166,1,input,2663,0,0,0,0,-1
0,0,2167,1,input,2665,0,0,0,0,-1
0,0,2168,1,input,2666,0,0,0,0,-1
0,0,2169,1,input,2668,0,0,0,0,-1
0,0,2170,1,input,2669,0,0,0,0,-1
0,0,2171,1,input,2670,0,0,0,0,-1
0,0,2172,1,input,2671,0,0,0,0,-1
0,0,2173,1,input,2672,0,0,0,0,-1
0,0,2174,1,input,2673,0,0,0,0,-1
0,0,2175,1,input,2674,0,0,0,0,-1
0,0,2176,1,input,2676,0,0,0,0,-1
0,0,2177,1,input,2677,0,0,0,0,-1
0,0,2178,1,input,2678,0,0,0,0,-1
0,0,2179,1,input,2679,0,0,0,0,-1
0,0,2180,1,input,2680,0,0,0,0,-1
0,0,2181,1,input,2681,0,0,0,0,-1
0,0,2182,1,input,2683,0,0,0,0,-1
0,0,2183,1,input,2684,0,0,0,0,-1
0,0,2184,1,input,2685,0,0,0,0,-1
0,0,2185,1,input,2686,0,0,0,0,-1
0,0,2186,1,input,2687,0,0,0,0,-1
0,0,2187,1,input,2691,0,0,0,0,-1
0,0,2188,1,input,2692,0,0,0,0,-1
0,0,2189,1,input,2693,0,0,0,0,-1
0,0,2190,1,input,2694,0,0,0,0,1
0,0,2191,1,input,2695,0,0,0,0,-1
0,0,2192,1,input,2696,0,0,0,0,-1
0,0,2193,1,input,2697,0,0,0,0,-1
0,0,2194,1,input,2698,0,0,0,0,-1
0,0,2195,1,input,2699,0,0,0,0,-1
0,0,2196,1,input,2700,0,0,0,0,-1
0,0,2197,1,input,2701,0,0,0,0,-1
0,0,2198,1,input,2702,0,0,0,0,1
0,0,2199,1,input,2703,0,0,0,0,-1
0,0,2200,1,input,2704,0,0,0,0,1
0,0,2201,1,input,2706,0,0,0,0,-1
0,0,2202,1,input,2707,0,0,0,0,-1
0,0,2203,1,input,2708,0,0,0,0,-1
0,0,2204,1,input,2709,0,0,0,0,-1
0,0,2205,1,input,2710,0,0,0,0,-1
0,0,2206,1,input,2712,0,0,0,0,-1
0,0,2207,1,input,2714,0,0,0,0,-1
0,0,2208,1,input,2715,0,0,0,0,-1
0,0,2209,1,input,2716,0,0,0,0,-1
0,0,2210,1,input,2717,0,0,0,0,-1
0,0,2211,1,input,2718,0,0,0,0,1
0,0,2212,1,input,2720,0,0,0,0,-1
0,0,2213,1,input,2721,0,0,0,0,-1
0,0,2214,1,input,2723,0,0,0,0,1
0,0,2215,1,input,2724,0,0,0,0,-1
0,0,2216,1,input,2725,0,0,0,0,-1
0,0,2217,1,input,2726,0,0,0,0,-1
0,0,2218,1,input,2727,0,0,0,0,-1
0,0,2219,1,input,2728,0,0,0,0,-1
0,0,2220,1,input,2729,0,0,0,0,-1
0,0,2221,1,input,2730,0,0,0,0,-1
0,0,2222,1,input,2733,0,0,0,0,1
0,0,2223,1,input,2735,0,0,0,0,-1
0,0,2224,1,input,2737,0,0,0,0,-1
0,0,2225,1,input,2738,0,0,0,0,-1
0,0,2226,1,input,2739,0,0,0,0,-1
0,0,2227,1,input,2740,0,0,0,0,-1
0,0,2228,1,input,2741,0,0,0,0,-1
0,0,2229,1,input,2742,0,0,0,0,-1
0,0,2230,1,input,2743,0,0,0,0,-1
0,0,2231,1,input,2744,0,0,0,0,-1
0,0,2232,1,input,2745,0,0,0,0,1
0,0,2233,1,input,2746,0,0,0,0,-1
0,0,2234,1,input,2747,0,0,0,0,-1
0,0,2235,1,input,2750,0,0,0,0,-1
0,0,2236,1,input,2751,0,0,0,0,-1
0,0,2237,1,input,2753,0,0,0,0,-1
0,0,2238,1,input,2754,0,0,0,0,1
0,0,2239,1,input,2756,0,0,0,0,-1
0,0,2240,1,input,2758,0,0,0,0,-1
0,0,2241,1,input,2760,0,0,0,0,-1
0,0,2242,1,input,2761,0,0,0,0,-1
0,0,2243,1,input,2762,0,0,0,0,-1
0,0,2244,1,input,2763,0,0,0,0,-1
0,0,2245,1,input,2765,0,0,0,0,-1
0,0,2246,1,input,2766,0,0,0,0,-1
0,0,2247,1,input,2767,0,0,0,0,-1
0,0,2248,1,input,2768,0,0,0,0,1
0,0,2249,1,input,2769,0,0,0,0,-1
0,0,2250,1,input,2772,0,0,0,0,-1
0,0,2251,1,input,2773,0,0,0,0,1
0,0,2252,1,input,2774,0,0,0,0,-1
0,0,2253,1,input,2776,0,0,0,0,-1
0,0,2254,1,input,2777,0,0,0,0,-1
0,0,2255,1,input,2778,0,0,0,0,1
0,0,2256,1,input,2779,0,0,0,0,-1
0,0,2257,1,input,2780,0,0,0,0,-1
0,0,2258,1,input,2781,0,0,0,0,1
0,0,2259,1,input,2782,0,0,0,0,-1
0,0,2260,1,input,2783,0,0,0,0,-1
0,0,2261,1,input,2785,0,0,0,0,-1
0,0,2262,1,input,2786,0,0,0,0,-1
0,0,2263,1,input,2787,0,0,0,0,1
0,0,2264,1,input,2788,0,0,0,0,-1
0,0,2265,1,input,2789,0,0,0,0,-1
0,0,2266,1,input,2790,0,0,0,0,-1
0,0,2267,1,input,2792,0,0,0,0,-1
0,0,2268,1,input,2793,0,0,0,0,-1
0,0,2269,1,input,2795,0,0,0,0,1
0,0,2270,1,input,2797,0,0,0,0,-1
0,0,2271,1,input,2798,0,0,0,0,1
0,0,2272,1,input,2799,0,0,0,0,-1
0,0,2273,1,input,2800,0,0,0,0,-1
0,0,2274,1,input,2801,0,0,0,0,-1
0,0,2275,1,input,2802,0,0,0,0,-1
0,0,2276,1,input,2803,0,0,0,0,-1
0,0,2277,1,input,2804,0,0,0,0,1
0,0,2278,1,input,2805,0,0,0,0,-1
0,0,2279,1,input,2806,0,0,0,0,-1
0,0,2280,1,input,2807,0,0,0,0,-1
0,0,2281,1,input,2808,0,0,0,0,-1
0,0,2282,1,input,2809,0,0,0,0,1
0,0,2283,1,input,2810,0,0,0,0,-1
0,0,2284,1,input,2811,0,0,0,0,-1
0,0,2285,1,input,2812,0,0,0,0,-1
0,0,2286,1,input,2813,0,0,0,0,-1
0,0,2287,1,input,2814,0,0,0,0,-1
0,0,2288,1,input,2817,0,0,0,0,-1
0,0,2289,1,input,2818,0,0,0,0,-1
0,0,2290,1,input,2820,0,0,0,0,-1
0,0,2291,1,input,2821,0,0,0,0,-1
0,0,2292,1,input,2822,0,0,0,0,1
0,0,2293,1,input,2824,0,0,0,0,-1
0,0,2294,1,input,2825,0,0,0,0,-1
0,0,2295,1,input,2828,0,0,0,0,-1
0,0,2296,1,input,2829,0,0,0,0,-1
0,0,2297,1,input,2830,0,0,0,0,-1
0,0,2298,1,input,2831,0,0,0,0,-1
0,0,2299,1,input,2833,0,0,0,0,1
0,0,2300,1,input,2835,0,0,0,0,-1
0,0,2301,1,input,2836,0,0,0,0,-1
0,0,2302,1,input,2838,0,0,0,0,-1
0,0,2303,1,input,2839,0,0,0,0,1
0,0,2304,1,input,2840,0,0,0,0,-1
0,0,2305,1,input,2842,0,0,0,0,-1
0,0,2306,1,input,2843,0,0,0,0,-1
0,0,2307,1,input,2844,0,0,0,0,-1
0,0,2308,1,input,2845,0,0,0,0,-1
0,0,2309,1,input,2846,0,0,0,0,-1
0,0,2310,1,input,2847,0,0,0,0,-1
0,0,2311,1,input,2848,0,0,0,0,-1
0,0,2312,1,input,2849,0,0,0,0,-1
0,0,2313,1,input,2850,0,0,0,0,1
0,0,2314,1,input,2851,0,0,0,0,-1
0,0,2315,1,input,2852,0,0,0,0,-1
0,0,2316,1,input,2853,0,0,0,0,-1
0,0,2317,1,input,2854,0,0,0,0,-1
0,0,2318,1,input,2855,0,0,0,0,-1
0,0,2319,1,input,2856,0,0,0,0,-1
0,0,2320,1,input,2857,0,0,0,0,-1
0,0,2321,1,input,2858,0,0,0,0,-1
0,0,2322,1,input,2859,0,0,0,0,1
0,0,2323,1,input,2860,0,0,0,0,-1
0,0,2324,1,input,2861,0,0,0,0,1
0,0,2325,1,input,2863,0,0,0,0,-1
0,0,2326,1,input,2864,0,0,0,0,-1
0,0,2327,1,input,2865,0,0,0,0,-1
0,0,2328,1,input,2866,0,0,0,0,-1
0,0,2329,1,input,2867,0,0,0,0,-1
0,0,2330,1,input,2868,0,0,0,0,-1
0,0,2331,1,input,2869,0,0,0,0,-1
0,0,2332,1,input,2870,0,0,0,0,-1
0,0,2333,1,input,2872,0,0,0,0,-1
0,0,2334,1,input,2873,0,0,0,0,1
0,0,2335,1,input,2874,0,0,0,0,-1
0,0,2336,1,input,2875,0,0,0,0,-1
0,0,2337,1,input,2876,0,0,0,0,-1
0,0,2338,1,input,2878,0,0,0,0,-1
0,0,2339,1,input,2879,0,0,0,0,-1
0,0,2340,1,input,2880,0,0,0,0,-1
0,0,2341,1,input,2881,0,0,0,0,-1
0,0,2342,1,input,2882,0,0,0,0,-1
0,0,2343,1,input,2884,0,0,0,0,-1
0,0,2344,1,input,2885,0,0,0,0,-1
0,0,2345,1,input,2886,0,0,0,0,-1
0,0,2346,1,input,2887,0,0,0,0,-1
0,0,2347,1,input,2888,0,0,0,0,1
0,0,2348,1,input,2889,0,0,0,0,-1
0,0,2349,1,input,2890,0,0,0,0,-1
0,0,2350,1,input,2891,0,0,0,0,-1
0,0,2351,1,input,2892,0,0,0,0,-1
0,0,2352,1,input,2893,0,0,0,0,-1
0,0,2353,1,input,2894,0,0,0,0,-1
0,0,2354,1,input,2895,0,0,0,0,-1
0,0,2355,1,input,2896,0,0,0,0,-1
0,0,2356,1,input,2897,0,0,0,0,-1
0,0,2357,1,input,2898,0,0,0,0,-1
0,0,2358,1,input,2899,0,0,0,0,-1
0,0,2359,1,input,2900,0,0,0,0,-1
0,0,2360,1,input,2901,0,0,0,0,-1
0,0,2361,1,input,2902,0,0,0,0,-1
0,0,2362,1,input,2903,0,0,0,0,-1
0,0,2363,1,input,2904,0,0,0,0,-1
0,0,2364,1,input,2905,0,0,0,0,-1
0,0,2365,1,input,2907,0,0,0,0,-1
0,0,2366,1,input,2908,0,0,0,0,-1
0,0,2367,1,input,2910,0,0,0,0,-1
0,0,2368,1,input,2911,0,0,0,0,-1
0,0,2369,1,input,2912,0,0,0,0,-1
0,0,2370,1,input,2913,0,0,0,0,-1
0,0,2371,1,input,2914,0,0,0,0,1
0,0,2372,1,input,2916,0,0,0,0,-1
0,0,2373,1,input,2917,0,0,0,0,-1
0,0,2374,1,input,2918,0,0,0,0,1
0,0,2375,1,input,2919,0,0,0,0,-1
0,0,2376,1,input,2920,0,0,0,0,-1
0,0,2377,1,input,2921,0,0,0,0,-1
0,0,2378,1,input,2922,0,0,0,0,-1
0,0,2379,1,input,2924,0,0,0,0,-1
0,0,2380,1,input,2925,0,0,0,0,-1
0,0,2381,1,input,2927,0,0,0,0,1
0,0,2382,1,input,2928,0,0,0,0,-1
0,0,2383,1,input,2929,0,0,0,0,-1
0,0,2384,1,input,2930,0,0,0,0,-1
0,0,2385,1,input,2931,0,0,0,0,-1
0,0,2386,1,input,2932,0,0,0,0,-1
0,0,2387,1,input,2933,0,0,0,0,-1
0,0,2388,1,input,2934,0,0,0,0,-1
0,0,2389,1,input,2935,0,0,0,0,1
0,0,2390,1,input,2936,0,0,0,0,-1
0,0,2391,1,input,2937,0,0,0,0,-1
0,0,2392,1,input,2938,0,0,0,0,-1
0,0,2393,1,input,2939,0,0,0,0,-1
0,0,2394,1,input,2940,0,0,0,0,-1
0,0,2395,1,input,2941,0,0,0,0,-1
0,0,2396,1,input,2942,0,0,0,0,-1
0,0,2397,1,input,2944,0,0,0,0,-1
0,0,2398,1,input,2946,0,0,0,0,-1
0,0,2399,1,input,2947,0,0,0,0,-1
0,0,2400,1,input,2948,0,0,0,0,-1
0,0,2401,1,input,2950,0,0,0,0,1
0,0,2402,1,input,2953,0,0,0,0,-1
0,0,2403,1,input,2954,0,0,0,0,1
0,0,2404,1,input,2955,0,0,0,0,1
0,0,2405,1,input,2957,0,0,0,0,-1
0,0,2406,1,input,2958,0,0,0,0,-1
0,0,2407,1,input,2960,0,0,0,0,-1
0,0,2408,1,input,2963,0,0,0,0,1
0,0,2409,1,input,2964,0,0,0,0,-1
0,0,2410,1,input,2966,0,0,0,0,-1
0,0,2411,1,input,2969,0,0,0,0,1
0,0,2412,1,input,2971,0,0,0,0,-1
0,0,2413,1,input,2972,0,0,0,0,-1
0,0,2414,1,input,2973,0,0,0,0,1
0,0,2415,1,input,2974,0,0,0,0,1
0,0,2416,1,input,2975,0,0,0,0,-1
0,0,2417,1,input,2976,0,0,0,0,-1
0,0,2418,1,input,2978,0,0,0,0,1
0,0,2419,1,input,2979,0,0,0,0,-1
0,0,2420,1,input,2981,0,0,0,0,-1
0,0,2421,1,input,2982,0,0,0,0,-1
0,0,2422,1,input,2983,0,0,0,0,-1
0,0,2423,1,input,2984,0,0,0,0,-1
0,0,2424,1,input,2985,0,0,0,0,-1
0,0,2425,1,input,2988,0,0,0,0,-1
0,0,2426,1,input,2989,0,0,0,0,-1
0,0,2427,1,input,2991,0,0,0,0,-1
0,0,2428,1,input,2992,0,0,0,0,-1
0,0,2429,1,input,2993,0,0,0,0,-1
0,0,2430,1,input,2996,0,0,0,0,-1
0,0,2431,1,input,2997,0,0,0,0,1
0,0,2432,1,input,2998,0,0,0,0,-1
0,0,2433,1,input,2999,0,0,0,0,1
0,0,2434,1,input,3000,0,0,0,0,1
0,0,2435,1,input,3001,0,0,0,0,-1
0,0,2436,1,input,3003,0,0,0,0,1
0,0,2437,1,input,3004,0,0,0,0,-1
0,0,2438,1,input,3006,0,0,0,0,-1
0,0,2439,1,input,3007,0,0,0,0,-1
0,0,2440,1,input,3008,0,0,0,0,-1
0,0,2441,1,input,3009,0,0,0,0,-1
0,0,2442,1,input,3010,0,0,0,0,-1
0,0,2443,1,input,3011,0,0,0,0,1
0,0,2444,1,input,3012,0,0,0,0,-1
0,0,2445,1,input,3013,0,0,0,0,-1
0,0,2446,1,input,3014,0,0,0,0,-1
0,0,2447,1,input,3015,0,0,0,0,-1
0,0,2448,1,input,3017,0,0,0,0,-1
0,0,2449,1,input,3018,0,0,0,0,-1
0,0,2450,1,input,3019,0,0,0,0,1
0,0,2451,1,input,3020,0,0,0,0,-1
0,0,2452,1,input,3022,0,0,0,0,1
0,0,2453,1,input,3023,0,0,0,0,-1
0,0,2454,1,input,3026,0,0,0,0,-1
0,0,2455,1,input,3027,0,0,0,0,-1
0,0,2456,1,input,3028,0,0,0,0,-1
0,0,2457,1,input,3029,0,0,0,0,-1
0,0,2458,1,input,3030,0,0,0,0,1
0,0,2459,1,input,3031,0,0,0,0,-1
0,0,2460,1,input,3032,0,0,0,0,1
0,0,2461,1,input,3033,0,0,0,0,1
0,0,2462,1,input,3034,0,0,0,0,-1
0,0,2463,1,input,3035,0,0,0,0,-1
0,0,2464,1,input,3036,0,0,0,0,-1
0,0,2465,1,input,3037,0,0,0,0,-1
0,0,2466,1,input,3038,0,0,0,0,-1
0,0,2467,1,input,3041,0,0,0,0,-1
0,0,2468,1,input,3042,0,0,0,0,-1
0,0,2469,1,input,3043,0,0,0,0,-1
0,0,2470,1,input,3044,0,0,0,0,-1
0,0,2471,1,input,3045,0,0,0,0,-1
0,0,2472,1,input,3046,0,0,0,0,1
0,0,2473,1,input,3047,0,0,0,0,-1
0,0,2474,1,input,3048,0,0,0,0,-1
0,0,2475,1,input,3049,0,0,0,0,-1
0,0,2476,1,input,3051,0,0,0,0,-1
0,0,2477,1,input,3052,0,0,0,0,-1
0,0,2478,1,input,3053,0,0,0,0,-1
0,0,2479,1,input,3056,0,0,0,0,-1
0,0,2480,1,input,3058,0,0,0,0,-1
0,0,2481,1,input,3059,0,0,0,0,-1
0,0,2482,1,input,3060,0,0,0,0,1
0,0,2483,1,input,3061,0,0,0,0,-1
0,0,2484,1,input,3062,0,0,0,0,-1
0,0,2485,1,input,3063,0,0,0,0,1
0,0,2486,1,input,3064,0,0,0,0,-1
0,0,2487,1,input,3065,0,0,0,0,-1
0,0,2488,1,input,3067,0,0,0,0,-1
0,0,2489,1,input,3068,0,0,0,0,-1
0,0,2490,1,input,3069,0,0,0,0,-1
0,0,2491,1,input,3070,0,0,0,0,-1
0,0,2492,1,input,3071,0,0,0,0,-1
0,0,2493,1,input,3072,0,0,0,0,-1
0,0,2494,1,input,3073,0,0,0,0,-1
0,0,2495,1,input,3074,0,0,0,0,-1
0,0,2496,1,input,3075,0,0,0,0,-1
0,0,2497,1,input,3076,0,0,0,0,-1
0,0,2498,1,input,3077,0,0,0,0,-1
0,0,2499,1,input,3078,0,0,0,0,1
0,0,2500,1,input,3079,0,0,0,0,1
0,0,2501,1,input,3083,0,0,0,0,-1
0,0,2502,1,input,3084,0,0,0,0,1
0,0,2503,1,input,3085,0,0,0,0,1
0,0,2504,1,input,3086,0,0,0,0,-1
0,0,2505,1,input,3087,0,0,0,0,-1
0,0,2506,1,input,3088,0,0,0,0,-1
0,0,2507,1,input,3090,0,0,0,0,-1
0,0,2508,1,input,3091,0,0,0,0,1
0,0,2509,1,input,3092,0,0,0,0,-1
0,0,2510,1,input,3093,0,0,0,0,-1
0,0,2511,1,input,3094,0,0,0,0,-1
0,0,2512,1,input,3095,0,0,0,0,-1
0,0,2513,1,input,3096,0,0,0,0,-1
0,0,2514,1,input,3097,0,0,0,0,-1
0,0,2515,1,input,3099,0,0,0,0,-1
0,0,2516,1,input,3100,0,0,0,0,-1
0,0,2517,1,input,3101,0,0,0,0,1
0,0,2518,1,input,3102,0,0,0,0,1
0,0,2519,1,input,3104,0,0,0,0,-1
0,0,2520,1,input,3105,0,0,0,0,-1
0,0,2521,1,input,3108,0,0,0,0,-1
0,0,2522,1,input,3109,0,0,0,0,-1
0,0,2523,1,input,3110,0,0,0,0,1
0,0,2524,1,input,3111,0,0,0,0,1
0,0,2525,1,input,3113,0,0,0,0,-1
0,0,2526,1,input,3114,0,0,0,0,1
0,0,2527,1,input,3115,0,0,0,0,-1
0,0,2528,1,input,3116,0,0,0,0,-1
0,0,2529,1,input,3119,0,0,0,0,1
0,0,2530,1,input,3121,0,0,0,0,1
0,0,2531,1,input,3122,0,0,0,0,-1
0,0,2532,1,input,3123,0,0,0,0,-1
0,0,2533,1,input,3124,0,0,0,0,-1
0,0,2534,1,input,3125,0,0,0,0,-1
0,0,2535,1,input,3126,0,0,0,0,-1
0,0,2536,1,input,3128,0,0,0,0,-1
0,0,2537,1,input,3129,0,0,0,0,1
0,0,2538,1,input,3130,0,0,0,0,-1
0,0,2539,1,input,3131,0,0,0,0,-1
0,0,2540,1,input,3132,0,0,0,0,-1
0,0,2541,1,input,3133,0,0,0,0,-1
0,0,2542,1,input,3135,0,0,0,0,1
0,0,2543,1,input,3136,0,0,0,0,-1
0,0,2544,1,input,3137,0,0,0,0,-1
0,0,2545,1,input,3138,0,0,0,0,-1
0,0,2546,1,input,3139,0,0,0,0,-1
0,0,2547,1,input,3140,0,0,0,0,-1
0,0,2548,1,input,3141,0,0,0,0,1
0,0,2549,1,input,3142,0,0,0,0,-1
0,0,2550,1,input,3143,0,0,0,0,-1
0,0,2551,1,input,3144,0,0,0,0,-1
0,0,2552,1,input,3145,0,0,0,0,-1
0,0,2553,1,input,3146,0,0,0,0,-1
0,0,2554,1,input,3147,0,0,0,0,1
0,0,2555,1,input,3148,0,0,0,0,-1
0,0,2556,1,input,3149,0,0,0,0,1
0,0,2557,1,input,3150,0,0,0,0,-1
0,0,2558,1,input,3151,0,0,0,0,-1
0,0,2559,1,input,3152,0,0,0,0,1
0,0,2560,1,input,3153,0,0,0,0,1
0,0,2561,1,input,3154,0,0,0,0,-1
0,0,2562,1,input,3155,0,0,0,0,-1
0,0,2563,1,input,3156,0,0,0,0,-1
0,0,2564,1,input,3157,0,0,0,0,-1
0,0,2565,1,input,3158,0,0,0,0,-1
0,0,2566,1,input,3159,0,0,0,0,-1
0,0,2567,1,input,3160,0,0,0,0,-1
0,0,2568,1,input,3161,0,0,0,0,1
0,0,2569,1,input,3162,0,0,0,0,-1
0,0,2570,1,input,3163,0,0,0,0,1
0,0,2571,1,input,3164,0,0,0,0,-1
0,0,2572,1,input,3166,0,0,0,0,-1
0,0,2573,1,input,3167,0,0,0,0,-1
0,0,2574,1,input,3168,0,0,0,0,-1
0,0,2575,1,input,3169,0,0,0,0,-1
0,0,2576,1,input,3170,0,0,0,0,1
0,0,2577,1,input,3171,0,0,0,0,-1
0,0,2578,1,input,3172,0,0,0,0,-1
0,0,2579,1,input,3173,0,0,0,0,-1
0,0,2580,1,input,3176,0,0,0,0,-1
0,0,2581,1,input,3177,0,0,0,0,1
0,0,2582,1,input,3178,0,0,0,0,1
0,0,2583,1,input,3181,0,0,0,0,-1
0,0,2584,1,input,3182,0,0,0,0,-1
0,0,2585,1,input,3183,0,0,0,0,-1
0,0,2586,1,input,3185,0,0,0,0,-1
0,0,2587,1,input,3186,0,0,0,0,-1
0,0,2588,1,input,3188,0,0,0,0,-1
0,0,2589,1,input,3189,0,0,0,0,-1
0,0,2590,1,input,3190,0,0,0,0,-1
0,0,2591,1,input,3191,0,0,0,0,-1
0,0,2592,1,input,3192,0,0,0,0,-1
0,0,2593,1,input,3194,0,0,0,0,-1
0,0,2594,1,input,3195,0,0,0,0,-1
0,0,2595,1,input,3197,0,0,0,0,1
0,0,2596,1,input,3198,0,0,0,0,1
0,0,2597,1,input,3199,0,0,0,0,-1
0,0,2598,1,input,3200,0,0,0,0,-1
0,0,2599,1,input,3202,0,0,0,0,-1
0,0,2600,1,input,3203,0,0,0,0,-1
0,0,2601,1,input,3204,0,0,0,0,-1
0,0,2602,1,input,3207,0,0,0,0,1
0,0,2603,1,input,3208,0,0,0,0,-1
0,0,2604,1,input,3209,0,0,0,0,-1
0,0,2605,1,input,3210,0,0,0,0,-1
0,0,2606,1,input,3211,0,0,0,0,-1
0,0,2607,1,input,3212,0,0,0,0,-1
0,0,2608,1,input,3213,0,0,0,0,1
0,0,2609,1,input,3214,0,0,0,0,-1
0,0,2610,1,input,3216,0,0,0,0,-1
0,0,2611,1,input,3217,0,0,0,0,-1
0,0,2612,1,input,3218,0,0,0,0,-1
0,0,2613,1,input,3219,0,0,0,0,1
0,0,2614,1,input,3220,0,0,0,0,-1
0,0,2615,1,input,3221,0,0,0,0,-1
0,0,2616,1,input,3222,0,0,0,0,-1
0,0,2617,1,input,3223,0,0,0,0,1
0,0,2618,1,input,3224,0,0,0,0,-1
0,0,2619,1,input,3226,0,0,0,0,1
0,0,2620,1,input,3227,0,0,0,0,-1
0,0,2621,1,input,3229,0,0,0,0,1
0,0,2622,1,input,3230,0,0,0,0,1
0,0,2623,1,input,3231,0,0,0,0,1
0,0,2624,1,input,3232,0,0,0,0,-1
0,0,2625,1,input,3233,0,0,0,0,-1
0,0,2626,1,input,3234,0,0,0,0,-1
0,0,2627,1,input,3236,0,0,0,0,-1
0,0,2628,1,input,3237,0,0,0,0,-1
0,0,2629,1,input,3238,0,0,0,0,1
0,0,2630,1,input,3239,0,0,0,0,-1
0,0,2631,1,input,3240,0,0,0,0,-1
0,0,2632,1,input,3241,0,0,0,0,-1
0,0,2633,1,input,3243,0,0,0,0,-1
0,0,2634,1,input,3244,0,0,0,0,-1
0,0,2635,1,input,3245,0,0,0,0,1
0,0,2636,1,input,3246,0,0,0,0,-1
0,0,2637,1,input,3247,0,0,0,0,1
0,0,2638,1,input,3249,0,0,0,0,1
0,0,2639,1,input,3250,0,0,0,0,-1
0,0,2640,1,input,3251,0,0,0,0,-1
0,0,2641,1,input,3253,0,0,0,0,-1
0,0,2642,1,input,3254,0,0,0,0,-1
0,0,2643,1,input,3255,0,0,0,0,-1
0,0,2644,1,input,3256,0,0,0,0,-1
0,0,2645,1,input,3257,0,0,0,0,-1
0,0,2646,1,input,3258,0,0,0,0,-1
0,0,2647,1,input,3259,0,0,0,0,-1
0,0,2648,1,input,3260,0,0,0,0,-1
0,0,2649,1,input,3261,0,0,0,0,-1
0,0,2650,1,input,3262,0,0,0,0,-1
0,0,2651,1,input,3263,0,0,0,0,1
0,0,2652,1,input,3264,0,0,0,0,-1
0,0,2653,1,input,3265,0,0,0,0,1
0,0,2654,1,input,3266,0,0,0,0,-1
0,0,2655,1,input,3268,0,0,0,0,-1
0,0,2656,1,input,3269,0,0,0,0,-1
0,0,2657,1,input,3270,0,0,0,0,-1
0,0,2658,1,input,3271,0,0,0,0,-1
0,0,2659,1,input,3273,0,0,0,0,-1
0,0,2660,1,input,3274,0,0,0,0,-1
0,0,2661,1,input,3275,0,0,0,0,1
0,0,2662,1,input,3276,0,0,0,0,-1
0,0,2663,1,input,3277,0,0,0,0,-1
0,0,2664,1,input,3278,0,0,0,0,-1
0,0,2665,1,input,3279,0,0,0,0,-1
0,0,2666,1,input,3280,0,0,0,0,-1
0,0,2667,1,input,3281,0,0,0,0,1
0,0,2668,1,input,3282,0,0,0,0,-1
0,0,2669,1,input,3283,0,0,0,0,-1
0,0,2670,1,input,3284,0,0,0,0,1
0,0,2671,1,input,3285,0,0,0,0,-1
0,0,2672,1,input,3287,0,0,0,0,-1
0,0,2673,1,input,3288,0,0,0,0,-1
0,0,2674,1,input,3290,0,0,0,0,1
0,0,2675,1,input,3291,0,0,0,0,-1
0,0,2676,1,input,3292,0,0,0,0,-1
0,0,2677,1,input,3293,0,0,0,0,-1
0,0,2678,1,input,3294,0,0,0,0,-1
0,0,2679,1,input,3295,0,0,0,0,1
0,0,2680,1,input,3296,0,0,0,0,-1
0,0,2681,1,input,3297,0,0,0,0,-1
0,0,2682,1,input,3298,0,0,0,0,1
0,0,2683,1,input,3299,0,0,0,0,-1
0,0,2684,1,input,3300,0,0,0,0,-1
0,0,2685,1,input,3301,0,0,0,0,-1
0,0,2686,1,input,3302,0,0,0,0,-1
0,0,2687,1,input,3303,0,0,0,0,1
0,0,2688,1,input,3306,0,0,0,0,1
0,0,2689,1,input,3307,0,0,0,0,1
0,0,2690,1,input,3308,0,0,0,0,-1
0,0,2691,1,input,3310,0,0,0,0,-1
0,0,2692,1,input,3312,0,0,0,0,-1
0,0,2693,1,input,3313,0,0,0,0,-1
0,0,2694,1,input,3314,0,0,0,0,-1
0,0,2695,1,input,3315,0,0,0,0,1
0,0,2696,1,input,3316,0,0,0,0,1
0,0,2697,1,input,3317,0,0,0,0,-1
0,0,2698,1,input,3319,0,0,0,0,-1
0,0,2699,1,input,3320,0,0,0,0,-1
0,0,2700,1,input,3321,0,0,0,0,-1
0,0,2701,1,input,3322,0,0,0,0,-1
0,0,2702,1,input,3323,0,0,0,0,-1
0,0,2703,1,input,3324,0,0,0,0,1
0,0,2704,1,input,3325,0,0,0,0,1
0,0,2705,1,input,3326,0,0,0,0,1
0,0,2706,1,input,3327,0,0,0,0,1
0,0,2707,1,input,3328,0,0,0,0,-1
0,0,2708,1,input,3329,0,0,0,0,-1
0,0,2709,1,input,3330,0,0,0,0,1
0,0,2710,1,input,3331,0,0,0,0,-1
0,0,2711,1,input,3332,0,0,0,0,-1
0,0,2712,1,input,3333,0,0,0,0,1
0,0,2713,1,input,3334,0,0,0,0,-1
0,0,2714,1,input,3335,0,0,0,0,1
0,0,2715,1,input,3336,0,0,0,0,-1
0,0,2716,1,input,3337,0,0,0,0,-1
0,0,2717,1,input,3338,0,0,0,0,-1
0,0,2718,1,input,3339,0,0,0,0,-1
0,0,2719,1,input,3341,0,0,0,0,1
0,0,2720,1,input,3344,0,0,0,0,-1
0,0,2721,1,input,3345,0,0,0,0,-1
0,0,2722,1,input,3346,0,0,0,0,-1
0,0,2723,1,input,3347,0,0,0,0,-1
0,0,2724,1,input,3349,0,0,0,0,1
0,0,2725,1,input,3350,0,0,0,0,-1
0,0,2726,1,input,3351,0,0,0,0,-1
0,0,2727,1,input,3352,0,0,0,0,-1
0,0,2728,1,input,3353,0,0,0,0,-1
0,0,2729,1,input,3354,0,0,0,0,-1
0,0,2730,1,input,3355,0,0,0,0,-1
0,0,2731,1,input,3356,0,0,0,0,1
0,0,2732,1,input,3357,0,0,0,0,-1
0,0,2733,1,input,3358,0,0,0,0,-1
0,0,2734,1,input,3359,0,0,0,0,-1
0,0,2735,1,input,3360,0,0,0,0,-1
0,0,2736,1,input,3361,0,0,0,0,-1
0,0,2737,1,input,3362,0,0,0,0,-1
0,0,2738,1,input,3363,0,0,0,0,-1
0,0,2739,1,input,3365,0,0,0,0,-1
0,0,2740,1,input,3366,0,0,0,0,1
0,0,2741,1,input,3367,0,0,0,0,-1
0,0,2742,1,input,3368,0,0,0,0,-1
0,0,2743,1,input,3370,0,0,0,0,-1
0,0,2744,1,input,3371,0,0,0,0,-1
0,0,2745,1,input,3372,0,0,0,0,-1
0,0,2746,1,input,3373,0,0,0,0,1
0,0,2747,1,input,3374,0,0,0,0,-1
0,0,2748,1,input,3376,0,0,0,0,-1
0,0,2749,1,input,3378,0,0,0,0,-1
0,0,2750,1,input,3379,0,0,0,0,-1
0,0,2751,1,input,3380,0,0,0,0,-1
0,0,2752,1,input,3381,0,0,0,0,-1
0,0,2753,1,input,3382,0,0,0,0,-1
0,0,2754,1,input,3383,0,0,0,0,1
0,0,2755,1,input,3384,0,0,0,0,-1
0,0,2756,1,input,3386,0,0,0,0,-1
0,0,2757,1,input,3388,0,0,0,0,-1
0,0,2758,1,input,3389,0,0,0,0,-1
0,0,2759,1,input,3390,0,0,0,0,-1
0,0,2760,1,input,3391,0,0,0,0,-1
0,0,2761,1,input,3392,0,0,0,0,1
0,0,2762,1,input,3393,0,0,0,0,1
0,0,2763,1,input,3394,0,0,0,0,-1
0,0,2764,1,input,3395,0,0,0,0,1
0,0,2765,1,input,3397,0,0,0,0,-1
0,0,2766,1,input,3398,0,0,0,0,-1
0,0,2767,1,input,3399,0,0,0,0,-1
0,0,2768,1,input,3400,0,0,0,0,-1
0,0,2769,1,input,3401,0,0,0,0,-1
0,0,2770,1,input,3402,0,0,0,0,-1
0,0,2771,1,input,3403,0,0,0,0,1
0,0,2772,1,input,3404,0,0,0,0,1
0,0,2773,1,input,3405,0,0,0,0,-1
0,0,2774,1,input,3406,0,0,0,0,-1
0,0,2775,1,input,3407,0,0,0,0,-1
0,0,2776,1,input,3409,0,0,0,0,-1
0,0,2777,1,input,3411,0,0,0,0,-1
0,0,2778,1,input,3412,0,0,0,0,1
0,0,2779,1,input,3413,0,0,0,0,-1
0,0,2780,1,input,3414,0,0,0,0,-1
0,0,2781,1,input,3416,0,0,0,0,-1
0,0,2782,1,input,3418,0,0,0,0,1
0,0,2783,1,input,3419,0,0,0,0,-1
0,0,2784,1,input,3423,0,0,0,0,1
0,0,2785,1,input,3424,0,0,0,0,-1
0,0,2786,1,input,3425,0,0,0,0,-1
0,0,2787,1,input,3426,0,0,0,0,1
0,0,2788,1,input,3427,0,0,0,0,-1
0,0,2789,1,input,3429,0,0,0,0,-1
0,0,2790,1,input,3431,0,0,0,0,-1
0,0,2791,1,input,3432,0,0,0,0,-1
0,0,2792,1,input,3433,0,0,0,0,-1
0,0,2793,1,input,3434,0,0,0,0,-1
0,0,2794,1,input,3435,0,0,0,0,1
0,0,2795,1,input,3438,0,0,0,0,-1
0,0,2796,1,input,3439,0,0,0,0,-1
0,0,2797,1,input,3440,0,0,0,0,-1
0,0,2798,1,input,3441,0,0,0,0,-1
0,0,2799,1,input,3442,0,0,0,0,1
0,0,2800,1,input,3443,0,0,0,0,1
0,0,2801,1,input,3444,0,0,0,0,1
0,0,2802,1,input,3445,0,0,0,0,1
0,0,2803,1,input,3447,0,0,0,0,-1
0,0,2804,1,input,3448,0,0,0,0,-1
0,0,2805,1,input,3449,0,0,0,0,-1
0,0,2806,1,input,3450,0,0,0,0,-1
0,0,2807,1,input,3451,0,0,0,0,-1
0,0,2808,1,input,3452,0,0,0,0,-1
0,0,2809,1,input,3454,0,0,0,0,-1
0,0,2810,1,input,3455,0,0,0,0,1
0,0,2811,1,input,3456,0,0,0,0,1
0,0,2812,1,input,3457,0,0,0,0,1
0,0,2813,1,input,3458,0,0,0,0,1
0,0,2814,1,input,3459,0,0,0,0,-1
0,0,2815,1,input,3460,0,0,0,0,-1
0,0,2816,1,input,3462,0,0,0,0,-1
0,0,2817,1,input,3463,0,0,0,0,-1
0,0,2818,1,input,3464,0,0,0,0,-1
0,0,2819,1,input,3465,0,0,0,0,-1
0,0,2820,1,input,3466,0,0,0,0,-1
0,0,2821,1,input,3467,0,0,0,0,-1
0,0,2822,1,input,3468,0,0,0,0,-1
0,0,2823,1,input,3470,0,0,0,0,1
0,0,2824,1,input,3473,0,0,0,0,-1
0,0,2825,1,input,3475,0,0,0,0,-1
0,0,2826,1,input,3477,0,0,0,0,-1
0,0,2827,1,input,3478,0,0,0,0,-1
0,0,2828,1,input,3479,0,0,0,0,-1
0,0,2829,1,input,3480,0,0,0,0,-1
0,0,2830,1,input,3481,0,0,0,0,-1
0,0,2831,1,input,3482,0,0,0,0,-1
0,0,2832,1,input,3483,0,0,0,0,-1
0,0,2833,1,input,3486,0,0,0,0,1
0,0,2834,1,input,3487,0,0,0,0,-1
0,0,2835,1,input,3488,0,0,0,0,-1
0,0,2836,1,input,3489,0,0,0,0,-1
0,0,2837,1,input,3491,0,0,0,0,-1
0,0,2838,1,input,3492,0,0,0,0,-1
0,0,2839,1,input,3493,0,0,0,0,-1
0,0,2840,1,input,3495,0,0,0,0,-1
0,0,2841,1,input,3496,0,0,0,0,-1
0,0,2842,1,input,3497,0,0,0,0,-1
0,0,2843,1,input,3498,0,0,0,0,-1
0,0,2844,1,input,3499,0,0,0,0,-1
0,0,2845,1,input,3500,0,0,0,0,-1
0,0,2846,1,input,3501,0,0,0,0,1
0,0,2847,1,input,3503,0,0,0,0,1
0,0,2848,1,input,3504,0,0,0,0,1
0,0,2849,1,input,3505,0,0,0,0,-1
0,0,2850,1,input,3506,0,0,0,0,-1
0,0,2851,1,input,3507,0,0,0,0,-1
0,0,2852,1,input,3509,0,0,0,0,-1
0,0,2853,1,input,3510,0,0,0,0,-1
0,0,2854,1,input,3511,0,0,0,0,-1
0,0,2855,1,input,3513,0,0,0,0,-1
0,0,2856,1,input,3514,0,0,0,0,-1
0,0,2857,1,input,3515,0,0,0,0,-1
0,0,2858,1,input,3517,0,0,0,0,-1
0,0,2859,1,input,3519,0,0,0,0,-1
0,0,2860,1,input,3520,0,0,0,0,1
0,0,2861,1,input,3521,0,0,0,0,-1
0,0,2862,1,input,3522,0,0,0,0,-1
0,0,2863,1,input,3523,0,0,0,0,1
0,0,2864,1,input,3525,0,0,0,0,1
0,0,2865,1,input,3526,0,0,0,0,-1
0,0,2866,1,input,3527,0,0,0,0,1
0,0,2867,1,input,3528,0,0,0,0,-1
0,0,2868,1,input,3529,0,0,0,0,-1
0,0,2869,1,input,3530,0,0,0,0,-1
0,0,2870,1,input,3532,0,0,0,0,1
0,0,2871,1,input,3534,0,0,0,0,-1
0,0,2872,1,input,3535,0,0,0,0,-1
0,0,2873,1,input,3536,0,0,0,0,1
0,0,2874,1,input,3537,0,0,0,0,-1
0,0,2875,1,input,3538,0,0,0,0,1
0,0,2876,1,input,3539,0,0,0,0,-1
0,0,2877,1,input,3540,0,0,0,0,-1
0,0,2878,1,input,3541,0,0,0,0,1
0,0,2879,1,input,3542,0,0,0,0,-1
0,0,2880,1,input,3544,0,0,0,0,-1
0,0,2881,1,input,3545,0,0,0,0,-1
0,0,2882,1,input,3547,0,0,0,0,-1
0,0,2883,1,input,3549,0,0,0,0,1
0,0,2884,1,input,3551,0,0,0,0,-1
0,0,2885,1,input,3552,0,0,0,0,1
0,0,2886,1,input,3553,0,0,0,0,-1
0,0,2887,1,input,3554,0,0,0,0,1
0,0,2888,1,input,3556,0,0,0,0,-1
0,0,2889,1,input,3557,0,0,0,0,-1
0,0,2890,1,input,3558,0,0,0,0,-1
0,0,2891,1,input,3561,0,0,0,0,-1
0,0,2892,1,input,3563,0,0,0,0,1
0,0,2893,1,input,3564,0,0,0,0,1
0,0,2894,1,input,3565,0,0,0,0,1
0,0,2895,1,input,3566,0,0,0,0,1
0,0,2896,1,input,3567,0,0,0,0,-1
0,0,2897,1,input,3569,0,0,0,0,-1
0,0,2898,1,input,3570,0,0,0,0,-1
0,0,2899,1,input,3572,0,0,0,0,1
0,0,2900,1,input,3573,0,0,0,0,-1
0,0,2901,1,input,3575,0,0,0,0,-1
0,0,2902,1,input,3576,0,0,0,0,-1
0,0,2903,1,input,3577,0,0,0,0,1
0,0,2904,1,input,3578,0,0,0,0,-1
0,0,2905,1,input,3579,0,0,0,0,-1
0,0,2906,1,input,3580,0,0,0,0,-1
0,0,2907,1,input,3581,0,0,0,0,-1
0,0,2908,1,input,3584,0,0,0,0,-1
0,0,2909,1,input,3585,0,0,0,0,-1
0,0,2910,1,input,3586,0,0,0,0,1
0,0,2911,1,input,3587,0,0,0,0,-1
0,0,2912,1,input,3589,0,0,0,0,-1
0,0,2913,1,input,3590,0,0,0,0,-1
0,0,2914,1,input,3591,0,0,0,0,-1
0,0,2915,1,input,3593,0,0,0,0,-1
0,0,2916,1,input,3594,0,0,0,0,-1
0,0,2917,1,input,3595,0,0,0,0,-1
0,0,2918,1,input,3597,0,0,0,0,-1
0,0,2919,1,input,3598,0,0,0,0,1
0,0,2920,1,input,3599,0,0,0,0,-1
0,0,2921,1,input,3600,0,0,0,0,-1
0,0,2922,1,input,3601,0,0,0,0,-1
0,0,2923,1,input,3602,0,0,0,0,-1
0,0,2924,1,input,3603,0,0,0,0,-1
0,0,2925,1,input,3604,0,0,0,0,-1
0,0,2926,1,input,3606,0,0,0,0,-1
0,0,2927,1,input,3607,0,0,0,0,1
0,0,2928,1,input,3608,0,0,0,0,-1
0,0,2929,1,input,3609,0,0,0,0,-1
0,0,2930,1,input,3610,0,0,0,0,1
0,0,2931,1,input,3611,0,0,0,0,-1
0,0,2932,1,input,3612,0,0,0,0,1
0,0,2933,1,input,3613,0,0,0,0,-1
0,0,2934,1,input,3614,0,0,0,0,-1
0,0,2935,1,input,3615,0,0,0,0,-1
0,0,2936,1,input,3617,0,0,0,0,-1
0,0,2937,1,input,3618,0,0,0,0,-1
0,0,2938,1,input,3619,0,0,0,0,-1
0,0,2939,1,input,3620,0,0,0,0,-1
0,0,2940,1,input,3621,0,0,0,0,-1
0,0,2941,1,input,3622,0,0,0,0,-1
0,0,2942,1,input,3623,0,0,0,0,-1
0,0,2943,1,input,3625,0,0,0,0,1
0,0,2944,1,input,3626,0,0,0,0,-1
0,0,2945,1,input,3627,0,0,0,0,1
0,0,2946,1,input,3628,0,0,0,0,-1
0,0,2947,1,input,3629,0,0,0,0,1
0,0,2948,1,input,3631,0,0,0,0,1
0,0,2949,1,input,3632,0,0,0,0,-1
0,0,2950,1,input,3633,0,0,0,0,-1
0,0,2951,1,input,3634,0,0,0,0,1
0,0,2952,1,input,3635,0,0,0,0,-1
0,0,2953,1,input,3636,0,0,0,0,-1
0,0,2954,1,input,3637,0,0,0,0,-1
0,0,2955,1,input,3638,0,0,0,0,-1
0,0,2956,1,input,3640,0,0,0,0,-1
0,0,2957,1,input,3641,0,0,0,0,-1
0,0,2958,1,input,3642,0,0,0,0,-1
0,0,2959,1,input,3643,0,0,0,0,-1
0,0,2960,1,input,3644,0,0,0,0,1
0,0,2961,1,input,3645,0,0,0,0,-1
0,0,2962,1,input,3647,0,0,0,0,-1
0,0,2963,1,input,3648,0,0,0,0,1
0,0,2964,1,input,3649,0,0,0,0,1
0,0,2965,1,input,3650,0,0,0,0,-1
0,0,2966,1,input,3651,0,0,0,0,1
0,0,2967,1,input,3653,0,0,0,0,-1
0,0,2968,1,input,3654,0,0,0,0,-1
0,0,2969,1,input,3657,0,0,0,0,-1
0,0,2970,1,input,3658,0,0,0,0,1
0,0,2971,1,input,3659,0,0,0,0,-1
0,0,2972,1,input,3660,0,0,0,0,1
0,0,2973,1,input,3661,0,0,0,0,-1
0,0,2974,1,input,3662,0,0,0,0,-1
0,0,2975,1,input,3663,0,0,0,0,-1
0,0,2976,1,input,3664,0,0,0,0,-1
0,0,2977,1,input,3665,0,0,0,0,-1
0,0,2978,1,input,3666,0,0,0,0,-1
0,0,2979,1,input,3667,0,0,0,0,-1
0,0,2980,1,input,3668,0,0,0,0,-1
0,0,2981,1,input,3670,0,0,0,0,-1
0,0,2982,1,input,3671,0,0,0,0,-1
0,0,2983,1,input,3672,0,0,0,0,-1
0,0,2984,1,input,3673,0,0,0,0,-1
0,0,2985,1,input,3674,0,0,0,0,-1
0,0,2986,1,input,3675,0,0,0,0,-1
0,0,2987,1,input,3676,0,0,0,0,1
0,0,2988,1,input,3678,0,0,0,0,-1
0,0,2989,1,input,3679,0,0,0,0,-1
0,0,2990,1,input,3680,0,0,0,0,1
0,0,2991,1,input,3681,0,0,0,0,-1
0,0,2992,1,input,3682,0,0,0,0,1
0,0,2993,1,input,3683,0,0,0,0,-1
0,0,2994,1,input,3684,0,0,0,0,-1
0,0,2995,1,input,3687,0,0,0,0,-1
0,0,2996,1,input,3688,0,0,0,0,-1
0,0,2997,1,input,3689,0,0,0,0,-1
0,0,2998,1,input,3690,0,0,0,0,-1
0,0,2999,1,input,3691,0,0,0,0,1
0,0,3000,1,input,3692,0,0,0,0,-1
0,0,3001,1,input,3695,0,0,0,0,-1
0,0,3002,1,input,3696,0,0,0,0,-1
0,0,3003,1,input,3697,0,0,0,0,-1
0,0,3004,1,input,3698,0,0,0,0,-1
0,0,3005,1,input,3699,0,0,0,0,-1
0,0,3006,1,input,3701,0,0,0,0,-1
0,0,3007,1,input,3703,0,0,0,0,-1
0,0,3008,1,input,3704,0,0,0,0,-1
0,0,3009,1,input,3705,0,0,0,0,-1
0,0,3010,1,input,3706,0,0,0,0,1
0,0,3011,1,input,3707,0,0,0,0,-1
0,0,3012,1,input,3708,0,0,0,0,-1
0,0,3013,1,input,3709,0,0,0,0,-1
0,0,3014,1,input,3710,0,0,0,0,-1
0,0,3015,1,input,3711,0,0,0,0,-1
0,0,3016,1,input,3712,0,0,0,0,-1
0,0,3017,1,input,3713,0,0,0,0,1
0,0,3018,1,input,3714,0,0,0,0,-1
0,0,3019,1,input,3715,0,0,0,0,-1
0,0,3020,1,input,3716,0,0,0,0,-1
0,0,3021,1,input,3717,0,0,0,0,-1
0,0,3022,1,input,3718,0,0,0,0,1
0,0,3023,1,input,3719,0,0,0,0,-1
0,0,3024,1,input,3720,0,0,0,0,-1
0,0,3025,1,input,3721,0,0,0,0,-1
0,0,3026,1,input,3722,0,0,0,0,-1
0,0,3027,1,input,3723,0,0,0,0,-1
0,0,3028,1,input,3724,0,0,0,0,-1
0,0,3029,1,input,3725,0,0,0,0,-1
0,0,3030,1,input,3726,0,0,0,0,1
0,0,3031,1,input,3729,0,0,0,0,-1
0,0,3032,1,input,3730,0,0,0,0,-1
0,0,3033,1,input,3731,0,0,0,0,-1
0,0,3034,1,input,3732,0,0,0,0,-1
0,0,3035,1,input,3733,0,0,0,0,-1
0,0,3036,1,input,3736,0,0,0,0,-1
0,0,3037,1,input,3738,0,0,0,0,-1
0,0,3038,1,input,3739,0,0,0,0,-1
0,0,3039,1,input,3740,0,0,0,0,-1
0,0,3040,1,input,3741,0,0,0,0,-1
0,0,3041,1,input,3742,0,0,0,0,1
0,0,3042,1,input,3745,0,0,0,0,1
0,0,3043,1,input,3746,0,0,0,0,-1
0,0,3044,1,input,3747,0,0,0,0,-1
0,0,3045,1,input,3748,0,0,0,0,-1
0,0,3046,1,input,3749,0,0,0,0,-1
0,0,3047,1,input,3750,0,0,0,0,-1
0,0,3048,1,input,3751,0,0,0,0,-1
0,0,3049,1,input,3752,0,0,0,0,-1
0,0,3050,1,input,3753,0,0,0,0,-1
0,0,3051,1,input,3754,0,0,0,0,-1
0,0,3052,1,input,3756,0,0,0,0,-1
0,0,3053,1,input,3757,0,0,0,0,1
0,0,3054,1,input,3759,0,0,0,0,-1
0,0,3055,1,input,3760,0,0,0,0,-1
0,0,3056,1,input,3761,0,0,0,0,1
0,0,3057,1,input,3762,0,0,0,0,-1
0,0,3058,1,input,3763,0,0,0,0,-1
0,0,3059,1,input,3764,0,0,0,0,-1
0,0,3060,1,input,3765,0,0,0,0,-1
0,0,3061,1,input,3766,0,0,0,0,-1
0,0,3062,1,input,3767,0,0,0,0,-1
0,0,3063,1,input,3768,0,0,0,0,-1
0,0,3064,1,input,3769,0,0,0,0,-1
0,0,3065,1,input,3770,0,0,0,0,-1
0,0,3066,1,input,3771,0,0,0,0,-1
0,0,3067,1,input,3772,0,0,0,0,1
0,0,3068,1,input,3773,0,0,0,0,1
0,0,3069,1,input,3774,0,0,0,0,1
0,0,3070,1,input,3775,0,0,0,0,-1
0,0,3071,1,input,3776,0,0,0,0,1
0,0,3072,1,input,3778,0,0,0,0,-1
0,0,3073,1,input,3780,0,0,0,0,-1
0,0,3074,1,input,3781,0,0,0,0,-1
0,0,3075,1,input,3782,0,0,0,0,-1
0,0,3076,1,input,3783,0,0,0,0,1
0,0,3077,1,input,3784,0,0,0,0,-1
0,0,3078,1,input,3785,0,0,0,0,-1
0,0,3079,1,input,3787,0,0,0,0,-1
0,0,3080,1,input,3788,0,0,0,0,-1
0,0,3081,1,input,3790,0,0,0,0,-1
0,0,3082,1,input,3791,0,0,0,0,-1
0,0,3083,1,input,3793,0,0,0,0,-1
0,0,3084,1,input,3794,0,0,0,0,1
0,0,3085,1,input,3795,0,0,0,0,-1
0,0,3086,1,input,3796,0,0,0,0,-1
0,0,3087,1,input,3797,0,0,0,0,1
0,0,3088,1,input,3798,0,0,0,0,-1
0,0,3089,1,input,3799,0,0,0,0,-1
0,0,3090,1,input,3800,0,0,0,0,-1
0,0,3091,1,input,3801,0,0,0,0,-1
0,0,3092,1,input,3803,0,0,0,0,-1
0,0,3093,1,input,3804,0,0,0,0,-1
0,0,3094,1,input,3805,0,0,0,0,1
0,0,3095,1,input,3806,0,0,0,0,-1
0,0,3096,1,input,3807,0,0,0,0,-1
0,0,3097,1,input,3808,0,0,0,0,1
0,0,3098,1,input,3809,0,0,0,0,-1
0,0,3099,1,input,3812,0,0,0,0,-1
0,0,3100,1,input,3813,0,0,0,0,-1
0,0,3101,1,input,3815,0,0,0,0,-1
0,0,3102,1,input,3816,0,0,0,0,-1
0,0,3103,1,input,3817,0,0,0,0,-1
0,0,3104,1,input,3818,0,0,0,0,-1
0,0,3105,1,input,3819,0,0,0,0,1
0,0,3106,1,input,3820,0,0,0,0,-1
0,0,3107,1,input,3821,0,0,0,0,-1
0,0,3108,1,input,3822,0,0,0,0,-1
0,0,3109,1,input,3823,0,0,0,0,-1
0,0,3110,1,input,3825,0,0,0,0,-1
0,0,3111,1,input,3826,0,0,0,0,-1
0,0,3112,1,input,3827,0,0,0,0,-1
0,0,3113,1,input,3829,0,0,0,0,-1
0,0,3114,1,input,3832,0,0,0,0,-1
0,0,3115,1,input,3833,0,0,0,0,1
0,0,3116,1,input,3834,0,0,0,0,-1
0,0,3117,1,input,3835,0,0,0,0,-1
0,0,3118,1,input,3836,0,0,0,0,1
0,0,3119,1,input,3837,0,0,0,0,-1
0,0,3120,1,input,3838,0,0,0,0,-1
0,0,3121,1,input,3839,0,0,0,0,-1
0,0,3122,1,input,3840,0,0,0,0,-1
0,0,3123,1,input,3841,0,0,0,0,-1
0,0,3124,1,input,3842,0,0,0,0,-1
0,0,3125,1,input,3844,0,0,0,0,-1
0,0,3126,1,input,3845,0,0,0,0,-1
0,0,3127,1,input,3846,0,0,0,0,1
0,0,3128,1,input,3848,0,0,0,0,-1
0,0,3129,1,input,3849,0,0,0,0,-1
0,0,3130,1,input,3851,0,0,0,0,-1
0,0,3131,1,input,3852,0,0,0,0,1
0,0,3132,1,input,3853,0,0,0,0,-1
0,0,3133,1,input,3854,0,0,0,0,-1
0,0,3134,1,input,3855,0,0,0,0,-1
0,0,3135,1,input,3856,0,0,0,0,-1
0,0,3136,1,input,3859,0,0,0,0,-1
0,0,3137,1,input,3860,0,0,0,0,-1
0,0,3138,1,input,3861,0,0,0,0,-1
0,0,3139,1,input,3863,0,0,0,0,1
0,0,3140,1,input,3864,0,0,0,0,-1
0,0,3141,1,input,3866,0,0,0,0,-1
0,0,3142,1,input,3867,0,0,0,0,-1
0,0,3143,1,input,3868,0,0,0,0,-1
0,0,3144,1,input,3869,0,0,0,0,-1
0,0,3145,1,input,3870,0,0,0,0,-1
0,0,3146,1,input,3871,0,0,0,0,-1
0,0,3147,1,input,3872,0,0,0,0,-1
0,0,3148,1,input,3873,0,0,0,0,-1
0,0,3149,1,input,3875,0,0,0,0,-1
0,0,3150,1,input,3876,0,0,0,0,-1
0,0,3151,1,input,3877,0,0,0,0,-1
0,0,3152,1,input,3878,0,0,0,0,-1
0,0,3153,1,input,3879,0,0,0,0,-1
0,0,3154,1,input,3880,0,0,0,0,-1
0,0,3155,1,input,3881,0,0,0,0,-1
0,0,3156,1,input,3882,0,0,0,0,-1
0,0,3157,1,input,3883,0,0,0,0,1
0,0,3158,1,input,3884,0,0,0,0,-1
0,0,3159,1,input,3886,0,0,0,0,-1
0,0,3160,1,input,3887,0,0,0,0,-1
0,0,3161,1,input,3888,0,0,0,0,-1
0,0,3162,1,input,3889,0,0,0,0,-1
0,0,3163,1,input,3890,0,0,0,0,-1
0,0,3164,1,input,3891,0,0,0,0,-1
0,0,3165,1,input,3892,0,0,0,0,-1
0,0,3166,1,input,3893,0,0,0,0,-1
0,0,3167,1,input,3894,0,0,0,0,-1
0,0,3168,1,input,3895,0,0,0,0,-1
0,0,3169,1,input,3896,0,0,0,0,-1
0,0,3170,1,input,3898,0,0,0,0,-1
0,0,3171,1,input,3899,0,0,0,0,-1
0,0,3172,1,input,3900,0,0,0,0,-1
0,0,3173,1,input,3901,0,0,0,0,-1
0,0,3174,1,input,3902,0,0,0,0,-1
0,0,3175,1,input,3903,0,0,0,0,-1
0,0,3176,1,input,3904,0,0,0,0,1
0,0,3177,1,input,3905,0,0,0,0,-1
0,0,3178,1,input,3906,0,0,0,0,-1
0,0,3179,1,input,3908,0,0,0,0,-1
0,0,3180,1,input,3909,0,0,0,0,-1
0,0,3181,1,input,3910,0,0,0,0,-1
0,0,3182,1,input,3911,0,0,0,0,-1
0,0,3183,1,input,3912,0,0,0,0,1
0,0,3184,1,input,3913,0,0,0,0,-1
0,0,3185,1,input,3914,0,0,0,0,-1
0,0,3186,1,input,3915,0,0,0,0,-1
0,0,3187,1,input,3916,0,0,0,0,-1
0,0,3188,1,input,3917,0,0,0,0,-1
0,0,3189,1,input,3918,0,0,0,0,-1
0,0,3190,1,input,3919,0,0,0,0,-1
0,0,3191,1,input,3920,0,0,0,0,-1
0,0,3192,1,input,3922,0,0,0,0,-1
0,0,3193,1,input,3923,0,0,0,0,-1
0,0,3194,1,input,3924,0,0,0,0,-1
0,0,3195,1,input,3925,0,0,0,0,-1
0,0,3196,1,input,3927,0,0,0,0,-1
0,0,3197,1,input,3928,0,0,0,0,-1
0,0,3198,1,input,3929,0,0,0,0,1
0,0,3199,1,input,3930,0,0,0,0,-1
0,0,3200,1,input,3931,0,0,0,0,-1
0,0,3201,1,input,3932,0,0,0,0,-1
0,0,3202,1,input,3934,0,0,0,0,-1
0,0,3203,1,input,3935,0,0,0,0,-1
0,0,3204,1,input,3936,0,0,0,0,-1
0,0,3205,1,input,3937,0,0,0,0,-1
0,0,3206,1,input,3938,0,0,0,0,1
0,0,3207,1,input,3939,0,0,0,0,-1
0,0,3208,1,input,3940,0,0,0,0,-1
0,0,3209,1,input,3941,0,0,0,0,-1
0,0,3210,1,input,3942,0,0,0,0,1
0,0,3211,1,input,3943,0,0,0,0,-1
0,0,3212,1,input,3944,0,0,0,0,-1
0,0,3213,1,input,3945,0,0,0,0,-1
0,0,3214,1,input,3946,0,0,0,0,-1
0,0,3215,1,input,3947,0,0,0,0,-1
0,0,3216,1,input,3948,0,0,0,0,-1
0,0,3217,1,input,3949,0,0,0,0,-1
0,0,3218,1,input,3950,0,0,0,0,-1
0,0,3219,1,input,3951,0,0,0,0,1
0,0,3220,1,input,3952,0,0,0,0,-1
0,0,3221,1,input,3953,0,0,0,0,-1
0,0,3222,1,input,3954,0,0,0,0,-1
0,0,3223,1,input,3955,0,0,0,0,-1
0,0,3224,1,input,3956,0,0,0,0,-1
0,0,3225,1,input,3957,0,0,0,0,-1
0,0,3226,1,input,3959,0,0,0,0,1
0,0,3227,1,input,3960,0,0,0,0,-1
0,0,3228,1,input,3961,0,0,0,0,-1
0,0,3229,1,input,3962,0,0,0,0,-1
0,0,3230,1,input,3963,0,0,0,0,-1
0,0,3231,1,input,3965,0,0,0,0,-1
0,0,3232,1,input,3966,0,0,0,0,-1
0,0,3233,1,input,3967,0,0,0,0,-1
0,0,3234,1,input,3968,0,0,0,0,-1
0,0,3235,1,input,3969,0,0,0,0,-1
0,0,3236,1,input,3970,0,0,0,0,-1
0,0,3237,1,input,3971,0,0,0,0,-1
0,0,3238,1,input,3972,0,0,0,0,-1
0,0,3239,1,input,3973,0,0,0,0,-1
0,0,3240,1,input,3974,0,0,0,0,1
0,0,3241,1,input,3976,0,0,0,0,-1
0,0,3242,1,input,3977,0,0,0,0,-1
0,0,3243,1,input,3978,0,0,0,0,1
0,0,3244,1,input,3980,0,0,0,0,-1
0,0,3245,1,input,3981,0,0,0,0,-1
0,0,3246,1,input,3982,0,0,0,0,-1
0,0,3247,1,input,3983,0,0,0,0,1
0,0,3248,1,input,3984,0,0,0,0,1
0,0,3249,1,input,3985,0,0,0,0,-1
0,0,3250,1,input,3989,0,0,0,0,-1
0,0,3251,1,input,3992,0,0,0,0,-1
0,0,3252,1,input,3993,0,0,0,0,1
0,0,3253,1,input,3994,0,0,0,0,-1
0,0,3254,1,input,3995,0,0,0,0,-1
0,0,3255,1,input,3996,0,0,0,0,-1
0,0,3256,1,input,3999,0,0,0,0,-1
0,0,3257,1,input,4000,0,0,0,0,-1
0,0,3258,1,input,4002,0,0,0,0,1
0,0,3259,1,input,4004,0,0,0,0,-1
0,0,3260,1,input,4005,0,0,0,0,-1
0,0,3261,1,input,4006,0,0,0,0,-1
0,0,3262,1,input,4007,0,0,0,0,-1
0,0,3263,1,input,4008,0,0,0,0,-1
0,0,3264,1,input,4009,0,0,0,0,-1
0,0,3265,1,input,4010,0,0,0,0,-1
0,0,3266,1,input,4012,0,0,0,0,-1
0,0,3267,1,input,4013,0,0,0,0,-1
0,0,3268,1,input,4015,0,0,0,0,-1
0,0,3269,1,input,4016,0,0,0,0,-1
0,0,3270,1,input,4017,0,0,0,0,1
0,0,3271,1,input,4019,0,0,0,0,-1
0,0,3272,1,input,4020,0,0,0,0,-1
0,0,3273,1,input,4021,0,0,0,0,-1
0,0,3274,1,input,4022,0,0,0,0,-1
0,0,3275,1,input,4024,0,0,0,0,1
0,0,3276,1,input,4028,0,0,0,0,-1
0,0,3277,1,input,4031,0,0,0,0,-1
0,0,3278,1,input,4032,0,0,0,0,-1
0,0,3279,1,input,4033,0,0,0,0,1
0,0,3280,1,input,4034,0,0,0,0,-1
0,0,3281,1,input,4036,0,0,0,0,-1
0,0,3282,1,input,4037,0,0,0,0,-1
0,0,3283,1,input,4038,0,0,0,0,-1
0,0,3284,1,input,4039,0,0,0,0,-1
0,0,3285,1,input,4040,0,0,0,0,1
0,0,3286,1,input,4041,0,0,0,0,-1
0,0,3287,1,input,4043,0,0,0,0,1
0,0,3288,1,input,4044,0,0,0,0,-1
0,0,3289,1,input,4045,0,0,0,0,-1
0,0,3290,1,input,4047,0,0,0,0,-1
0,0,3291,1,input,4050,0,0,0,0,-1
0,0,3292,1,input,4051,0,0,0,0,1
0,0,3293,1,input,4052,0,0,0,0,-1
0,0,3294,1,input,4053,0,0,0,0,-1
0,0,3295,1,input,4054,0,0,0,0,-1
0,0,3296,1,input,4055,0,0,0,0,-1
0,0,3297,1,input,4056,0,0,0,0,-1
0,0,3298,1,input,4058,0,0,0,0,-1
0,0,3299,1,input,4059,0,0,0,0,-1
0,0,3300,1,input,4060,0,0,0,0,-1
0,0,3301,1,input,4062,0,0,0,0,-1
0,0,3302,1,input,4063,0,0,0,0,-1
0,0,3303,1,input,4065,0,0,0,0,-1
0,0,3304,1,input,4066,0,0,0,0,1
0,0,3305,1,input,4067,0,0,0,0,-1
0,0,3306,1,input,4068,0,0,0,0,-1
0,0,3307,1,input,4069,0,0,0,0,-1
0,0,3308,1,input,4070,0,0,0,0,-1
0,0,3309,1,input,4071,0,0,0,0,-1
0,0,3310,1,input,4072,0,0,0,0,-1
0,0,3311,1,input,4075,0,0,0,0,-1
0,0,3312,1,input,4076,0,0,0,0,-1
0,0,3313,1,input,4077,0,0,0,0,-1
0,0,3314,1,input,4078,0,0,0,0,1
0,0,3315,1,input,4080,0,0,0,0,-1
0,0,3316,1,input,4081,0,0,0,0,-1
0,0,3317,1,input,4082,0,0,0,0,-1
0,0,3318,1,input,4083,0,0,0,0,-1
0,0,3319,1,input,4084,0,0,0,0,1
0,0,3320,1,input,4085,0,0,0,0,-1
0,0,3321,1,input,4086,0,0,0,0,-1
0,0,3322,1,input,4087,0,0,0,0,1
0,0,3323,1,input,4088,0,0,0,0,-1
0,0,3324,1,input,4089,0,0,0,0,-1
0,0,3325,1,input,4090,0,0,0,0,-1
0,0,3326,1,input,4091,0,0,0,0,-1
0,0,3327,1,input,4092,0,0,0,0,1
0,0,3328,1,input,4093,0,0,0,0,-1
0,0,3329,1,input,4094,0,0,0,0,-1
0,0,3330,1,input,4095,0,0,0,0,-1
0,0,3331,1,input,4096,0,0,0,0,-1
0,0,3332,1,input,4097,0,0,0,0,-1
0,0,3333,1,input,4098,0,0,0,0,-1
0,0,3334,1,input,4099,0,0,0,0,-1
0,0,3335,1,input,4100,0,0,0,0,-1
0,0,3336,1,input,4101,0,0,0,0,-1
0,0,3337,1,input,4102,0,0,0,0,1
0,0,3338,1,input,4103,0,0,0,0,1
0,0,3339,1,input,4104,0,0,0,0,-1
0,0,3340,1,input,4106,0,0,0,0,-1
0,0,3341,1,input,4107,0,0,0,0,-1
0,0,3342,1,input,4109,0,0,0,0,1
0,0,3343,1,input,4110,0,0,0,0,-1
0,0,3344,1,input,4111,0,0,0,0,-1
0,0,3345,1,input,4112,0,0,0,0,1
0,0,3346,1,input,4113,0,0,0,0,-1
0,0,3347,1,input,4116,0,0,0,0,-1
0,0,3348,1,input,4117,0,0,0,0,-1
0,0,3349,1,input,4118,0,0,0,0,-1
0,0,3350,1,input,4119,0,0,0,0,-1
0,0,3351,1,input,4120,0,0,0,0,-1
0,0,3352,1,input,4121,0,0,0,0,-1
0,0,3353,1,input,4124,0,0,0,0,-1
0,0,3354,1,input,4126,0,0,0,0,-1
0,0,3355,1,input,4128,0,0,0,0,-1
0,0,3356,1,input,4129,0,0,0,0,-1
0,0,3357,1,input,4130,0,0,0,0,-1
0,0,3358,1,input,4131,0,0,0,0,-1
0,0,3359,1,input,4132,0,0,0,0,-1
0,0,3360,1,input,4133,0,0,0,0,1
0,0,3361,1,input,4134,0,0,0,0,1
0,0,3362,1,input,4136,0,0,0,0,-1
0,0,3363,1,input,4137,0,0,0,0,-1
0,0,3364,1,input,4138,0,0,0,0,1
0,0,3365,1,input,4139,0,0,0,0,-1
0,0,3366,1,input,4140,0,0,0,0,-1
0,0,3367,1,input,4143,0,0,0,0,-1
0,0,3368,1,input,4147,0,0,0,0,-1
0,0,3369,1,input,4148,0,0,0,0,-1
0,0,3370,1,input,4149,0,0,0,0,-1
0,0,3371,1,input,4150,0,0,0,0,1
0,0,3372,1,input,4152,0,0,0,0,-1
0,0,3373,1,input,4153,0,0,0,0,-1
0,0,3374,1,input,4154,0,0,0,0,-1
0,0,3375,1,input,4155,0,0,0,0,-1
0,0,3376,1,input,4156,0,0,0,0,-1
0,0,3377,1,input,4157,0,0,0,0,-1
0,0,3378,1,input,4159,0,0,0,0,-1
0,0,3379,1,input,4160,0,0,0,0,-1
0,0,3380,1,input,4162,0,0,0,0,-1
0,0,3381,1,input,4163,0,0,0,0,-1
0,0,3382,1,input,4164,0,0,0,0,-1
0,0,3383,1,input,4165,0,0,0,0,-1
0,0,3384,1,input,4166,0,0,0,0,1
0,0,3385,1,input,4167,0,0,0,0,-1
0,0,3386,1,input,4168,0,0,0,0,-1
0,0,3387,1,input,4169,0,0,0,0,-1
0,0,3388,1,input,4170,0,0,0,0,-1
0,0,3389,1,input,4171,0,0,0,0,1
0,0,3390,1,input,4172,0,0,0,0,-1
0,0,3391,1,input,4174,0,0,0,0,-1
0,0,3392,1,input,4175,0,0,0,0,-1
0,0,3393,1,input,4176,0,0,0,0,1
0,0,3394,1,input,4177,0,0,0,0,1
0,0,3395,1,input,4178,0,0,0,0,-1
0,0,3396,1,input,4179,0,0,0,0,-1
0,0,3397,1,input,4180,0,0,0,0,-1
0,0,3398,1,input,4181,0,0,0,0,-1
0,0,3399,1,input,4182,0,0,0,0,-1
0,0,3400,1,input,4183,0,0,0,0,-1
0,0,3401,1,input,4184,0,0,0,0,-1
0,0,3402,1,input,4185,0,0,0,0,-1
0,0,3403,1,input,4186,0,0,0,0,-1
0,0,3404,1,input,4187,0,0,0,0,1
0,0,3405,1,input,4188,0,0,0,0,-1
0,0,3406,1,input,4189,0,0,0,0,1
0,0,3407,1,input,4190,0,0,0,0,-1
0,0,3408,1,input,4191,0,0,0,0,-1
0,0,3409,1,input,4192,0,0,0,0,-1
0,0,3410,1,input,4194,0,0,0,0,1
0,0,3411,1,input,4195,0,0,0,0,-1
0,0,3412,1,input,4196,0,0,0,0,-1
0,0,3413,1,input,4198,0,0,0,0,-1
0,0,3414,1,input,4200,0,0,0,0,-1
0,0,3415,1,input,4202,0,0,0,0,1
0,0,3416,1,input,4205,0,0,0,0,-1
0,0,3417,1,input,4206,0,0,0,0,-1
0,0,3418,1,input,4207,0,0,0,0,-1
0,0,3419,1,input,4209,0,0,0,0,-1
0,0,3420,1,input,4210,0,0,0,0,-1
0,0,3421,1,input,4212,0,0,0,0,-1
0,0,3422,1,input,4213,0,0,0,0,-1
0,0,3423,1,input,4214,0,0,0,0,-1
0,0,3424,1,input,4215,0,0,0,0,-1
0,0,3425,1,input,4216,0,0,0,0,-1
0,0,3426,1,input,4218,0,0,0,0,-1
0,0,3427,1,input,4219,0,0,0,0,-1
0,0,3428,1,input,4220,0,0,0,0,1
0,0,3429,1,input,4221,0,0,0,0,1
0,0,3430,1,input,4223,0,0,0,0,-1
0,0,3431,1,input,4224,0,0,0,0,-1
0,0,3432,1,input,4226,0,0,0,0,-1
0,0,3433,1,input,4228,0,0,0,0,-1
0,0,3434,1,input,4229,0,0,0,0,1
0,0,3435,1,input,4231,0,0,0,0,-1
0,0,3436,1,input,4232,0,0,0,0,1
0,0,3437,1,input,4233,0,0,0,0,1
0,0,3438,1,input,4234,0,0,0,0,-1
0,0,3439,1,input,4235,0,0,0,0,-1
0,0,3440,1,input,4236,0,0,0,0,-1
0,0,3441,1,input,4237,0,0,0,0,1
0,0,3442,1,input,4238,0,0,0,0,-1
0,0,3443,1,input,4239,0,0,0,0,-1
0,0,3444,1,input,4240,0,0,0,0,1
0,0,3445,1,input,4241,0,0,0,0,-1
0,0,3446,1,input,4243,0,0,0,0,-1
0,0,3447,1,input,4244,0,0,0,0,-1
0,0,3448,1,input,4245,0,0,0,0,-1
0,0,3449,1,input,4246,0,0,0,0,-1
0,0,3450,1,input,4247,0,0,0,0,1
0,0,3451,1,input,4248,0,0,0,0,1
0,0,3452,1,input,4249,0,0,0,0,-1
0,0,3453,1,input,4250,0,0,0,0,1
0,0,3454,1,input,4254,0,0,0,0,-1
0,0,3455,1,input,4255,0,0,0,0,-1
0,0,3456,1,input,4256,0,0,0,0,1
0,0,3457,1,input,4258,0,0,0,0,-1
0,0,3458,1,input,4259,0,0,0,0,-1
0,0,3459,1,input,4260,0,0,0,0,-1
0,0,3460,1,input,4262,0,0,0,0,1
0,0,3461,1,input,4264,0,0,0,0,-1
0,0,3462,1,input,4265,0,0,0,0,-1
0,0,3463,1,input,4266,0,0,0,0,1
0,0,3464,1,input,4267,0,0,0,0,-1
0,0,3465,1,input,4268,0,0,0,0,-1
0,0,3466,1,input,4269,0,0,0,0,1
0,0,3467,1,input,4270,0,0,0,0,1
0,0,3468,1,input,4271,0,0,0,0,1
0,0,3469,1,input,4273,0,0,0,0,1
0,0,3470,1,input,4274,0,0,0,0,1
0,0,3471,1,input,4275,0,0,0,0,-1
0,0,3472,1,input,4276,0,0,0,0,-1
0,0,3473,1,input,4277,0,0,0,0,-1
0,0,3474,1,input,4279,0,0,0,0,-1
0,0,3475,1,input,4280,0,0,0,0,-1
0,0,3476,1,input,4281,0,0,0,0,-1
0,0,3477,1,input,4282,0,0,0,0,-1
0,0,3478,1,input,4283,0,0,0,0,-1
0,0,3479,1,input,4284,0,0,0,0,-1
0,0,3480,1,input,4285,0,0,0,0,-1
0,0,3481,1,input,4287,0,0,0,0,-1
0,0,3482,1,input,4288,0,0,0,0,-1
0,0,3483,1,input,4289,0,0,0,0,1
0,0,3484,1,input,4290,0,0,0,0,-1
0,0,3485,1,input,4291,0,0,0,0,-1
0,0,3486,1,input,4292,0,0,0,0,-1
0,0,3487,1,input,4293,0,0,0,0,-1
0,0,3488,1,input,4295,0,0,0,0,1
0,0,3489,1,input,4297,0,0,0,0,-1
0,0,3490,1,input,4298,0,0,0,0,-1
0,0,3491,1,input,4300,0,0,0,0,-1
0,0,3492,1,input,4301,0,0,0,0,1
0,0,3493,1,input,4302,0,0,0,0,-1
0,0,3494,1,input,4303,0,0,0,0,-1
0,0,3495,1,input,4304,0,0,0,0,1
0,0,3496,1,input,4305,0,0,0,0,1
0,0,3497,1,input,4306,0,0,0,0,-1
0,0,3498,1,input,4307,0,0,0,0,-1
0,0,3499,1,input,4309,0,0,0,0,-1
0,0,3500,1,input,4310,0,0,0,0,-1
0,0,3501,1,input,4311,0,0,0,0,-1
0,0,3502,1,input,4312,0,0,0,0,-1
0,0,3503,1,input,4313,0,0,0,0,-1
0,0,3504,1,input,4314,0,0,0,0,-1
0,0,3505,1,input,4315,0,0,0,0,-1
0,0,3506,1,input,4317,0,0,0,0,1
0,0,3507,1,input,4318,0,0,0,0,-1
0,0,3508,1,input,4319,0,0,0,0,-1
0,0,3509,1,input,4320,0,0,0,0,-1
0,0,3510,1,input,4322,0,0,0,0,1
0,0,3511,1,input,4323,0,0,0,0,-1
0,0,3512,1,input,4324,0,0,0,0,-1
0,0,3513,1,input,4325,0,0,0,0,1
0,0,3514,1,input,4328,0,0,0,0,-1
0,0,3515,1,input,4329,0,0,0,0,-1
0,0,3516,1,input,4331,0,0,0,0,1
0,0,3517,1,input,4332,0,0,0,0,-1
0,0,3518,1,input,4333,0,0,0,0,-1
0,0,3519,1,input,4334,0,0,0,0,-1
0,0,3520,1,input,4335,0,0,0,0,-1
0,0,3521,1,input,4336,0,0,0,0,1
0,0,3522,1,input,4337,0,0,0,0,-1
0,0,3523,1,input,4338,0,0,0,0,-1
0,0,3524,1,input,4340,0,0,0,0,-1
0,0,3525,1,input,4341,0,0,0,0,-1
0,0,3526,1,input,4343,0,0,0,0,-1
0,0,3527,1,input,4344,0,0,0,0,-1
0,0,3528,1,input,4345,0,0,0,0,1
0,0,3529,1,input,4347,0,0,0,0,-1
0,0,3530,1,input,4348,0,0,0,0,1
0,0,3531,1,input,4349,0,0,0,0,1
0,0,3532,1,input,4350,0,0,0,0,-1
0,0,3533,1,input,4351,0,0,0,0,-1
0,0,3534,1,input,4352,0,0,0,0,-1
0,0,3535,1,input,4353,0,0,0,0,-1
0,0,3536,1,input,4354,0,0,0,0,-1
0,0,3537,1,input,4355,0,0,0,0,-1
0,0,3538,1,input,4356,0,0,0,0,-1
0,0,3539,1,input,4357,0,0,0,0,-1
0,0,3540,1,input,4358,0,0,0,0,-1
0,0,3541,1,input,4359,0,0,0,0,-1
0,0,3542,1,input,4360,0,0,0,0,-1
0,0,3543,1,input,4361,0,0,0,0,-1
0,0,3544,1,input,4363,0,0,0,0,-1
0,0,3545,1,input,4364,0,0,0,0,-1
0,0,3546,1,input,4365,0,0,0,0,1
0,0,3547,1,input,4367,0,0,0,0,-1
0,0,3548,1,input,4370,0,0,0,0,-1
0,0,3549,1,input,4371,0,0,0,0,-1
0,0,3550,1,input,4372,0,0,0,0,-1
0,0,3551,1,input,4373,0,0,0,0,-1
0,0,3552,1,input,4375,0,0,0,0,1
0,0,3553,1,input,4376,0,0,0,0,1
0,0,3554,1,input,4377,0,0,0,0,-1
0,0,3555,1,input,4379,0,0,0,0,1
0,0,3556,1,input,4380,0,0,0,0,1
0,0,3557,1,input,4381,0,0,0,0,-1
0,0,3558,1,input,4382,0,0,0,0,-1
0,0,3559,1,input,4383,0,0,0,0,-1
0,0,3560,1,input,4385,0,0,0,0,-1
0,0,3561,1,input,4386,0,0,0,0,-1
0,0,3562,1,input,4387,0,0,0,0,-1
0,0,3563,1,input,4388,0,0,0,0,-1
0,0,3564,1,input,4389,0,0,0,0,-1
0,0,3565,1,input,4390,0,0,0,0,1
0,0,3566,1,input,4392,0,0,0,0,-1
0,0,3567,1,input,4393,0,0,0,0,-1
0,0,3568,1,input,4394,0,0,0,0,-1
0,0,3569,1,input,4395,0,0,0,0,-1
0,0,3570,1,input,4396,0,0,0,0,-1
0,0,3571,1,input,4397,0,0,0,0,1
0,0,3572,1,input,4398,0,0,0,0,1
0,0,3573,1,input,4400,0,0,0,0,-1
0,0,3574,1,input,4401,0,0,0,0,1
0,0,3575,1,input,4402,0,0,0,0,-1
0,0,3576,1,input,4403,0,0,0,0,-1
0,0,3577,1,input,4404,0,0,0,0,-1
0,0,3578,1,input,4405,0,0,0,0,-1
0,0,3579,1,input,4406,0,0,0,0,-1
0,0,3580,1,input,4407,0,0,0,0,-1
0,0,3581,1,input,4408,0,0,0,0,-1
0,0,3582,1,input,4409,0,0,0,0,-1
0,0,3583,1,input,4410,0,0,0,0,-1
0,0,3584,1,input,4411,0,0,0,0,-1
0,0,3585,1,input,4412,0,0,0,0,1
0,0,3586,1,input,4413,0,0,0,0,-1
0,0,3587,1,input,4415,0,0,0,0,-1
0,0,3588,1,input,4416,0,0,0,0,1
0,0,3589,1,input,4417,0,0,0,0,-1
0,0,3590,1,input,4418,0,0,0,0,-1
0,0,3591,1,input,4419,0,0,0,0,-1
0,0,3592,1,input,4420,0,0,0,0,-1
0,0,3593,1,input,4422,0,0,0,0,-1
0,0,3594,1,input,4423,0,0,0,0,1
0,0,3595,1,input,4426,0,0,0,0,-1
0,0,3596,1,input,4427,0,0,0,0,-1
0,0,3597,1,input,4428,0,0,0,0,-1
0,0,3598,1,input,4429,0,0,0,0,-1
0,0,3599,1,input,4431,0,0,0,0,-1
0,0,3600,1,input,4432,0,0,0,0,-1
0,0,3601,1,input,4434,0,0,0,0,-1
0,0,3602,1,input,4435,0,0,0,0,-1
0,0,3603,1,input,4436,0,0,0,0,-1
0,0,3604,1,input,4437,0,0,0,0,-1
0,0,3605,1,input,4438,0,0,0,0,-1
0,0,3606,1,input,4439,0,0,0,0,-1
0,0,3607,1,input,4441,0,0,0,0,-1
0,0,3608,1,input,4442,0,0,0,0,-1
0,0,3609,1,input,4443,0,0,0,0,1
0,0,3610,1,input,4446,0,0,0,0,-1
0,0,3611,1,input,4449,0,0,0,0,-1
0,0,3612,1,input,4452,0,0,0,0,-1
0,0,3613,1,input,4453,0,0,0,0,1
0,0,3614,1,input,4456,0,0,0,0,1
0,0,3615,1,input,4457,0,0,0,0,-1
0,0,3616,1,input,4458,0,0,0,0,1
0,0,3617,1,input,4459,0,0,0,0,1
0,0,3618,1,input,4460,0,0,0,0,-1
0,0,3619,1,input,4462,0,0,0,0,-1
0,0,3620,1,input,4463,0,0,0,0,-1
0,0,3621,1,input,4464,0,0,0,0,-1
0,0,3622,1,input,4466,0,0,0,0,-1
0,0,3623,1,input,4467,0,0,0,0,1
0,0,3624,1,input,4468,0,0,0,0,1
0,0,3625,1,input,4469,0,0,0,0,-1
0,0,3626,1,input,4471,0,0,0,0,-1
0,0,3627,1,input,4472,0,0,0,0,1
0,0,3628,1,input,4473,0,0,0,0,-1
0,0,3629,1,input,4475,0,0,0,0,-1
0,0,3630,1,input,4476,0,0,0,0,-1
0,0,3631,1,input,4477,0,0,0,0,1
0,0,3632,1,input,4478,0,0,0,0,-1
0,0,3633,1,input,4479,0,0,0,0,-1
0,0,3634,1,input,4480,0,0,0,0,-1
0,0,3635,1,input,4481,0,0,0,0,-1
0,0,3636,1,input,4482,0,0,0,0,-1
0,0,3637,1,input,4483,0,0,0,0,-1
0,0,3638,1,input,4484,0,0,0,0,-1
0,0,3639,1,input,4485,0,0,0,0,-1
0,0,3640,1,input,4486,0,0,0,0,-1
0,0,3641,1,input,4487,0,0,0,0,-1
0,0,3642,1,input,4488,0,0,0,0,-1
0,0,3643,1,input,4489,0,0,0,0,-1
0,0,3644,1,input,4490,0,0,0,0,-1
0,0,3645,1,input,4491,0,0,0,0,-1
0,0,3646,1,input,4492,0,0,0,0,-1
0,0,3647,1,input,4494,0,0,0,0,1
0,0,3648,1,input,4496,0,0,0,0,-1
0,0,3649,1,input,4497,0,0,0,0,-1
0,0,3650,1,input,4498,0,0,0,0,-1
0,0,3651,1,input,4500,0,0,0,0,-1
0,0,3652,1,input,4501,0,0,0,0,-1
0,0,3653,1,input,4503,0,0,0,0,1
0,0,3654,1,input,4504,0,0,0,0,-1
0,0,3655,1,input,4505,0,0,0,0,-1
0,0,3656,1,input,4506,0,0,0,0,1
0,0,3657,1,input,4507,0,0,0,0,-1
0,0,3658,1,input,4508,0,0,0,0,1
0,0,3659,1,input,4509,0,0,0,0,-1
0,0,3660,1,input,4510,0,0,0,0,-1
0,0,3661,1,input,4511,0,0,0,0,-1
0,0,3662,1,input,4512,0,0,0,0,-1
0,0,3663,1,input,4513,0,0,0,0,-1
0,0,3664,1,input,4514,0,0,0,0,-1
0,0,3665,1,input,4515,0,0,0,0,-1
0,0,3666,1,input,4516,0,0,0,0,-1
0,0,3667,1,input,4517,0,0,0,0,-1
0,0,3668,1,input,4519,0,0,0,0,-1
0,0,3669,1,input,4520,0,0,0,0,-1
0,0,3670,1,input,4522,0,0,0,0,-1
0,0,3671,1,input,4523,0,0,0,0,-1
0,0,3672,1,input,4524,0,0,0,0,-1
0,0,3673,1,input,4525,0,0,0,0,1
0,0,3674,1,input,4526,0,0,0,0,-1
0,0,3675,1,input,4527,0,0,0,0,1
0,0,3676,1,input,4528,0,0,0,0,-1
0,0,3677,1,input,4530,0,0,0,0,-1
0,0,3678,1,input,4531,0,0,0,0,-1
0,0,3679,1,input,4532,0,0,0,0,-1
0,0,3680,1,input,4533,0,0,0,0,-1
0,0,3681,1,input,4534,0,0,0,0,-1
0,0,3682,1,input,4535,0,0,0,0,-1
0,0,3683,1,input,4536,0,0,0,0,-1
0,0,3684,1,input,4538,0,0,0,0,-1
0,0,3685,1,input,4540,0,0,0,0,1
0,0,3686,1,input,4541,0,0,0,0,-1
0,0,3687,1,input,4542,0,0,0,0,-1
0,0,3688,1,input,4543,0,0,0,0,-1
0,0,3689,1,input,4544,0,0,0,0,1
0,0,3690,1,input,4546,0,0,0,0,1
0,0,3691,1,input,4547,0,0,0,0,1
0,0,3692,1,input,4548,0,0,0,0,-1
0,0,3693,1,input,4549,0,0,0,0,-1
0,0,3694,1,input,4550,0,0,0,0,-1
0,0,3695,1,input,4551,0,0,0,0,-1
0,0,3696,1,input,4552,0,0,0,0,-1
0,0,3697,1,input,4554,0,0,0,0,-1
0,0,3698,1,input,4555,0,0,0,0,-1
0,0,3699,1,input,4556,0,0,0,0,1
0,0,3700,1,input,4557,0,0,0,0,-1
0,0,3701,1,input,4558,0,0,0,0,-1
0,0,3702,1,input,4559,0,0,0,0,-1
0,0,3703,1,input,4561,0,0,0,0,-1
0,0,3704,1,input,4562,0,0,0,0,-1
0,0,3705,1,input,4564,0,0,0,0,-1
0,0,3706,1,input,4565,0,0,0,0,-1
0,0,3707,1,input,4566,0,0,0,0,-1
0,0,3708,1,input,4568,0,0,0,0,-1
0,0,3709,1,input,4570,0,0,0,0,-1
0,0,3710,1,input,4571,0,0,0,0,-1
0,0,3711,1,input,4573,0,0,0,0,1
0,0,3712,1,input,4574,0,0,0,0,-1
0,0,3713,1,input,4576,0,0,0,0,1
0,0,3714,1,input,4577,0,0,0,0,-1
0,0,3715,1,input,4578,0,0,0,0,1
0,0,3716,1,input,4579,0,0,0,0,-1
0,0,3717,1,input,4580,0,0,0,0,-1
0,0,3718,1,input,4581,0,0,0,0,-1
0,0,3719,1,input,4582,0,0,0,0,-1
0,0,3720,1,input,4583,0,0,0,0,-1
0,0,3721,1,input,4584,0,0,0,0,-1
0,0,3722,1,input,4586,0,0,0,0,-1
0,0,3723,1,input,4587,0,0,0,0,1
0,0,3724,1,input,4588,0,0,0,0,-1
0,0,3725,1,input,4589,0,0,0,0,1
0,0,3726,1,input,4590,0,0,0,0,-1
0,0,3727,1,input,4591,0,0,0,0,-1
0,0,3728,1,input,4592,0,0,0,0,-1
0,0,3729,1,input,4593,0,0,0,0,-1
0,0,3730,1,input,4594,0,0,0,0,-1
0,0,3731,1,input,4595,0,0,0,0,-1
0,0,3732,1,input,4596,0,0,0,0,1
0,0,3733,1,input,4597,0,0,0,0,-1
0,0,3734,1,input,4599,0,0,0,0,-1
0,0,3735,1,input,4600,0,0,0,0,-1
0,0,3736,1,input,4602,0,0,0,0,-1
0,0,3737,1,input,4605,0,0,0,0,-1
0,0,3738,1,input,4606,0,0,0,0,1
0,0,3739,1,input,4608,0,0,0,0,-1
0,0,3740,1,input,4609,0,0,0,0,-1
0,0,3741,1,input,4610,0,0,0,0,-1
0,0,3742,1,input,4611,0,0,0,0,-1
0,0,3743,1,input,4612,0,0,0,0,-1
0,0,3744,1,input,4613,0,0,0,0,-1
0,0,3745,1,input,4614,0,0,0,0,-1
0,0,3746,1,input,4615,0,0,0,0,-1
0,0,3747,1,input,4616,0,0,0,0,-1
0,0,3748,1,input,4617,0,0,0,0,-1
0,0,3749,1,input,4618,0,0,0,0,1
0,0,3750,1,input,4619,0,0,0,0,-1
0,0,3751,1,input,4621,0,0,0,0,-1
0,0,3752,1,input,4622,0,0,0,0,1
0,0,3753,1,input,4624,0,0,0,0,-1
0,0,3754,1,input,4625,0,0,0,0,-1
0,0,3755,1,input,4626,0,0,0,0,-1
0,0,3756,1,input,4627,0,0,0,0,1
0,0,3757,1,input,4628,0,0,0,0,-1
0,0,3758,1,input,4629,0,0,0,0,-1
0,0,3759,1,input,4630,0,0,0,0,1
0,0,3760,1,input,4631,0,0,0,0,1
0,0,3761,1,input,4633,0,0,0,0,-1
0,0,3762,1,input,4634,0,0,0,0,-1
0,0,3763,1,input,4635,0,0,0,0,-1
0,0,3764,1,input,4636,0,0,0,0,1
0,0,3765,1,input,4637,0,0,0,0,-1
0,0,3766,1,input,4638,0,0,0,0,1
0,0,3767,1,input,4640,0,0,0,0,-1
0,0,3768,1,input,4641,0,0,0,0,-1
0,0,3769,1,input,4642,0,0,0,0,-1
0,0,3770,1,input,4644,0,0,0,0,-1
0,0,3771,1,input,4645,0,0,0,0,-1
0,0,3772,1,input,4646,0,0,0,0,-1
0,0,3773,1,input,4647,0,0,0,0,-1
0,0,3774,1,input,4648,0,0,0,0,-1
0,0,3775,1,input,4649,0,0,0,0,-1
0,0,3776,1,input,4650,0,0,0,0,-1
0,0,3777,1,input,4651,0,0,0,0,-1
0,0,3778,1,input,4652,0,0,0,0,-1
0,0,3779,1,input,4654,0,0,0,0,-1
0,0,3780,1,input,4655,0,0,0,0,1
0,0,3781,1,input,4656,0,0,0,0,-1
0,0,3782,1,input,4660,0,0,0,0,-1
0,0,3783,1,input,4661,0,0,0,0,-1
0,0,3784,1,input,4662,0,0,0,0,-1
0,0,3785,1,input,4663,0,0,0,0,-1
0,0,3786,1,input,4664,0,0,0,0,-1
0,0,3787,1,input,4665,0,0,0,0,-1
0,0,3788,1,input,4668,0,0,0,0,1
0,0,3789,1,input,4669,0,0,0,0,-1
0,0,3790,1,input,4670,0,0,0,0,-1
0,0,3791,1,input,4671,0,0,0,0,-1
0,0,3792,1,input,4672,0,0,0,0,1
0,0,3793,1,input,4673,0,0,0,0,-1
0,0,3794,1,input,4675,0,0,0,0,1
0,0,3795,1,input,4676,0,0,0,0,-1
0,0,3796,1,input,4677,0,0,0,0,-1
0,0,3797,1,input,4678,0,0,0,0,-1
0,0,3798,1,input,4679,0,0,0,0,-1
0,0,3799,1,input,4681,0,0,0,0,-1
0,0,3800,1,input,4682,0,0,0,0,-1
0,0,3801,1,input,4683,0,0,0,0,1
0,0,3802,1,input,4685,0,0,0,0,-1
0,0,3803,1,input,4686,0,0,0,0,-1
0,0,3804,1,input,4687,0,0,0,0,-1
0,0,3805,1,input,4688,0,0,0,0,-1
0,0,3806,1,input,4689,0,0,0,0,-1
0,0,3807,1,input,4690,0,0,0,0,-1
0,0,3808,1,input,4691,0,0,0,0,-1
0,0,3809,1,input,4692,0,0,0,0,-1
0,0,3810,1,input,4694,0,0,0,0,-1
0,0,3811,1,input,4695,0,0,0,0,-1
0,0,3812,1,input,4696,0,0,0,0,-1
0,0,3813,1,input,4697,0,0,0,0,1
0,0,3814,1,input,4698,0,0,0,0,1
0,0,3815,1,input,4699,0,0,0,0,-1
0,0,3816,1,input,4700,0,0,0,0,-1
0,0,3817,1,input,4701,0,0,0,0,1
0,0,3818,1,input,4703,0,0,0,0,-1
0,0,3819,1,input,4704,0,0,0,0,1
0,0,3820,1,input,4705,0,0,0,0,-1
0,0,3821,1,input,4706,0,0,0,0,-1
0,0,3822,1,input,4707,0,0,0,0,-1
0,0,3823,1,input,4708,0,0,0,0,-1
0,0,3824,1,input,4709,0,0,0,0,-1
0,0,3825,1,input,4710,0,0,0,0,-1
0,0,3826,1,input,4711,0,0,0,0,-1
0,0,3827,1,input,4713,0,0,0,0,-1
0,0,3828,1,input,4715,0,0,0,0,1
0,0,3829,1,input,4716,0,0,0,0,-1
0,0,3830,1,input,4717,0,0,0,0,1
0,0,3831,1,input,4718,0,0,0,0,-1
0,0,3832,1,input,4719,0,0,0,0,-1
0,0,3833,1,input,4720,0,0,0,0,-1
0,0,3834,1,input,4721,0,0,0,0,-1
0,0,3835,1,input,4722,0,0,0,0,-1
0,0,3836,1,input,4723,0,0,0,0,-1
0,0,3837,1,input,4724,0,0,0,0,1
0,0,3838,1,input,4725,0,0,0,0,-1
0,0,3839,1,input,4727,0,0,0,0,-1
0,0,3840,1,input,4728,0,0,0,0,-1
0,0,3841,1,input,4730,0,0,0,0,-1
0,0,3842,1,input,4732,0,0,0,0,-1
0,0,3843,1,input,4733,0,0,0,0,-1
0,0,3844,1,input,4735,0,0,0,0,-1
0,0,3845,1,input,4736,0,0,0,0,-1
0,0,3846,1,input,4737,0,0,0,0,-1
0,0,3847,1,input,4738,0,0,0,0,-1
0,0,3848,1,input,4739,0,0,0,0,-1
0,0,3849,1,input,4740,0,0,0,0,-1
0,0,3850,1,input,4742,0,0,0,0,-1
0,0,3851,1,input,4743,0,0,0,0,-1
0,0,3852,1,input,4745,0,0,0,0,-1
0,0,3853,1,input,4747,0,0,0,0,-1
0,0,3854,1,input,4748,0,0,0,0,-1
0,0,3855,1,input,4749,0,0,0,0,-1
0,0,3856,1,input,4750,0,0,0,0,1
0,0,3857,1,input,4751,0,0,0,0,1
0,0,3858,1,input,4753,0,0,0,0,-1
0,0,3859,1,input,4754,0,0,0,0,-1
0,0,3860,1,input,4755,0,0,0,0,-1
0,0,3861,1,input,4757,0,0,0,0,-1
0,0,3862,1,input,4758,0,0,0,0,1
0,0,3863,1,input,4759,0,0,0,0,1
0,0,3864,1,input,4760,0,0,0,0,-1
0,0,3865,1,input,4762,0,0,0,0,-1
0,0,3866,1,input,4763,0,0,0,0,-1
0,0,3867,1,input,4765,0,0,0,0,-1
0,0,3868,1,input,4767,0,0,0,0,-1
0,0,3869,1,input,4769,0,0,0,0,-1
0,0,3870,1,input,4771,0,0,0,0,-1
0,0,3871,1,input,4772,0,0,0,0,-1
0,0,3872,1,input,4773,0,0,0,0,-1
0,0,3873,1,input,4774,0,0,0,0,-1
0,0,3874,1,input,4775,0,0,0,0,-1
0,0,3875,1,input,4776,0,0,0,0,-1
0,0,3876,1,input,4777,0,0,0,0,-1
0,0,3877,1,input,4778,0,0,0,0,-1
0,0,3878,1,input,4782,0,0,0,0,-1
0,0,3879,1,input,4783,0,0,0,0,-1
0,0,3880,1,input,4785,0,0,0,0,-1
0,0,3881,1,input,4786,0,0,0,0,-1
0,0,3882,1,input,4787,0,0,0,0,1
0,0,3883,1,input,4788,0,0,0,0,-1
0,0,3884,1,input,4789,0,0,0,0,-1
0,0,3885,1,input,4790,0,0,0,0,-1
0,0,3886,1,input,4791,0,0,0,0,-1
0,0,3887,1,input,4792,0,0,0,0,1
0,0,3888,1,input,4793,0,0,0,0,-1
0,0,3889,1,input,4794,0,0,0,0,-1
0,0,3890,1,input,4795,0,0,0,0,1
0,0,3891,1,input,4796,0,0,0,0,1
0,0,3892,1,input,4797,0,0,0,0,-1
0,0,3893,1,input,4799,0,0,0,0,-1
0,0,3894,1,input,4800,0,0,0,0,1
0,0,3895,1,input,4802,0,0,0,0,-1
0,0,3896,1,input,4803,0,0,0,0,1
0,0,3897,1,input,4804,0,0,0,0,-1
0,0,3898,1,input,4805,0,0,0,0,-1
0,0,3899,1,input,4806,0,0,0,0,-1
0,0,3900,1,input,4807,0,0,0,0,1
0,0,3901,1,input,4808,0,0,0,0,1
0,0,3902,1,input,4809,0,0,0,0,-1
0,0,3903,1,input,4810,0,0,0,0,-1
0,0,3904,1,input,4811,0,0,0,0,-1
0,0,3905,1,input,4813,0,0,0,0,-1
0,0,3906,1,input,4814,0,0,0,0,-1
0,0,3907,1,input,4815,0,0,0,0,-1
0,0,3908,1,input,4816,0,0,0,0,-1
0,0,3909,1,input,4817,0,0,0,0,-1
0,0,3910,1,input,4818,0,0,0,0,1
0,0,3911,1,input,4819,0,0,0,0,-1
0,0,3912,1,input,4820,0,0,0,0,-1
0,0,3913,1,input,4821,0,0,0,0,1
0,0,3914,1,input,4822,0,0,0,0,-1
0,0,3915,1,input,4823,0,0,0,0,-1
0,0,3916,1,input,4825,0,0,0,0,-1
0,0,3917,1,input,4826,0,0,0,0,1
0,0,3918,1,input,4827,0,0,0,0,-1
0,0,3919,1,input,4828,0,0,0,0,-1
0,0,3920,1,input,4829,0,0,0,0,1
0,0,3921,1,input,4830,0,0,0,0,-1
0,0,3922,1,input,4831,0,0,0,0,-1
0,0,3923,1,input,4832,0,0,0,0,1
0,0,3924,1,input,4833,0,0,0,0,-1
0,0,3925,1,input,4834,0,0,0,0,-1
0,0,3926,1,input,4836,0,0,0,0,-1
0,0,3927,1,input,4837,0,0,0,0,-1
0,0,3928,1,input,4838,0,0,0,0,1
0,0,3929,1,input,4839,0,0,0,0,-1
0,0,3930,1,input,4841,0,0,0,0,-1
0,0,3931,1,input,4842,0,0,0,0,1
0,0,3932,1,input,4843,0,0,0,0,1
0,0,3933,1,input,4844,0,0,0,0,-1
0,0,3934,1,input,4845,0,0,0,0,1
0,0,3935,1,input,4846,0,0,0,0,-1
0,0,3936,1,input,4847,0,0,0,0,-1
0,0,3937,1,input,4848,0,0,0,0,-1
0,0,3938,1,input,4849,0,0,0,0,-1
0,0,3939,1,input,4850,0,0,0,0,-1
0,0,3940,1,input,4851,0,0,0,0,-1
0,0,3941,1,input,4852,0,0,0,0,1
0,0,3942,1,input,4853,0,0,0,0,-1
0,0,3943,1,input,4855,0,0,0,0,-1
0,0,3944,1,input,4856,0,0,0,0,-1
0,0,3945,1,input,4858,0,0,0,0,-1
0,0,3946,1,input,4859,0,0,0,0,-1
0,0,3947,1,input,4860,0,0,0,0,-1
0,0,3948,1,input,4861,0,0,0,0,-1
0,0,3949,1,input,4862,0,0,0,0,-1
0,0,3950,1,input,4863,0,0,0,0,-1
0,0,3951,1,input,4864,0,0,0,0,-1
0,0,3952,1,input,4865,0,0,0,0,-1
0,0,3953,1,input,4866,0,0,0,0,-1
0,0,3954,1,input,4867,0,0,0,0,-1
0,0,3955,1,input,4868,0,0,0,0,-1
0,0,3956,1,input,4869,0,0,0,0,-1
0,0,3957,1,input,4870,0,0,0,0,-1
0,0,3958,1,input,4871,0,0,0,0,-1
0,0,3959,1,input,4872,0,0,0,0,-1
0,0,3960,1,input,4875,0,0,0,0,-1
0,0,3961,1,input,4876,0,0,0,0,1
0,0,3962,1,input,4877,0,0,0,0,-1
0,0,3963,1,input,4878,0,0,0,0,-1
0,0,3964,1,input,4879,0,0,0,0,-1
0,0,3965,1,input,4880,0,0,0,0,-1
0,0,3966,1,input,4881,0,0,0,0,-1
0,0,3967,1,input,4883,0,0,0,0,-1
0,0,3968,1,input,4886,0,0,0,0,1
0,0,3969,1,input,4887,0,0,0,0,1
0,0,3970,1,input,4888,0,0,0,0,-1
0,0,3971,1,input,4891,0,0,0,0,-1
0,0,3972,1,input,4893,0,0,0,0,-1
0,0,3973,1,input,4894,0,0,0,0,-1
0,0,3974,1,input,4895,0,0,0,0,-1
0,0,3975,1,input,4896,0,0,0,0,-1
0,0,3976,1,input,4900,0,0,0,0,-1
0,0,3977,1,input,4901,0,0,0,0,-1
0,0,3978,1,input,4902,0,0,0,0,-1
0,0,3979,1,input,4903,0,0,0,0,-1
0,0,3980,1,input,4904,0,0,0,0,-1
0,0,3981,1,input,4905,0,0,0,0,-1
0,0,3982,1,input,4906,0,0,0,0,-1
0,0,3983,1,input,4907,0,0,0,0,-1
0,0,3984,1,input,4908,0,0,0,0,-1
0,0,3985,1,input,4909,0,0,0,0,-1
0,0,3986,1,input,4910,0,0,0,0,-1
0,0,3987,1,input,4911,0,0,0,0,-1
0,0,3988,1,input,4912,0,0,0,0,-1
0,0,3989,1,input,4913,0,0,0,0,-1
0,0,3990,1,input,4914,0,0,0,0,1
0,0,3991,1,input,4915,0,0,0,0,1
0,0,3992,1,input,4916,0,0,0,0,-1
0,0,3993,1,input,4917,0,0,0,0,-1
0,0,3994,1,input,4918,0,0,0,0,-1
0,0,3995,1,input,4919,0,0,0,0,-1
0,0,3996,1,input,4920,0,0,0,0,1
0,0,3997,1,input,4923,0,0,0,0,-1
0,0,3998,1,input,4924,0,0,0,0,-1
0,0,3999,1,input,4926,0,0,0,0,-1
0,0,4000,1,input,4927,0,0,0,0,-1
0,0,4001,1,input,4928,0,0,0,0,1
0,0,4002,1,input,4929,0,0,0,0,-1
0,0,4003,1,input,4930,0,0,0,0,-1
0,0,4004,1,input,4932,0,0,0,0,-1
0,0,4005,1,input,4933,0,0,0,0,-1
0,0,4006,1,input,4934,0,0,0,0,-1
0,0,4007,1,input,4935,0,0,0,0,-1
0,0,4008,1,input,4936,0,0,0,0,1
0,0,4009,1,input,4937,0,0,0,0,-1
0,0,4010,1,input,4938,0,0,0,0,-1
0,0,4011,1,input,4940,0,0,0,0,-1
0,0,4012,1,input,4941,0,0,0,0,-1
0,0,4013,1,input,4942,0,0,0,0,-1
0,0,4014,1,input,4943,0,0,0,0,-1
0,0,4015,1,input,4944,0,0,0,0,-1
0,0,4016,1,input,4946,0,0,0,0,-1
0,0,4017,1,input,4947,0,0,0,0,-1
0,0,4018,1,input,4948,0,0,0,0,-1
0,0,4019,1,input,4949,0,0,0,0,-1
0,0,4020,1,input,4950,0,0,0,0,1
0,0,4021,1,input,4951,0,0,0,0,-1
0,0,4022,1,input,4952,0,0,0,0,-1
0,0,4023,1,input,4954,0,0,0,0,-1
0,0,4024,1,input,4955,0,0,0,0,-1
0,0,4025,1,input,4956,0,0,0,0,-1
0,0,4026,1,input,4957,0,0,0,0,1
0,0,4027,1,input,4958,0,0,0,0,-1
0,0,4028,1,input,4962,0,0,0,0,1
0,0,4029,1,input,4963,0,0,0,0,-1
0,0,4030,1,input,4964,0,0,0,0,-1
0,0,4031,1,input,4965,0,0,0,0,-1
0,0,4032,1,input,4966,0,0,0,0,1
0,0,4033,1,input,4967,0,0,0,0,-1
0,0,4034,1,input,4968,0,0,0,0,-1
0,0,4035,1,input,4969,0,0,0,0,-1
0,0,4036,1,input,4971,0,0,0,0,-1
0,0,4037,1,input,4972,0,0,0,0,-1
0,0,4038,1,input,4974,0,0,0,0,-1
0,0,4039,1,input,4975,0,0,0,0,-1
0,0,4040,1,input,4976,0,0,0,0,-1
0,0,4041,1,input,4977,0,0,0,0,-1
0,0,4042,1,input,4978,0,0,0,0,-1
0,0,4043,1,input,4979,0,0,0,0,-1
0,0,4044,1,input,4980,0,0,0,0,1
0,0,4045,1,input,4981,0,0,0,0,1
0,0,4046,1,input,4984,0,0,0,0,-1
0,0,4047,1,input,4986,0,0,0,0,-1
0,0,4048,1,input,4987,0,0,0,0,-1
0,0,4049,1,input,4988,0,0,0,0,-1
0,0,4050,1,input,4989,0,0,0,0,-1
0,0,4051,1,input,4990,0,0,0,0,-1
0,0,4052,1,input,4991,0,0,0,0,-1
0,0,4053,1,input,4992,0,0,0,0,-1
0,0,4054,1,input,4993,0,0,0,0,-1
0,0,4055,1,input,4994,0,0,0,0,-1
0,0,4056,1,input,4995,0,0,0,0,-1
0,0,4057,1,input,4997,0,0,0,0,-1
0,0,4058,1,input,4999,0,0,0,0,-1
0,0,4059,1,input,5000,0,0,0,0,-1
0,0,4060,1,input,5001,0,0,0,0,-1
0,0,4061,1,input,5002,0,0,0,0,1
0,0,4062,1,input,5005,0,0,0,0,-1
0,0,4063,1,input,5006,0,0,0,0,-1
0,0,4064,1,input,5008,0,0,0,0,-1
0,0,4065,1,input,5009,0,0,0,0,-1
0,0,4066,1,input,5010,0,0,0,0,1
0,0,4067,1,input,5012,0,0,0,0,1
0,0,4068,1,input,5013,0,0,0,0,-1
0,0,4069,1,input,5014,0,0,0,0,1
0,0,4070,1,input,5016,0,0,0,0,-1
0,0,4071,1,input,5017,0,0,0,0,1
0,0,4072,1,input,5018,0,0,0,0,-1
0,0,4073,1,input,5019,0,0,0,0,-1
0,0,4074,1,input,5020,0,0,0,0,-1
0,0,4075,1,input,5021,0,0,0,0,-1
0,0,4076,1,input,5022,0,0,0,0,-1
0,0,4077,1,input,5023,0,0,0,0,-1
0,0,4078,1,input,5024,0,0,0,0,-1
0,0,4079,1,input,5027,0,0,0,0,-1
0,0,4080,1,input,5028,0,0,0,0,-1
0,0,4081,1,input,5029,0,0,0,0,-1
0,0,4082,1,input,5030,0,0,0,0,-1
0,0,4083,1,input,5031,0,0,0,0,-1
0,0,4084,1,input,5032,0,0,0,0,-1
0,0,4085,1,input,5033,0,0,0,0,-1
0,0,4086,1,input,5034,0,0,0,0,-1
0,0,4087,1,input,5036,0,0,0,0,1
0,0,4088,1,input,5037,0,0,0,0,-1
0,0,4089,1,input,5038,0,0,0,0,1
0,0,4090,1,input,5039,0,0,0,0,-1
0,0,4091,1,input,5040,0,0,0,0,-1
0,0,4092,1,input,5041,0,0,0,0,1
0,0,4093,1,input,5043,0,0,0,0,1
0,0,4094,1,input,5045,0,0,0,0,-1
0,0,4095,1,input,5046,0,0,0,0,-1
0,0,4096,1,input,5047,0,0,0,0,1
0,0,4097,1,input,5048,0,0,0,0,1
0,0,4098,1,input,5050,0,0,0,0,-1
0,0,4099,1,input,5051,0,0,0,0,1
0,0,4100,1,input,5052,0,0,0,0,-1
0,0,4101,1,input,5054,0,0,0,0,-1
0,0,4102,1,input,5055,0,0,0,0,-1
0,0,4103,1,input,5057,0,0,0,0,-1
0,0,4104,1,input,5058,0,0,0,0,-1
0,0,4105,1,input,5059,0,0,0,0,1
0,0,4106,1,input,5060,0,0,0,0,-1
0,0,4107,1,input,5061,0,0,0,0,-1
0,0,4108,1,input,5062,0,0,0,0,-1
0,0,4109,1,input,5063,0,0,0,0,-1
0,0,4110,1,input,5065,0,0,0,0,-1
0,0,4111,1,input,5066,0,0,0,0,-1
0,0,4112,1,input,5067,0,0,0,0,1
0,0,4113,1,input,5068,0,0,0,0,-1
0,0,4114,1,input,5069,0,0,0,0,-1
0,0,4115,1,input,5070,0,0,0,0,-1
0,0,4116,1,input,5071,0,0,0,0,-1
0,0,4117,1,input,5073,0,0,0,0,1
0,0,4118,1,input,5074,0,0,0,0,-1
0,0,4119,1,input,5076,0,0,0,0,-1
0,0,4120,1,input,5077,0,0,0,0,-1
0,0,4121,1,input,5078,0,0,0,0,-1
0,0,4122,1,input,5079,0,0,0,0,-1
0,0,4123,1,input,5080,0,0,0,0,-1
0,0,4124,1,input,5081,0,0,0,0,-1
0,0,4125,1,input,5082,0,0,0,0,-1
0,0,4126,1,input,5083,0,0,0,0,-1
0,0,4127,1,input,5084,0,0,0,0,-1
0,0,4128,1,input,5085,0,0,0,0,1
0,0,4129,1,input,5087,0,0,0,0,-1
0,0,4130,1,input,5088,0,0,0,0,1
0,0,4131,1,input,5089,0,0,0,0,1
0,0,4132,1,input,5092,0,0,0,0,-1
0,0,4133,1,input,5094,0,0,0,0,-1
0,0,4134,1,input,5095,0,0,0,0,-1
0,0,4135,1,input,5096,0,0,0,0,-1
0,0,4136,1,input,5099,0,0,0,0,-1
0,0,4137,1,input,5100,0,0,0,0,-1
0,0,4138,1,input,5101,0,0,0,0,-1
0,0,4139,1,input,5102,0,0,0,0,1
0,0,4140,1,input,5103,0,0,0,0,-1
0,0,4141,1,input,5104,0,0,0,0,-1
0,0,4142,1,input,5106,0,0,0,0,-1
0,0,4143,1,input,5107,0,0,0,0,-1
0,0,4144,1,input,5109,0,0,0,0,-1
0,0,4145,1,input,5110,0,0,0,0,1
0,0,4146,1,input,5111,0,0,0,0,1
0,0,4147,1,input,5112,0,0,0,0,-1
0,0,4148,1,input,5113,0,0,0,0,-1
0,0,4149,1,input,5114,0,0,0,0,-1
0,0,4150,1,input,5115,0,0,0,0,-1
0,0,4151,1,input,5116,0,0,0,0,-1
0,0,4152,1,input,5117,0,0,0,0,-1
0,0,4153,1,input,5118,0,0,0,0,-1
0,0,4154,1,input,5120,0,0,0,0,1
0,0,4155,1,input,5121,0,0,0,0,-1
0,0,4156,1,input,5122,0,0,0,0,-1
0,0,4157,1,input,5123,0,0,0,0,-1
0,0,4158,1,input,5125,0,0,0,0,-1
0,0,4159,1,input,5126,0,0,0,0,-1
0,0,4160,1,input,5127,0,0,0,0,1
0,0,4161,1,input,5128,0,0,0,0,-1
0,0,4162,1,input,5129,0,0,0,0,1
0,0,4163,1,input,5130,0,0,0,0,-1
0,0,4164,1,input,5133,0,0,0,0,1
0,0,4165,1,input,5134,0,0,0,0,-1
0,0,4166,1,input,5136,0,0,0,0,-1
0,0,4167,1,input,5137,0,0,0,0,-1
0,0,4168,1,input,5140,0,0,0,0,-1
0,0,4169,1,input,5142,0,0,0,0,-1
0,0,4170,1,input,5143,0,0,0,0,-1
0,0,4171,1,input,5144,0,0,0,0,-1
0,0,4172,1,input,5145,0,0,0,0,-1
0,0,4173,1,input,5146,0,0,0,0,-1
0,0,4174,1,input,5147,0,0,0,0,-1
0,0,4175,1,input,5148,0,0,0,0,1
0,0,4176,1,input,5149,0,0,0,0,-1
0,0,4177,1,input,5150,0,0,0,0,-1
0,0,4178,1,input,5151,0,0,0,0,-1
0,0,4179,1,input,5154,0,0,0,0,-1
0,0,4180,1,input,5155,0,0,0,0,-1
0,0,4181,1,input,5156,0,0,0,0,-1
0,0,4182,1,input,5157,0,0,0,0,1
0,0,4183,1,input,5158,0,0,0,0,1
0,0,4184,1,input,5159,0,0,0,0,-1
0,0,4185,1,input,5160,0,0,0,0,-1
0,0,4186,1,input,5161,0,0,0,0,-1
0,0,4187,1,input,5162,0,0,0,0,1
0,0,4188,1,input,5164,0,0,0,0,-1
0,0,4189,1,input,5165,0,0,0,0,-1
0,0,4190,1,input,5166,0,0,0,0,-1
0,0,4191,1,input,5167,0,0,0,0,-1
0,0,4192,1,input,5168,0,0,0,0,1
0,0,4193,1,input,5170,0,0,0,0,-1
0,0,4194,1,input,5171,0,0,0,0,-1
0,0,4195,1,input,5172,0,0,0,0,-1
0,0,4196,1,input,5173,0,0,0,0,-1
0,0,4197,1,input,5174,0,0,0,0,1
0,0,4198,1,input,5175,0,0,0,0,-1
0,0,4199,1,input,5176,0,0,0,0,-1
0,0,4200,1,input,5177,0,0,0,0,-1
0,0,4201,1,input,5178,0,0,0,0,-1
0,0,4202,1,input,5180,0,0,0,0,-1
0,0,4203,1,input,5181,0,0,0,0,-1
0,0,4204,1,input,5182,0,0,0,0,-1
0,0,4205,1,input,5184,0,0,0,0,-1
0,0,4206,1,input,5185,0,0,0,0,-1
0,0,4207,1,input,5186,0,0,0,0,-1
0,0,4208,1,input,5187,0,0,0,0,-1
0,0,4209,1,input,5188,0,0,0,0,1
0,0,4210,1,input,5189,0,0,0,0,-1
0,0,4211,1,input,5190,0,0,0,0,1
0,0,4212,1,input,5191,0,0,0,0,-1
0,0,4213,1,input,5192,0,0,0,0,-1
0,0,4214,1,input,5193,0,0,0,0,1
0,0,4215,1,input,5194,0,0,0,0,-1
0,0,4216,1,input,5195,0,0,0,0,1
0,0,4217,1,input,5196,0,0,0,0,-1
0,0,4218,1,input,5197,0,0,0,0,1
0,0,4219,1,input,5198,0,0,0,0,-1
0,0,4220,1,input,5200,0,0,0,0,1
0,0,4221,1,input,5201,0,0,0,0,1
0,0,4222,1,input,5202,0,0,0,0,1
0,0,4223,1,input,5203,0,0,0,0,-1
0,0,4224,1,input,5205,0,0,0,0,-1
0,0,4225,1,input,5206,0,0,0,0,-1
0,0,4226,1,input,5209,0,0,0,0,1
0,0,4227,1,input,5210,0,0,0,0,-1
0,0,4228,1,input,5212,0,0,0,0,-1
0,0,4229,1,input,5213,0,0,0,0,1
0,0,4230,1,input,5214,0,0,0,0,-1
0,0,4231,1,input,5215,0,0,0,0,-1
0,0,4232,1,input,5216,0,0,0,0,-1
0,0,4233,1,input,5217,0,0,0,0,1
0,0,4234,1,input,5219,0,0,0,0,-1
0,0,4235,1,input,5220,0,0,0,0,-1
0,0,4236,1,input,5221,0,0,0,0,1
0,0,4237,1,input,5222,0,0,0,0,-1
0,0,4238,1,input,5223,0,0,0,0,1
0,0,4239,1,input,5225,0,0,0,0,-1
0,0,4240,1,input,5226,0,0,0,0,1
0,0,4241,1,input,5230,0,0,0,0,-1
0,0,4242,1,input,5232,0,0,0,0,1
0,0,4243,1,input,5233,0,0,0,0,-1
0,0,4244,1,input,5234,0,0,0,0,1
0,0,4245,1,input,5236,0,0,0,0,-1
0,0,4246,1,input,5237,0,0,0,0,1
0,0,4247,1,input,5238,0,0,0,0,-1
0,0,4248,1,input,5239,0,0,0,0,-1
0,0,4249,1,input,5240,0,0,0,0,-1
0,0,4250,1,input,5241,0,0,0,0,1
0,0,4251,1,input,5245,0,0,0,0,1
0,0,4252,1,input,5246,0,0,0,0,1
0,0,4253,1,input,5247,0,0,0,0,-1
0,0,4254,1,input,5248,0,0,0,0,-1
0,0,4255,1,input,5249,0,0,0,0,-1
0,0,4256,1,input,5251,0,0,0,0,-1
0,0,4257,1,input,5252,0,0,0,0,-1
0,0,4258,1,input,5253,0,0,0,0,-1
0,0,4259,1,input,5255,0,0,0,0,1
0,0,4260,1,input,5256,0,0,0,0,1
0,0,4261,1,input,5258,0,0,0,0,-1
0,0,4262,1,input,5259,0,0,0,0,-1
0,0,4263,1,input,5260,0,0,0,0,-1
0,0,4264,1,input,5261,0,0,0,0,1
0,0,4265,1,input,5262,0,0,0,0,-1
0,0,4266,1,input,5263,0,0,0,0,-1
0,0,4267,1,input,5264,0,0,0,0,-1
0,0,4268,1,input,5265,0,0,0,0,-1
0,0,4269,1,input,5266,0,0,0,0,1
0,0,4270,1,input,5267,0,0,0,0,-1
0,0,4271,1,input,5268,0,0,0,0,-1
0,0,4272,1,input,5269,0,0,0,0,1
0,0,4273,1,input,5270,0,0,0,0,1
0,0,4274,1,input,5271,0,0,0,0,-1
0,0,4275,1,input,5272,0,0,0,0,-1
0,0,4276,1,input,5273,0,0,0,0,-1
0,0,4277,1,input,5274,0,0,0,0,1
0,0,4278,1,input,5275,0,0,0,0,-1
0,0,4279,1,input,5276,0,0,0,0,1
0,0,4280,1,input,5277,0,0,0,0,1
0,0,4281,1,input,5278,0,0,0,0,-1
0,0,4282,1,input,5279,0,0,0,0,-1
0,0,4283,1,input,5280,0,0,0,0,1
0,0,4284,1,input,5282,0,0,0,0,-1
0,0,4285,1,input,5283,0,0,0,0,-1
0,0,4286,1,input,5284,0,0,0,0,-1
0,0,4287,1,input,5285,0,0,0,0,1
0,0,4288,1,input,5286,0,0,0,0,1
0,0,4289,1,input,5287,0,0,0,0,-1
0,0,4290,1,input,5290,0,0,0,0,1
0,0,4291,1,input,5291,0,0,0,0,-1
0,0,4292,1,input,5292,0,0,0,0,-1
0,0,4293,1,input,5293,0,0,0,0,-1
0,0,4294,1,input,5294,0,0,0,0,1
0,0,4295,1,input,5297,0,0,0,0,-1
0,0,4296,1,input,5299,0,0,0,0,-1
0,0,4297,1,input,5300,0,0,0,0,-1
0,0,4298,1,input,5301,0,0,0,0,-1
0,0,4299,1,input,5302,0,0,0,0,1
0,0,4300,1,input,5303,0,0,0,0,-1
0,0,4301,1,input,5304,0,0,0,0,-1
0,0,4302,1,input,5306,0,0,0,0,-1
0,0,4303,1,input,5308,0,0,0,0,-1
0,0,4304,1,input,5309,0,0,0,0,-1
0,0,4305,1,input,5311,0,0,0,0,-1
0,0,4306,1,input,5312,0,0,0,0,1
0,0,4307,1,input,5314,0,0,0,0,-1
0,0,4308,1,input,5315,0,0,0,0,-1
0,0,4309,1,input,5317,0,0,0,0,-1
0,0,4310,1,input,5318,0,0,0,0,1
0,0,4311,1,input,5319,0,0,0,0,-1
0,0,4312,1,input,5320,0,0,0,0,-1
0,0,4313,1,input,5321,0,0,0,0,1
0,0,4314,1,input,5322,0,0,0,0,-1
0,0,4315,1,input,5326,0,0,0,0,-1
0,0,4316,1,input,5329,0,0,0,0,1
0,0,4317,1,input,5330,0,0,0,0,-1
0,0,4318,1,input,5331,0,0,0,0,1
0,0,4319,1,input,5332,0,0,0,0,1
0,0,4320,1,input,5333,0,0,0,0,-1
0,0,4321,1,input,5334,0,0,0,0,-1
0,0,4322,1,input,5335,0,0,0,0,1
0,0,4323,1,input,5336,0,0,0,0,-1
0,0,4324,1,input,5337,0,0,0,0,-1
0,0,4325,1,input,5338,0,0,0,0,-1
0,0,4326,1,input,5339,0,0,0,0,-1
0,0,4327,1,input,5340,0,0,0,0,1
0,0,4328,1,input,5341,0,0,0,0,1
0,0,4329,1,input,5342,0,0,0,0,-1
0,0,4330,1,input,5343,0,0,0,0,1
0,0,4331,1,input,5344,0,0,0,0,-1
0,0,4332,1,input,5345,0,0,0,0,1
0,0,4333,1,input,5346,0,0,0,0,1
0,0,4334,1,input,5347,0,0,0,0,-1
0,0,4335,1,input,5348,0,0,0,0,-1
0,0,4336,1,input,5349,0,0,0,0,-1
0,0,4337,1,input,5350,0,0,0,0,-1
0,0,4338,1,input,5352,0,0,0,0,-1
0,0,4339,1,input,5353,0,0,0,0,-1
0,0,4340,1,input,5356,0,0,0,0,-1
0,0,4341,1,input,5357,0,0,0,0,-1
0,0,4342,1,input,5358,0,0,0,0,-1
0,0,4343,1,input,5359,0,0,0,0,-1
0,0,4344,1,input,5360,0,0,0,0,1
0,0,4345,1,input,5361,0,0,0,0,-1
0,0,4346,1,input,5362,0,0,0,0,-1
0,0,4347,1,input,5364,0,0,0,0,-1
0,0,4348,1,input,5365,0,0,0,0,-1
0,0,4349,1,input,5367,0,0,0,0,-1
0,0,4350,1,input,5368,0,0,0,0,-1
0,0,4351,1,input,5369,0,0,0,0,1
0,0,4352,1,input,5371,0,0,0,0,-1
0,0,4353,1,input,5372,0,0,0,0,1
0,0,4354,1,input,5373,0,0,0,0,1
0,0,4355,1,input,5374,0,0,0,0,1
0,0,4356,1,input,5375,0,0,0,0,-1
0,0,4357,1,input,5378,0,0,0,0,-1
0,0,4358,1,input,5379,0,0,0,0,1
0,0,4359,1,input,5380,0,0,0,0,-1
0,0,4360,1,input,5381,0,0,0,0,-1
0,0,4361,1,input,5382,0,0,0,0,-1
0,0,4362,1,input,5383,0,0,0,0,-1
0,0,4363,1,input,5386,0,0,0,0,-1
0,0,4364,1,input,5387,0,0,0,0,-1
0,0,4365,1,input,5388,0,0,0,0,-1
0,0,4366,1,input,5389,0,0,0,0,1
0,0,4367,1,input,5391,0,0,0,0,-1
0,0,4368,1,input,5393,0,0,0,0,-1
0,0,4369,1,input,5395,0,0,0,0,-1
0,0,4370,1,input,5396,0,0,0,0,-1
0,0,4371,1,input,5397,0,0,0,0,-1
0,0,4372,1,input,5400,0,0,0,0,-1
0,0,4373,1,input,5401,0,0,0,0,-1
0,0,4374,1,input,5402,0,0,0,0,-1
0,0,4375,1,input,5404,0,0,0,0,1
0,0,4376,1,input,5405,0,0,0,0,-1
0,0,4377,1,input,5406,0,0,0,0,1
0,0,4378,1,input,5408,0,0,0,0,-1
0,0,4379,1,input,5409,0,0,0,0,1
0,0,4380,1,input,5410,0,0,0,0,-1
0,0,4381,1,input,5411,0,0,0,0,-1
0,0,4382,1,input,5412,0,0,0,0,-1
0,0,4383,1,input,5413,0,0,0,0,1
0,0,4384,1,input,5414,0,0,0,0,1
0,0,4385,1,input,5417,0,0,0,0,-1
0,0,4386,1,input,5418,0,0,0,0,1
0,0,4387,1,input,5419,0,0,0,0,-1
0,0,4388,1,input,5420,0,0,0,0,-1
0,0,4389,1,input,5421,0,0,0,0,-1
0,0,4390,1,input,5422,0,0,0,0,1
0,0,4391,1,input,5424,0,0,0,0,1
0,0,4392,1,input,5425,0,0,0,0,1
0,0,4393,1,input,5426,0,0,0,0,-1
0,0,4394,1,input,5427,0,0,0,0,-1
0,0,4395,1,input,5428,0,0,0,0,-1
0,0,4396,1,input,5429,0,0,0,0,-1
0,0,4397,1,input,5430,0,0,0,0,1
0,0,4398,1,input,5432,0,0,0,0,-1
0,0,4399,1,input,5433,0,0,0,0,-1
0,0,4400,1,input,5434,0,0,0,0,-1
0,0,4401,1,input,5435,0,0,0,0,-1
0,0,4402,1,input,5436,0,0,0,0,1
0,0,4403,1,input,5439,0,0,0,0,-1
0,0,4404,1,input,5440,0,0,0,0,1
0,0,4405,1,input,5441,0,0,0,0,-1
0,0,4406,1,input,5442,0,0,0,0,1
0,0,4407,1,input,5443,0,0,0,0,-1
0,0,4408,1,input,5444,0,0,0,0,-1
0,0,4409,1,input,5445,0,0,0,0,-1
0,0,4410,1,input,5446,0,0,0,0,1
0,0,4411,1,input,5447,0,0,0,0,1
0,0,4412,1,input,5448,0,0,0,0,-1
0,0,4413,1,input,5449,0,0,0,0,1
0,0,4414,1,input,5451,0,0,0,0,-1
0,0,4415,1,input,5452,0,0,0,0,-1
0,0,4416,1,input,5454,0,0,0,0,-1
0,0,4417,1,input,5455,0,0,0,0,-1
0,0,4418,1,input,5459,0,0,0,0,-1
0,0,4419,1,input,5460,0,0,0,0,-1
0,0,4420,1,input,5461,0,0,0,0,1
0,0,4421,1,input,5462,0,0,0,0,-1
0,0,4422,1,input,5464,0,0,0,0,-1
0,0,4423,1,input,5465,0,0,0,0,-1
0,0,4424,1,input,5466,0,0,0,0,-1
0,0,4425,1,input,5467,0,0,0,0,1
0,0,4426,1,input,5468,0,0,0,0,1
0,0,4427,1,input,5469,0,0,0,0,1
0,0,4428,1,input,5470,0,0,0,0,-1
0,0,4429,1,input,5471,0,0,0,0,-1
0,0,4430,1,input,5472,0,0,0,0,-1
0,0,4431,1,input,5474,0,0,0,0,-1
0,0,4432,1,input,5475,0,0,0,0,1
0,0,4433,1,input,5476,0,0,0,0,-1
0,0,4434,1,input,5477,0,0,0,0,1
0,0,4435,1,input,5478,0,0,0,0,-1
0,0,4436,1,input,5479,0,0,0,0,-1
0,0,4437,1,input,5480,0,0,0,0,-1
0,0,4438,1,input,5481,0,0,0,0,-1
0,0,4439,1,input,5482,0,0,0,0,1
0,0,4440,1,input,5483,0,0,0,0,1
0,0,4441,1,input,5484,0,0,0,0,1
0,0,4442,1,input,5485,0,0,0,0,1
0,0,4443,1,input,5487,0,0,0,0,-1
0,0,4444,1,input,5488,0,0,0,0,1
0,0,4445,1,input,5489,0,0,0,0,-1
0,0,4446,1,input,5490,0,0,0,0,-1
0,0,4447,1,input,5491,0,0,0,0,-1
0,0,4448,1,input,5492,0,0,0,0,-1
0,0,4449,1,input,5493,0,0,0,0,-1
0,0,4450,1,input,5495,0,0,0,0,-1
0,0,4451,1,input,5496,0,0,0,0,1
0,0,4452,1,input,5497,0,0,0,0,1
0,0,4453,1,input,5498,0,0,0,0,1
0,0,4454,1,input,5499,0,0,0,0,-1
0,0,4455,1,input,5500,0,0,0,0,1
0,0,4456,1,input,5502,0,0,0,0,-1
0,0,4457,1,input,5503,0,0,0,0,-1
0,0,4458,1,input,5504,0,0,0,0,1
0,0,4459,1,input,5507,0,0,0,0,-1
0,0,4460,1,input,5508,0,0,0,0,-1
0,0,4461,1,input,5509,0,0,0,0,-1
0,0,4462,1,input,5510,0,0,0,0,-1
0,0,4463,1,input,5511,0,0,0,0,-1
0,0,4464,1,input,5512,0,0,0,0,-1
0,0,4465,1,input,5515,0,0,0,0,-1
0,0,4466,1,input,5517,0,0,0,0,1
0,0,4467,1,input,5518,0,0,0,0,1
0,0,4468,1,input,5519,0,0,0,0,-1
0,0,4469,1,input,5520,0,0,0,0,1
0,0,4470,1,input,5521,0,0,0,0,-1
0,0,4471,1,input,5523,0,0,0,0,-1
0,0,4472,1,input,5524,0,0,0,0,-1
0,0,4473,1,input,5525,0,0,0,0,1
0,0,4474,1,input,5526,0,0,0,0,1
0,0,4475,1,input,5528,0,0,0,0,1
0,0,4476,1,input,5529,0,0,0,0,-1
0,0,4477,1,input,5530,0,0,0,0,-1
0,0,4478,1,input,5531,0,0,0,0,1
0,0,4479,1,input,5532,0,0,0,0,1
0,0,4480,1,input,5533,0,0,0,0,-1
0,0,4481,1,input,5534,0,0,0,0,-1
0,0,4482,1,input,5535,0,0,0,0,-1
0,0,4483,1,input,5536,0,0,0,0,-1
0,0,4484,1,input,5537,0,0,0,0,-1
0,0,4485,1,input,5538,0,0,0,0,-1
0,0,4486,1,input,5539,0,0,0,0,-1
0,0,4487,1,input,5540,0,0,0,0,-1
0,0,4488,1,input,5542,0,0,0,0,-1
0,0,4489,1,input,5543,0,0,0,0,-1
0,0,4490,1,input,5544,0,0,0,0,-1
0,0,4491,1,input,5545,0,0,0,0,-1
0,0,4492,1,input,5546,0,0,0,0,-1
0,0,4493,1,input,5548,0,0,0,0,-1
0,0,4494,1,input,5549,0,0,0,0,-1
0,0,4495,1,input,5550,0,0,0,0,-1
0,0,4496,1,input,5551,0,0,0,0,1
0,0,4497,1,input,5552,0,0,0,0,1
0,0,4498,1,input,5554,0,0,0,0,-1
0,0,4499,1,input,5555,0,0,0,0,-1
0,0,4500,1,input,5556,0,0,0,0,-1
0,0,4501,1,input,5558,0,0,0,0,1
0,0,4502,1,input,5559,0,0,0,0,-1
0,0,4503,1,input,5560,0,0,0,0,-1
0,0,4504,1,input,5561,0,0,0,0,-1
0,0,4505,1,input,5562,0,0,0,0,1
0,0,4506,1,input,5563,0,0,0,0,-1
0,0,4507,1,input,5564,0,0,0,0,1
0,0,4508,1,input,5566,0,0,0,0,-1
0,0,4509,1,input,5569,0,0,0,0,-1
0,0,4510,1,input,5571,0,0,0,0,-1
0,0,4511,1,input,5572,0,0,0,0,-1
0,0,4512,1,input,5573,0,0,0,0,-1
0,0,4513,1,input,5575,0,0,0,0,1
0,0,4514,1,input,5576,0,0,0,0,-1
0,0,4515,1,input,5577,0,0,0,0,1
0,0,4516,1,input,5578,0,0,0,0,-1
0,0,4517,1,input,5580,0,0,0,0,-1
0,0,4518,1,input,5582,0,0,0,0,-1
0,0,4519,1,input,5583,0,0,0,0,-1
0,0,4520,1,input,5584,0,0,0,0,-1
0,0,4521,1,input,5587,0,0,0,0,-1
0,0,4522,1,input,5588,0,0,0,0,-1
0,0,4523,1,input,5589,0,0,0,0,1
0,0,4524,1,input,5590,0,0,0,0,-1
0,0,4525,1,input,5591,0,0,0,0,-1
0,0,4526,1,input,5592,0,0,0,0,1
0,0,4527,1,input,5594,0,0,0,0,-1
0,0,4528,1,input,5596,0,0,0,0,1
0,0,4529,1,input,5598,0,0,0,0,-1
0,0,4530,1,input,5599,0,0,0,0,-1
0,0,4531,1,input,5600,0,0,0,0,-1
0,0,4532,1,input,5601,0,0,0,0,-1
0,0,4533,1,input,5602,0,0,0,0,-1
0,0,4534,1,input,5603,0,0,0,0,1
0,0,4535,1,input,5604,0,0,0,0,-1
0,0,4536,1,input,5605,0,0,0,0,1
0,0,4537,1,input,5606,0,0,0,0,-1
0,0,4538,1,input,5607,0,0,0,0,-1
0,0,4539,1,input,5608,0,0,0,0,-1
0,0,4540,1,input,5609,0,0,0,0,-1
0,0,4541,1,input,5611,0,0,0,0,1
0,0,4542,1,input,5612,0,0,0,0,1
0,0,4543,1,input,5613,0,0,0,0,1
0,0,4544,1,input,5615,0,0,0,0,-1
0,0,4545,1,input,5616,0,0,0,0,1
0,0,4546,1,input,5617,0,0,0,0,-1
0,0,4547,1,input,5618,0,0,0,0,1
0,0,4548,1,input,5619,0,0,0,0,-1
0,0,4549,1,input,5620,0,0,0,0,-1
0,0,4550,1,input,5622,0,0,0,0,-1
0,0,4551,1,input,5623,0,0,0,0,-1
0,0,4552,1,input,5624,0,0,0,0,1
0,0,4553,1,input,5625,0,0,0,0,1
0,0,4554,1,input,5626,0,0,0,0,1
0,0,4555,1,input,5627,0,0,0,0,-1
0,0,4556,1,input,5628,0,0,0,0,-1
0,0,4557,1,input,5629,0,0,0,0,-1
0,0,4558,1,input,5630,0,0,0,0,-1
0,0,4559,1,input,5631,0,0,0,0,-1
0,0,4560,1,input,5633,0,0,0,0,-1
0,0,4561,1,input,5635,0,0,0,0,-1
0,0,4562,1,input,5636,0,0,0,0,-1
0,0,4563,1,input,5637,0,0,0,0,-1
0,0,4564,1,input,5638,0,0,0,0,-1
0,0,4565,1,input,5639,0,0,0,0,-1
0,0,4566,1,input,5640,0,0,0,0,-1
0,0,4567,1,input,5642,0,0,0,0,-1
0,0,4568,1,input,5643,0,0,0,0,-1
0,0,4569,1,input,5644,0,0,0,0,-1
0,0,4570,1,input,5645,0,0,0,0,-1
0,0,4571,1,input,5646,0,0,0,0,1
0,0,4572,1,input,5647,0,0,0,0,-1
0,0,4573,1,input,5649,0,0,0,0,-1
0,0,4574,1,input,5651,0,0,0,0,-1
0,0,4575,1,input,5652,0,0,0,0,-1
0,0,4576,1,input,5653,0,0,0,0,-1
0,0,4577,1,input,5654,0,0,0,0,1
0,0,4578,1,input,5655,0,0,0,0,1
0,0,4579,1,input,5656,0,0,0,0,-1
0,0,4580,1,input,5657,0,0,0,0,-1
0,0,4581,1,input,5658,0,0,0,0,-1
0,0,4582,1,input,5660,0,0,0,0,1
0,0,4583,1,input,5661,0,0,0,0,-1
0,0,4584,1,input,5662,0,0,0,0,-1
0,0,4585,1,input,5663,0,0,0,0,-1
0,0,4586,1,input,5666,0,0,0,0,-1
0,0,4587,1,input,5667,0,0,0,0,-1
0,0,4588,1,input,5669,0,0,0,0,-1
0,0,4589,1,input,5670,0,0,0,0,-1
0,0,4590,1,input,5672,0,0,0,0,-1
0,0,4591,1,input,5673,0,0,0,0,-1
0,0,4592,1,input,5674,0,0,0,0,-1
0,0,4593,1,input,5676,0,0,0,0,-1
0,0,4594,1,input,5677,0,0,0,0,-1
0,0,4595,1,input,5679,0,0,0,0,-1
0,0,4596,1,input,5680,0,0,0,0,-1
0,0,4597,1,input,5682,0,0,0,0,-1
0,0,4598,1,input,5683,0,0,0,0,-1
0,0,4599,1,input,5684,0,0,0,0,-1
0,0,4600,1,input,5685,0,0,0,0,-1
0,0,4601,1,input,5686,0,0,0,0,1
0,0,4602,1,input,5687,0,0,0,0,-1
0,0,4603,1,input,5689,0,0,0,0,-1
0,0,4604,1,input,5691,0,0,0,0,-1
0,0,4605,1,input,5692,0,0,0,0,1
0,0,4606,1,input,5693,0,0,0,0,1
0,0,4607,1,input,5695,0,0,0,0,1
0,0,4608,1,input,5696,0,0,0,0,1
0,0,4609,1,input,5697,0,0,0,0,1
0,0,4610,1,input,5698,0,0,0,0,-1
0,0,4611,1,input,5700,0,0,0,0,-1
0,0,4612,1,input,5701,0,0,0,0,-1
0,0,4613,1,input,5703,0,0,0,0,1
0,0,4614,1,input,5704,0,0,0,0,1
0,0,4615,1,input,5705,0,0,0,0,1
0,0,4616,1,input,5706,0,0,0,0,-1
0,0,4617,1,input,5708,0,0,0,0,-1
0,0,4618,1,input,5710,0,0,0,0,-1
0,0,4619,1,input,5711,0,0,0,0,-1
0,0,4620,1,input,5712,0,0,0,0,-1
0,0,4621,1,input,5713,0,0,0,0,-1
0,0,4622,1,input,5715,0,0,0,0,-1
0,0,4623,1,input,5716,0,0,0,0,-1
0,0,4624,1,input,5718,0,0,0,0,-1
0,0,4625,1,input,5719,0,0,0,0,-1
0,0,4626,1,input,5720,0,0,0,0,1
0,0,4627,1,input,5721,0,0,0,0,-1
0,0,4628,1,input,5722,0,0,0,0,1
0,0,4629,1,input,5723,0,0,0,0,-1
0,0,4630,1,input,5724,0,0,0,0,1
0,0,4631,1,input,5725,0,0,0,0,1
0,0,4632,1,input,5726,0,0,0,0,-1
0,0,4633,1,input,5727,0,0,0,0,-1
0,0,4634,1,input,5730,0,0,0,0,-1
0,0,4635,1,input,5731,0,0,0,0,-1
0,0,4636,1,input,5732,0,0,0,0,-1
0,0,4637,1,input,5734,0,0,0,0,1
0,0,4638,1,input,5735,0,0,0,0,-1
0,0,4639,1,input,5736,0,0,0,0,-1
0,0,4640,1,input,5737,0,0,0,0,-1
0,0,4641,1,input,5739,0,0,0,0,1
0,0,4642,1,input,5740,0,0,0,0,-1
0,0,4643,1,input,5741,0,0,0,0,1
0,0,4644,1,input,5742,0,0,0,0,-1
0,0,4645,1,input,5743,0,0,0,0,-1
0,0,4646,1,input,5745,0,0,0,0,-1
0,0,4647,1,input,5747,0,0,0,0,-1
0,0,4648,1,input,5748,0,0,0,0,-1
0,0,4649,1,input,5749,0,0,0,0,-1
0,0,4650,1,input,5750,0,0,0,0,-1
0,0,4651,1,input,5751,0,0,0,0,-1
0,0,4652,1,input,5752,0,0,0,0,-1
0,0,4653,1,input,5753,0,0,0,0,1
0,0,4654,1,input,5755,0,0,0,0,-1
0,0,4655,1,input,5757,0,0,0,0,-1
0,0,4656,1,input,5758,0,0,0,0,1
0,0,4657,1,input,5759,0,0,0,0,-1
0,0,4658,1,input,5760,0,0,0,0,1
0,0,4659,1,input,5761,0,0,0,0,-1
0,0,4660,1,input,5762,0,0,0,0,-1
0,0,4661,1,input,5763,0,0,0,0,1
0,0,4662,1,input,5764,0,0,0,0,-1
0,0,4663,1,input,5765,0,0,0,0,1
0,0,4664,1,input,5766,0,0,0,0,-1
0,0,4665,1,input,5767,0,0,0,0,-1
0,0,4666,1,input,5768,0,0,0,0,-1
0,0,4667,1,input,5769,0,0,0,0,-1
0,0,4668,1,input,5770,0,0,0,0,-1
0,0,4669,1,input,5771,0,0,0,0,-1
0,0,4670,1,input,5772,0,0,0,0,-1
0,0,4671,1,input,5773,0,0,0,0,-1
0,0,4672,1,input,5774,0,0,0,0,1
0,0,4673,1,input,5775,0,0,0,0,-1
0,0,4674,1,input,5776,0,0,0,0,-1
0,0,4675,1,input,5777,0,0,0,0,-1
0,0,4676,1,input,5778,0,0,0,0,-1
0,0,4677,1,input,5779,0,0,0,0,-1
0,0,4678,1,input,5780,0,0,0,0,-1
0,0,4679,1,input,5781,0,0,0,0,-1
0,0,4680,1,input,5782,0,0,0,0,1
0,0,4681,1,input,5783,0,0,0,0,1
0,0,4682,1,input,5786,0,0,0,0,-1
0,0,4683,1,input,5789,0,0,0,0,-1
0,0,4684,1,input,5790,0,0,0,0,-1
0,0,4685,1,input,5791,0,0,0,0,-1
0,0,4686,1,input,5792,0,0,0,0,-1
0,0,4687,1,input,5793,0,0,0,0,1
0,0,4688,1,input,5794,0,0,0,0,-1
0,0,4689,1,input,5795,0,0,0,0,-1
0,0,4690,1,input,5796,0,0,0,0,-1
0,0,4691,1,input,5797,0,0,0,0,-1
0,0,4692,1,input,5798,0,0,0,0,-1
0,0,4693,1,input,5799,0,0,0,0,-1
0,0,4694,1,input,5800,0,0,0,0,-1
0,0,4695,1,input,5801,0,0,0,0,-1
0,0,4696,1,input,5803,0,0,0,0,1
0,0,4697,1,input,5804,0,0,0,0,-1
0,0,4698,1,input,5805,0,0,0,0,-1
0,0,4699,1,input,5806,0,0,0,0,1
0,0,4700,1,input,5807,0,0,0,0,-1
0,0,4701,1,input,5808,0,0,0,0,-1
0,0,4702,1,input,5809,0,0,0,0,-1
0,0,4703,1,input,5810,0,0,0,0,-1
0,0,4704,1,input,5812,0,0,0,0,-1
0,0,4705,1,input,5813,0,0,0,0,1
0,0,4706,1,input,5814,0,0,0,0,1
0,0,4707,1,input,5815,0,0,0,0,-1
0,0,4708,1,input,5820,0,0,0,0,1
0,0,4709,1,input,5821,0,0,0,0,-1
0,0,4710,1,input,5822,0,0,0,0,-1
0,0,4711,1,input,5824,0,0,0,0,1
0,0,4712,1,input,5826,0,0,0,0,1
0,0,4713,1,input,5827,0,0,0,0,-1
0,0,4714,1,input,5829,0,0,0,0,-1
0,0,4715,1,input,5830,0,0,0,0,1
0,0,4716,1,input,5831,0,0,0,0,-1
0,0,4717,1,input,5832,0,0,0,0,1
0,0,4718,1,input,5833,0,0,0,0,1
0,0,4719,1,input,5834,0,0,0,0,-1
0,0,4720,1,input,5835,0,0,0,0,-1
0,0,4721,1,input,5836,0,0,0,0,-1
0,0,4722,1,input,5838,0,0,0,0,-1
0,0,4723,1,input,5839,0,0,0,0,-1
0,0,4724,1,input,5840,0,0,0,0,-1
0,0,4725,1,input,5841,0,0,0,0,-1
0,0,4726,1,input,5842,0,0,0,0,-1
0,0,4727,1,input,5843,0,0,0,0,-1
0,0,4728,1,input,5844,0,0,0,0,-1
0,0,4729,1,input,5846,0,0,0,0,-1
0,0,4730,1,input,5847,0,0,0,0,-1
0,0,4731,1,input,5848,0,0,0,0,-1
0,0,4732,1,input,5849,0,0,0,0,-1
0,0,4733,1,input,5850,0,0,0,0,-1
0,0,4734,1,input,5851,0,0,0,0,-1
0,0,4735,1,input,5853,0,0,0,0,1
0,0,4736,1,input,5854,0,0,0,0,-1
0,0,4737,1,input,5855,0,0,0,0,-1
0,0,4738,1,input,5859,0,0,0,0,-1
0,0,4739,1,input,5860,0,0,0,0,-1
0,0,4740,1,input,5861,0,0,0,0,-1
0,0,4741,1,input,5862,0,0,0,0,1
0,0,4742,1,input,5863,0,0,0,0,-1
0,0,4743,1,input,5864,0,0,0,0,-1
0,0,4744,1,input,5865,0,0,0,0,-1
0,0,4745,1,input,5866,0,0,0,0,-1
0,0,4746,1,input,5867,0,0,0,0,-1
0,0,4747,1,input,5868,0,0,0,0,-1
0,0,4748,1,input,5869,0,0,0,0,1
0,0,4749,1,input,5872,0,0,0,0,-1
0,0,4750,1,input,5873,0,0,0,0,-1
0,0,4751,1,input,5874,0,0,0,0,-1
0,0,4752,1,input,5875,0,0,0,0,-1
0,0,4753,1,input,5876,0,0,0,0,-1
0,0,4754,1,input,5877,0,0,0,0,-1
0,0,4755,1,input,5878,0,0,0,0,-1
0,0,4756,1,input,5879,0,0,0,0,-1
0,0,4757,1,input,5880,0,0,0,0,-1
0,0,4758,1,input,5881,0,0,0,0,1
0,0,4759,1,input,5882,0,0,0,0,-1
0,0,4760,1,input,5883,0,0,0,0,-1
0,0,4761,1,input,5884,0,0,0,0,-1
0,0,4762,1,input,5885,0,0,0,0,-1
0,0,4763,1,input,5886,0,0,0,0,-1
0,0,4764,1,input,5887,0,0,0,0,-1
0,0,4765,1,input,5888,0,0,0,0,-1
0,0,4766,1,input,5890,0,0,0,0,-1
0,0,4767,1,input,5891,0,0,0,0,1
0,0,4768,1,input,5892,0,0,0,0,-1
0,0,4769,1,input,5893,0,0,0,0,-1
0,0,4770,1,input,5894,0,0,0,0,-1
0,0,4771,1,input,5895,0,0,0,0,-1
0,0,4772,1,input,5896,0,0,0,0,-1
0,0,4773,1,input,5897,0,0,0,0,-1
0,0,4774,1,input,5898,0,0,0,0,1
0,0,4775,1,input,5899,0,0,0,0,1
0,0,4776,1,input,5900,0,0,0,0,1
0,0,4777,1,input,5901,0,0,0,0,-1
0,0,4778,1,input,5902,0,0,0,0,1
0,0,4779,1,input,5903,0,0,0,0,-1
0,0,4780,1,input,5904,0,0,0,0,-1
0,0,4781,1,input,5908,0,0,0,0,-1
0,0,4782,1,input,5909,0,0,0,0,-1
0,0,4783,1,input,5910,0,0,0,0,1
0,0,4784,1,input,5911,0,0,0,0,1
0,0,4785,1,input,5914,0,0,0,0,-1
0,0,4786,1,input,5915,0,0,0,0,-1
0,0,4787,1,input,5916,0,0,0,0,-1
0,0,4788,1,input,5917,0,0,0,0,-1
0,0,4789,1,input,5918,0,0,0,0,-1
0,0,4790,1,input,5919,0,0,0,0,-1
0,0,4791,1,input,5920,0,0,0,0,-1
0,0,4792,1,input,5922,0,0,0,0,-1
0,0,4793,1,input,5923,0,0,0,0,-1
0,0,4794,1,input,5924,0,0,0,0,-1
0,0,4795,1,input,5925,0,0,0,0,-1
0,0,4796,1,input,5926,0,0,0,0,-1
0,0,4797,1,input,5927,0,0,0,0,-1
0,0,4798,1,input,5928,0,0,0,0,-1
0,0,4799,1,input,5929,0,0,0,0,-1
0,0,4800,1,input,5930,0,0,0,0,-1
0,0,4801,1,input,5931,0,0,0,0,1
0,0,4802,1,input,5933,0,0,0,0,-1
0,0,4803,1,input,5934,0,0,0,0,1
0,0,4804,1,input,5935,0,0,0,0,-1
0,0,4805,1,input,5936,0,0,0,0,-1
0,0,4806,1,input,5937,0,0,0,0,-1
0,0,4807,1,input,5938,0,0,0,0,-1
0,0,4808,1,input,5940,0,0,0,0,-1
0,0,4809,1,input,5941,0,0,0,0,1
0,0,4810,1,input,5942,0,0,0,0,1
0,0,4811,1,input,5943,0,0,0,0,-1
0,0,4812,1,input,5945,0,0,0,0,-1
0,0,4813,1,input,5947,0,0,0,0,1
0,0,4814,1,input,5950,0,0,0,0,-1
0,0,4815,1,input,5952,0,0,0,0,1
0,0,4816,1,input,5954,0,0,0,0,-1
0,0,4817,1,input,5955,0,0,0,0,-1
0,0,4818,1,input,5956,0,0,0,0,-1
0,0,4819,1,input,5957,0,0,0,0,-1
0,0,4820,1,input,5958,0,0,0,0,1
0,0,4821,1,input,5959,0,0,0,0,-1
0,0,4822,1,input,5960,0,0,0,0,1
0,0,4823,1,input,5961,0,0,0,0,1
0,0,4824,1,input,5962,0,0,0,0,-1
0,0,4825,1,input,5964,0,0,0,0,-1
0,0,4826,1,input,5965,0,0,0,0,1
0,0,4827,1,input,5966,0,0,0,0,-1
0,0,4828,1,input,5967,0,0,0,0,-1
0,0,4829,1,input,5968,0,0,0,0,-1
0,0,4830,1,input,5970,0,0,0,0,-1
0,0,4831,1,input,5971,0,0,0,0,-1
0,0,4832,1,input,5972,0,0,0,0,-1
0,0,4833,1,input,5973,0,0,0,0,-1
0,0,4834,1,input,5974,0,0,0,0,-1
0,0,4835,1,input,5975,0,0,0,0,-1
0,0,4836,1,input,5976,0,0,0,0,-1
0,0,4837,1,input,5977,0,0,0,0,-1
0,0,4838,1,input,5978,0,0,0,0,-1
0,0,4839,1,input,5979,0,0,0,0,-1
0,0,4840,1,input,5980,0,0,0,0,-1
0,0,4841,1,input,5981,0,0,0,0,1
0,0,4842,1,input,5982,0,0,0,0,-1
0,0,4843,1,input,5983,0,0,0,0,-1
0,0,4844,1,input,5985,0,0,0,0,1
0,0,4845,1,input,5986,0,0,0,0,-1
0,0,4846,1,input,5987,0,0,0,0,-1
0,0,4847,1,input,5988,0,0,0,0,-1
0,0,4848,1,input,5989,0,0,0,0,-1
0,0,4849,1,input,5990,0,0,0,0,1
0,0,4850,1,input,5991,0,0,0,0,-1
0,0,4851,1,input,5992,0,0,0,0,-1
0,0,4852,1,input,5993,0,0,0,0,-1
0,0,4853,1,input,5994,0,0,0,0,1
0,0,4854,1,input,5996,0,0,0,0,-1
0,0,4855,1,input,5997,0,0,0,0,1
0,0,4856,1,input,5998,0,0,0,0,-1
0,0,4857,1,input,5999,0,0,0,0,-1
0,0,4858,1,input,6000,0,0,0,0,-1
0,0,4859,1,input,6001,0,0,0,0,-1
0,0,4860,1,input,6002,0,0,0,0,-1
0,0,4861,1,input,6003,0,0,0,0,-1
0,0,4862,1,input,6004,0,0,0,0,-1
0,0,4863,1,input,6005,0,0,0,0,-1
0,0,4864,1,input,6006,0,0,0,0,-1
0,0,4865,1,input,6008,0,0,0,0,-1
0,0,4866,1,input,6009,0,0,0,0,1
0,0,4867,1,input,6010,0,0,0,0,-1
0,0,4868,1,input,6011,0,0,0,0,-1
0,0,4869,1,input,6012,0,0,0,0,-1
0,0,4870,1,input,6013,0,0,0,0,-1
0,0,4871,1,input,6014,0,0,0,0,-1
0,0,4872,1,input,6015,0,0,0,0,-1
0,0,4873,1,input,6016,0,0,0,0,-1
0,0,4874,1,input,6017,0,0,0,0,-1
0,0,4875,1,input,6018,0,0,0,0,-1
0,0,4876,1,input,6019,0,0,0,0,1
0,0,4877,1,input,6020,0,0,0,0,-1
0,0,4878,1,input,6021,0,0,0,0,1
0,0,4879,1,input,6022,0,0,0,0,-1
0,0,4880,1,input,6023,0,0,0,0,1
0,0,4881,1,input,6024,0,0,0,0,-1
0,0,4882,1,input,6025,0,0,0,0,-1
0,0,4883,1,input,6027,0,0,0,0,1
0,0,4884,1,input,6028,0,0,0,0,-1
0,0,4885,1,input,6029,0,0,0,0,-1
0,0,4886,1,input,6030,0,0,0,0,-1
0,0,4887,1,input,6032,0,0,0,0,-1
0,0,4888,1,input,6033,0,0,0,0,-1
0,0,4889,1,input,6034,0,0,0,0,1
0,0,4890,1,input,6035,0,0,0,0,1
0,0,4891,1,input,6036,0,0,0,0,-1
0,0,4892,1,input,6037,0,0,0,0,-1
0,0,4893,1,input,6038,0,0,0,0,1
0,0,4894,1,input,6039,0,0,0,0,1
0,0,4895,1,input,6041,0,0,0,0,1
0,0,4896,1,input,6042,0,0,0,0,-1
0,0,4897,1,input,6044,0,0,0,0,-1
0,0,4898,1,input,6045,0,0,0,0,-1
0,0,4899,1,input,6046,0,0,0,0,-1
0,0,4900,1,input,6047,0,0,0,0,-1
0,0,4901,1,input,6048,0,0,0,0,1
0,0,4902,1,input,6049,0,0,0,0,1
0,0,4903,1,input,6050,0,0,0,0,-1
0,0,4904,1,input,6051,0,0,0,0,-1
0,0,4905,1,input,6052,0,0,0,0,-1
0,0,4906,1,input,6053,0,0,0,0,-1
0,0,4907,1,input,6054,0,0,0,0,-1
0,0,4908,1,input,6056,0,0,0,0,-1
0,0,4909,1,input,6057,0,0,0,0,-1
0,0,4910,1,input,6058,0,0,0,0,-1
0,0,4911,1,input,6059,0,0,0,0,1
0,0,4912,1,input,6060,0,0,0,0,-1
0,0,4913,1,input,6061,0,0,0,0,-1
0,0,4914,1,input,6063,0,0,0,0,-1
0,0,4915,1,input,6064,0,0,0,0,-1
0,0,4916,1,input,6065,0,0,0,0,-1
0,0,4917,1,input,6067,0,0,0,0,-1
0,0,4918,1,input,6068,0,0,0,0,-1
0,0,4919,1,input,6069,0,0,0,0,1
0,0,4920,1,input,6071,0,0,0,0,-1
0,0,4921,1,input,6073,0,0,0,0,-1
0,0,4922,1,input,6075,0,0,0,0,1
0,0,4923,1,input,6076,0,0,0,0,-1
0,0,4924,1,input,6080,0,0,0,0,-1
0,0,4925,1,input,6083,0,0,0,0,-1
0,0,4926,1,input,6085,0,0,0,0,-1
0,0,4927,1,input,6086,0,0,0,0,1
0,0,4928,1,input,6087,0,0,0,0,-1
0,0,4929,1,input,6088,0,0,0,0,1
0,0,4930,1,input,6090,0,0,0,0,-1
0,0,4931,1,input,6091,0,0,0,0,1
0,0,4932,1,input,6092,0,0,0,0,-1
0,0,4933,1,input,6093,0,0,0,0,1
0,0,4934,1,input,6095,0,0,0,0,-1
0,0,4935,1,input,6096,0,0,0,0,-1
0,0,4936,1,input,6097,0,0,0,0,1
0,0,4937,1,input,6098,0,0,0,0,-1
0,0,4938,1,input,6099,0,0,0,0,-1
0,0,4939,1,input,6100,0,0,0,0,-1
0,0,4940,1,input,6101,0,0,0,0,-1
0,0,4941,1,input,6102,0,0,0,0,-1
0,0,4942,1,input,6103,0,0,0,0,-1
0,0,4943,1,input,6104,0,0,0,0,1
0,0,4944,1,input,6105,0,0,0,0,-1
0,0,4945,1,input,6106,0,0,0,0,-1
0,0,4946,1,input,6107,0,0,0,0,-1
0,0,4947,1,input,6108,0,0,0,0,-1
0,0,4948,1,input,6109,0,0,0,0,1
0,0,4949,1,input,6110,0,0,0,0,-1
0,0,4950,1,input,6111,0,0,0,0,-1
0,0,4951,1,input,6112,0,0,0,0,1
0,0,4952,1,input,6113,0,0,0,0,1
0,0,4953,1,input,6114,0,0,0,0,-1
0,0,4954,1,input,6115,0,0,0,0,-1
0,0,4955,1,input,6116,0,0,0,0,1
0,0,4956,1,input,6117,0,0,0,0,-1
0,0,4957,1,input,6118,0,0,0,0,1
0,0,4958,1,input,6119,0,0,0,0,-1
0,0,4959,1,input,6120,0,0,0,0,-1
0,0,4960,1,input,6121,0,0,0,0,-1
0,0,4961,1,input,6122,0,0,0,0,1
0,0,4962,1,input,6123,0,0,0,0,-1
0,0,4963,1,input,6124,0,0,0,0,-1
0,0,4964,1,input,6126,0,0,0,0,-1
0,0,4965,1,input,6127,0,0,0,0,-1
0,0,4966,1,input,6128,0,0,0,0,-1
0,0,4967,1,input,6130,0,0,0,0,-1
0,0,4968,1,input,6131,0,0,0,0,-1
0,0,4969,1,input,6132,0,0,0,0,-1
0,0,4970,1,input,6133,0,0,0,0,-1
0,0,4971,1,input,6134,0,0,0,0,-1
0,0,4972,1,input,6135,0,0,0,0,1
0,0,4973,1,input,6136,0,0,0,0,-1
0,0,4974,1,input,6139,0,0,0,0,-1
0,0,4975,1,input,6140,0,0,0,0,-1
0,0,4976,1,input,6141,0,0,0,0,-1
0,0,4977,1,input,6142,0,0,0,0,-1
0,0,4978,1,input,6143,0,0,0,0,-1
0,0,4979,1,input,6144,0,0,0,0,-1
0,0,4980,1,input,6145,0,0,0,0,-1
0,0,4981,1,input,6146,0,0,0,0,-1
0,0,4982,1,input,6148,0,0,0,0,1
0,0,4983,1,input,6149,0,0,0,0,-1
0,0,4984,1,input,6153,0,0,0,0,1
0,0,4985,1,input,6155,0,0,0,0,-1
0,0,4986,1,input,6156,0,0,0,0,-1
0,0,4987,1,input,6157,0,0,0,0,-1
0,0,4988,1,input,6158,0,0,0,0,-1
0,0,4989,1,input,6159,0,0,0,0,-1
0,0,4990,1,input,6160,0,0,0,0,-1
0,0,4991,1,input,6161,0,0,0,0,-1
0,0,4992,1,input,6163,0,0,0,0,-1
0,0,4993,1,input,6164,0,0,0,0,-1
0,0,4994,1,input,6165,0,0,0,0,-1
0,0,4995,1,input,6166,0,0,0,0,-1
0,0,4996,1,input,6167,0,0,0,0,1
0,0,4997,1,input,6168,0,0,0,0,-1
0,0,4998,1,input,6169,0,0,0,0,-1
0,0,4999,1,input,6170,0,0,0,0,-1
0,0,5000,1,input,6171,0,0,0,0,-1
0,0,5001,1,input,6172,0,0,0,0,-1
0,0,5002,1,input,6174,0,0,0,0,-1
0,0,5003,1,input,6176,0,0,0,0,1
0,0,5004,1,input,6177,0,0,0,0,-1
0,0,5005,1,input,6178,0,0,0,0,-1
0,0,5006,1,input,6179,0,0,0,0,-1
0,0,5007,1,input,6180,0,0,0,0,-1
0,0,5008,1,input,6181,0,0,0,0,1
0,0,5009,1,input,6182,0,0,0,0,1
0,0,5010,1,input,6183,0,0,0,0,1
0,0,5011,1,input,6184,0,0,0,0,-1
0,0,5012,1,input,6185,0,0,0,0,1
0,0,5013,1,input,6186,0,0,0,0,1
0,0,5014,1,input,6187,0,0,0,0,-1
0,0,5015,1,input,6188,0,0,0,0,-1
0,0,5016,1,input,6189,0,0,0,0,-1
0,0,5017,1,input,6190,0,0,0,0,1
0,0,5018,1,input,6192,0,0,0,0,1
0,0,5019,1,input,6195,0,0,0,0,-1
0,0,5020,1,input,6196,0,0,0,0,-1
0,0,5021,1,input,6197,0,0,0,0,-1
0,0,5022,1,input,6198,0,0,0,0,1
0,0,5023,1,input,6199,0,0,0,0,-1
0,0,5024,1,input,6200,0,0,0,0,-1
0,0,5025,1,input,6201,0,0,0,0,-1
0,0,5026,1,input,6202,0,0,0,0,1
0,0,5027,1,input,6203,0,0,0,0,-1
0,0,5028,1,input,6204,0,0,0,0,-1
0,0,5029,1,input,6205,0,0,0,0,-1
0,0,5030,1,input,6206,0,0,0,0,-1
0,0,5031,1,input,6207,0,0,0,0,-1
0,0,5032,1,input,6208,0,0,0,0,-1
0,0,5033,1,input,6209,0,0,0,0,-1
0,0,5034,1,input,6210,0,0,0,0,-1
0,0,5035,1,input,6211,0,0,0,0,-1
0,0,5036,1,input,6212,0,0,0,0,-1
0,0,5037,1,input,6214,0,0,0,0,1
0,0,5038,1,input,6215,0,0,0,0,-1
0,0,5039,1,input,6216,0,0,0,0,1
0,0,5040,1,input,6217,0,0,0,0,1
0,0,5041,1,input,6218,0,0,0,0,-1
0,0,5042,1,input,6219,0,0,0,0,1
0,0,5043,1,input,6220,0,0,0,0,-1
0,0,5044,1,input,6221,0,0,0,0,1
0,0,5045,1,input,6222,0,0,0,0,-1
0,0,5046,1,input,6223,0,0,0,0,1
0,0,5047,1,input,6224,0,0,0,0,-1
0,0,5048,1,input,6225,0,0,0,0,1
0,0,5049,1,input,6226,0,0,0,0,-1
0,0,5050,1,input,6227,0,0,0,0,-1
0,0,5051,1,input,6229,0,0,0,0,-1
0,0,5052,1,input,6231,0,0,0,0,-1
0,0,5053,1,input,6232,0,0,0,0,1
0,0,5054,1,input,6233,0,0,0,0,-1
0,0,5055,1,input,6234,0,0,0,0,-1
0,0,5056,1,input,6235,0,0,0,0,-1
0,0,5057,1,input,6237,0,0,0,0,-1
0,0,5058,1,input,6239,0,0,0,0,-1
0,0,5059,1,input,6240,0,0,0,0,-1
0,0,5060,1,input,6241,0,0,0,0,1
0,0,5061,1,input,6242,0,0,0,0,-1
0,0,5062,1,input,6243,0,0,0,0,-1
0,0,5063,1,input,6244,0,0,0,0,-1
0,0,5064,1,input,6246,0,0,0,0,1
0,0,5065,1,input,6247,0,0,0,0,-1
0,0,5066,1,input,6249,0,0,0,0,-1
0,0,5067,1,input,6250,0,0,0,0,1
0,0,5068,1,input,6253,0,0,0,0,-1
0,0,5069,1,input,6254,0,0,0,0,-1
0,0,5070,1,input,6255,0,0,0,0,-1
0,0,5071,1,input,6256,0,0,0,0,1
0,0,5072,1,input,6257,0,0,0,0,-1
0,0,5073,1,input,6258,0,0,0,0,-1
0,0,5074,1,input,6259,0,0,0,0,-1
0,0,5075,1,input,6260,0,0,0,0,-1
0,0,5076,1,input,6261,0,0,0,0,-1
0,0,5077,1,input,6262,0,0,0,0,-1
0,0,5078,1,input,6263,0,0,0,0,-1
0,0,5079,1,input,6264,0,0,0,0,-1
0,0,5080,1,input,6265,0,0,0,0,1
0,0,5081,1,input,6266,0,0,0,0,-1
0,0,5082,1,input,6267,0,0,0,0,1
0,0,5083,1,input,6268,0,0,0,0,-1
0,0,5084,1,input,6269,0,0,0,0,1
0,0,5085,1,input,6271,0,0,0,0,-1
0,0,5086,1,input,6273,0,0,0,0,-1
0,0,5087,1,input,6274,0,0,0,0,-1
0,0,5088,1,input,6275,0,0,0,0,-1
0,0,5089,1,input,6277,0,0,0,0,-1
0,0,5090,1,input,6278,0,0,0,0,-1
0,0,5091,1,input,6279,0,0,0,0,1
0,0,5092,1,input,6280,0,0,0,0,-1
0,0,5093,1,input,6285,0,0,0,0,1
0,0,5094,1,input,6286,0,0,0,0,-1
0,0,5095,1,input,6287,0,0,0,0,-1
0,0,5096,1,input,6288,0,0,0,0,-1
0,0,5097,1,input,6289,0,0,0,0,-1
0,0,5098,1,input,6290,0,0,0,0,-1
0,0,5099,1,input,6291,0,0,0,0,1
0,0,5100,1,input,6292,0,0,0,0,-1
0,0,5101,1,input,6295,0,0,0,0,-1
0,0,5102,1,input,6296,0,0,0,0,-1
0,0,5103,1,input,6297,0,0,0,0,-1
0,0,5104,1,input,6298,0,0,0,0,1
0,0,5105,1,input,6299,0,0,0,0,-1
0,0,5106,1,input,6300,0,0,0,0,-1
0,0,5107,1,input,6302,0,0,0,0,-1
0,0,5108,1,input,6303,0,0,0,0,1
0,0,5109,1,input,6304,0,0,0,0,-1
0,0,5110,1,input,6305,0,0,0,0,1
0,0,5111,1,input,6306,0,0,0,0,-1
0,0,5112,1,input,6307,0,0,0,0,-1
0,0,5113,1,input,6308,0,0,0,0,-1
0,0,5114,1,input,6309,0,0,0,0,1
0,0,5115,1,input,6310,0,0,0,0,1
0,0,5116,1,input,6311,0,0,0,0,-1
0,0,5117,1,input,6312,0,0,0,0,-1
0,0,5118,1,input,6313,0,0,0,0,-1
0,0,5119,1,input,6315,0,0,0,0,-1
0,0,5120,1,input,6316,0,0,0,0,-1
0,0,5121,1,input,6317,0,0,0,0,-1
0,0,5122,1,input,6318,0,0,0,0,-1
0,0,5123,1,input,6319,0,0,0,0,1
0,0,5124,1,input,6320,0,0,0,0,1
0,0,5125,1,input,6321,0,0,0,0,-1
0,0,5126,1,input,6322,0,0,0,0,-1
0,0,5127,1,input,6326,0,0,0,0,1
0,0,5128,1,input,6327,0,0,0,0,-1
0,0,5129,1,input,6328,0,0,0,0,-1
0,0,5130,1,input,6329,0,0,0,0,-1
0,0,5131,1,input,6330,0,0,0,0,-1
0,0,5132,1,input,6332,0,0,0,0,-1
0,0,5133,1,input,6335,0,0,0,0,1
0,0,5134,1,input,6336,0,0,0,0,-1
0,0,5135,1,input,6337,0,0,0,0,1
0,0,5136,1,input,6338,0,0,0,0,-1
0,0,5137,1,input,6339,0,0,0,0,-1
0,0,5138,1,input,6340,0,0,0,0,-1
0,0,5139,1,input,6342,0,0,0,0,1
0,0,5140,1,input,6343,0,0,0,0,-1
0,0,5141,1,input,6344,0,0,0,0,-1
0,0,5142,1,input,6345,0,0,0,0,1
0,0,5143,1,input,6346,0,0,0,0,-1
0,0,5144,1,input,6347,0,0,0,0,-1
0,0,5145,1,input,6348,0,0,0,0,-1
0,0,5146,1,input,6350,0,0,0,0,-1
0,0,5147,1,input,6351,0,0,0,0,1
0,0,5148,1,input,6354,0,0,0,0,-1
0,0,5149,1,input,6355,0,0,0,0,-1
0,0,5150,1,input,6356,0,0,0,0,1
0,0,5151,1,input,6357,0,0,0,0,-1
0,0,5152,1,input,6359,0,0,0,0,-1
0,0,5153,1,input,6360,0,0,0,0,1
0,0,5154,1,input,6362,0,0,0,0,-1
0,0,5155,1,input,6365,0,0,0,0,-1
0,0,5156,1,input,6366,0,0,0,0,-1
0,0,5157,1,input,6367,0,0,0,0,-1
0,0,5158,1,input,6368,0,0,0,0,-1
0,0,5159,1,input,6369,0,0,0,0,1
0,0,5160,1,input,6370,0,0,0,0,-1
0,0,5161,1,input,6371,0,0,0,0,-1
0,0,5162,1,input,6373,0,0,0,0,1
0,0,5163,1,input,6374,0,0,0,0,-1
0,0,5164,1,input,6375,0,0,0,0,1
0,0,5165,1,input,6376,0,0,0,0,-1
0,0,5166,1,input,6378,0,0,0,0,1
0,0,5167,1,input,6380,0,0,0,0,-1
0,0,5168,1,input,6381,0,0,0,0,1
0,0,5169,1,input,6382,0,0,0,0,-1
0,0,5170,1,input,6383,0,0,0,0,1
0,0,5171,1,input,6384,0,0,0,0,1
0,0,5172,1,input,6386,0,0,0,0,1
0,0,5173,1,input,6388,0,0,0,0,-1
0,0,5174,1,input,6390,0,0,0,0,-1
0,0,5175,1,input,6391,0,0,0,0,-1
0,0,5176,1,input,6392,0,0,0,0,-1
0,0,5177,1,input,6393,0,0,0,0,1
0,0,5178,1,input,6394,0,0,0,0,-1
0,0,5179,1,input,6395,0,0,0,0,1
0,0,5180,1,input,6396,0,0,0,0,-1
0,0,5181,1,input,6397,0,0,0,0,1
0,0,5182,1,input,6398,0,0,0,0,1
0,0,5183,1,input,6399,0,0,0,0,-1
0,0,5184,1,input,6400,0,0,0,0,-1
0,0,5185,1,input,6401,0,0,0,0,-1
0,0,5186,1,input,6402,0,0,0,0,-1
0,0,5187,1,input,6403,0,0,0,0,1
0,0,5188,1,input,6405,0,0,0,0,1
0,0,5189,1,input,6406,0,0,0,0,-1
0,0,5190,1,input,6407,0,0,0,0,-1
0,0,5191,1,input,6408,0,0,0,0,-1
0,0,5192,1,input,6409,0,0,0,0,1
0,0,5193,1,input,6410,0,0,0,0,-1
0,0,5194,1,input,6411,0,0,0,0,-1
0,0,5195,1,input,6412,0,0,0,0,-1
0,0,5196,1,input,6413,0,0,0,0,-1
0,0,5197,1,input,6415,0,0,0,0,-1
0,0,5198,1,input,6417,0,0,0,0,-1
0,0,5199,1,input,6418,0,0,0,0,-1
0,0,5200,1,input,6419,0,0,0,0,-1
0,0,5201,1,input,6420,0,0,0,0,-1
0,0,5202,1,input,6421,0,0,0,0,-1
0,0,5203,1,input,6422,0,0,0,0,1
0,0,5204,1,input,6423,0,0,0,0,1
0,0,5205,1,input,6424,0,0,0,0,-1
0,0,5206,1,input,6425,0,0,0,0,-1
0,0,5207,1,input,6426,0,0,0,0,1
0,0,5208,1,input,6427,0,0,0,0,-1
0,0,5209,1,input,6429,0,0,0,0,1
0,0,5210,1,input,6431,0,0,0,0,1
0,0,5211,1,input,6432,0,0,0,0,1
0,0,5212,1,input,6434,0,0,0,0,-1
0,0,5213,1,input,6435,0,0,0,0,-1
0,0,5214,1,input,6436,0,0,0,0,-1
0,0,5215,1,input,6437,0,0,0,0,1
0,0,5216,1,input,6438,0,0,0,0,1
0,0,5217,1,input,6440,0,0,0,0,-1
0,0,5218,1,input,6442,0,0,0,0,-1
0,0,5219,1,input,6443,0,0,0,0,-1
0,0,5220,1,input,6444,0,0,0,0,-1
0,0,5221,1,input,6445,0,0,0,0,-1
0,0,5222,1,input,6446,0,0,0,0,-1
0,0,5223,1,input,6448,0,0,0,0,-1
0,0,5224,1,input,6449,0,0,0,0,-1
0,0,5225,1,input,6452,0,0,0,0,-1
0,0,5226,1,input,6453,0,0,0,0,-1
0,0,5227,1,input,6454,0,0,0,0,1
0,0,5228,1,input,6455,0,0,0,0,-1
0,0,5229,1,input,6456,0,0,0,0,-1
0,0,5230,1,input,6457,0,0,0,0,-1
0,0,5231,1,input,6458,0,0,0,0,-1
0,0,5232,1,input,6459,0,0,0,0,-1
0,0,5233,1,input,6463,0,0,0,0,1
0,0,5234,1,input,6464,0,0,0,0,1
0,0,5235,1,input,6466,0,0,0,0,-1
0,0,5236,1,input,6467,0,0,0,0,-1
0,0,5237,1,input,6470,0,0,0,0,1
0,0,5238,1,input,6472,0,0,0,0,1
0,0,5239,1,input,6473,0,0,0,0,1
0,0,5240,1,input,6474,0,0,0,0,-1
0,0,5241,1,input,6475,0,0,0,0,-1
0,0,5242,1,input,6476,0,0,0,0,-1
0,0,5243,1,input,6478,0,0,0,0,-1
0,0,5244,1,input,6479,0,0,0,0,1
0,0,5245,1,input,6480,0,0,0,0,-1
0,0,5246,1,input,6482,0,0,0,0,-1
0,0,5247,1,input,6483,0,0,0,0,-1
0,0,5248,1,input,6486,0,0,0,0,-1
0,0,5249,1,input,6488,0,0,0,0,1
0,0,5250,1,input,6489,0,0,0,0,-1
0,0,5251,1,input,6490,0,0,0,0,-1
0,0,5252,1,input,6491,0,0,0,0,1
0,0,5253,1,input,6492,0,0,0,0,1
0,0,5254,1,input,6494,0,0,0,0,-1
0,0,5255,1,input,6495,0,0,0,0,-1
0,0,5256,1,input,6496,0,0,0,0,-1
0,0,5257,1,input,6497,0,0,0,0,1
0,0,5258,1,input,6498,0,0,0,0,-1
0,0,5259,1,input,6499,0,0,0,0,-1
0,0,5260,1,input,6501,0,0,0,0,-1
0,0,5261,1,input,6503,0,0,0,0,-1
0,0,5262,1,input,6504,0,0,0,0,-1
0,0,5263,1,input,6505,0,0,0,0,-1
0,0,5264,1,input,6506,0,0,0,0,-1
0,0,5265,1,input,6507,0,0,0,0,1
0,0,5266,1,input,6508,0,0,0,0,-1
0,0,5267,1,input,6510,0,0,0,0,-1
0,0,5268,1,input,6511,0,0,0,0,-1
0,0,5269,1,input,6512,0,0,0,0,1
0,0,5270,1,input,6513,0,0,0,0,-1
0,0,5271,1,input,6514,0,0,0,0,-1
0,0,5272,1,input,6515,0,0,0,0,-1
0,0,5273,1,input,6516,0,0,0,0,-1
0,0,5274,1,input,6517,0,0,0,0,-1
0,0,5275,1,input,6518,0,0,0,0,-1
0,0,5276,1,input,6519,0,0,0,0,-1
0,0,5277,1,input,6520,0,0,0,0,-1
0,0,5278,1,input,6521,0,0,0,0,1
0,0,5279,1,input,6522,0,0,0,0,-1
0,0,5280,1,input,6523,0,0,0,0,1
0,0,5281,1,input,6524,0,0,0,0,1
0,0,5282,1,input,6525,0,0,0,0,1
0,0,5283,1,input,6526,0,0,0,0,1
0,0,5284,1,input,6527,0,0,0,0,-1
0,0,5285,1,input,6528,0,0,0,0,-1
0,0,5286,1,input,6529,0,0,0,0,-1
0,0,5287,1,input,6530,0,0,0,0,-1
0,0,5288,1,input,6531,0,0,0,0,1
0,0,5289,1,input,6532,0,0,0,0,-1
0,0,5290,1,input,6533,0,0,0,0,-1
0,0,5291,1,input,6534,0,0,0,0,-1
0,0,5292,1,input,6535,0,0,0,0,-1
0,0,5293,1,input,6536,0,0,0,0,-1
0,0,5294,1,input,6537,0,0,0,0,1
0,0,5295,1,input,6538,0,0,0,0,-1
0,0,5296,1,input,6539,0,0,0,0,-1
0,0,5297,1,input,6540,0,0,0,0,-1
0,0,5298,1,input,6541,0,0,0,0,-1
0,0,5299,1,input,6542,0,0,0,0,1
0,0,5300,1,input,6543,0,0,0,0,-1
0,0,5301,1,input,6545,0,0,0,0,-1
0,0,5302,1,input,6546,0,0,0,0,-1
0,0,5303,1,input,6547,0,0,0,0,-1
0,0,5304,1,input,6548,0,0,0,0,-1
0,0,5305,1,input,6549,0,0,0,0,-1
0,0,5306,1,input,6550,0,0,0,0,1
0,0,5307,1,input,6551,0,0,0,0,1
0,0,5308,1,input,6553,0,0,0,0,-1
0,0,5309,1,input,6554,0,0,0,0,-1
0,0,5310,1,input,6555,0,0,0,0,-1
0,0,5311,1,input,6557,0,0,0,0,-1
0,0,5312,1,input,6558,0,0,0,0,-1
0,0,5313,1,input,6559,0,0,0,0,-1
0,0,5314,1,input,6560,0,0,0,0,-1
0,0,5315,1,input,6561,0,0,0,0,-1
0,0,5316,1,input,6562,0,0,0,0,-1
0,0,5317,1,input,6563,0,0,0,0,-1
0,0,5318,1,input,6565,0,0,0,0,-1
0,0,5319,1,input,6566,0,0,0,0,1
0,0,5320,1,input,6568,0,0,0,0,-1
0,0,5321,1,input,6570,0,0,0,0,-1
0,0,5322,1,input,6571,0,0,0,0,-1
0,0,5323,1,input,6572,0,0,0,0,-1
0,0,5324,1,input,6573,0,0,0,0,-1
0,0,5325,1,input,6575,0,0,0,0,-1
0,0,5326,1,input,6577,0,0,0,0,-1
0,0,5327,1,input,6578,0,0,0,0,-1
0,0,5328,1,input,6580,0,0,0,0,-1
0,0,5329,1,input,6581,0,0,0,0,-1
0,0,5330,1,input,6582,0,0,0,0,1
0,0,5331,1,input,6583,0,0,0,0,-1
0,0,5332,1,input,6584,0,0,0,0,-1
0,0,5333,1,input,6585,0,0,0,0,-1
0,0,5334,1,input,6587,0,0,0,0,-1
0,0,5335,1,input,6588,0,0,0,0,1
0,0,5336,1,input,6589,0,0,0,0,-1
0,0,5337,1,input,6590,0,0,0,0,-1
0,0,5338,1,input,6591,0,0,0,0,-1
0,0,5339,1,input,6592,0,0,0,0,-1
0,0,5340,1,input,6593,0,0,0,0,-1
0,0,5341,1,input,6595,0,0,0,0,-1
0,0,5342,1,input,6597,0,0,0,0,-1
0,0,5343,1,input,6598,0,0,0,0,1
0,0,5344,1,input,6599,0,0,0,0,-1
0,0,5345,1,input,6601,0,0,0,0,1
0,0,5346,1,input,6602,0,0,0,0,-1
0,0,5347,1,input,6603,0,0,0,0,-1
0,0,5348,1,input,6604,0,0,0,0,-1
0,0,5349,1,input,6606,0,0,0,0,-1
0,0,5350,1,input,6607,0,0,0,0,1
0,0,5351,1,input,6608,0,0,0,0,-1
0,0,5352,1,input,6609,0,0,0,0,-1
0,0,5353,1,input,6610,0,0,0,0,-1
0,0,5354,1,input,6611,0,0,0,0,-1
0,0,5355,1,input,6612,0,0,0,0,-1
0,0,5356,1,input,6614,0,0,0,0,-1
0,0,5357,1,input,6617,0,0,0,0,-1
0,0,5358,1,input,6618,0,0,0,0,-1
0,0,5359,1,input,6619,0,0,0,0,-1
0,0,5360,1,input,6620,0,0,0,0,1
0,0,5361,1,input,6623,0,0,0,0,-1
0,0,5362,1,input,6624,0,0,0,0,-1
0,0,5363,1,input,6625,0,0,0,0,1
0,0,5364,1,input,6626,0,0,0,0,-1
0,0,5365,1,input,6627,0,0,0,0,-1
0,0,5366,1,input,6628,0,0,0,0,-1
0,0,5367,1,input,6629,0,0,0,0,-1
0,0,5368,1,input,6631,0,0,0,0,-1
0,0,5369,1,input,6632,0,0,0,0,-1
0,0,5370,1,input,6633,0,0,0,0,-1
0,0,5371,1,input,6634,0,0,0,0,-1
0,0,5372,1,input,6635,0,0,0,0,1
0,0,5373,1,input,6636,0,0,0,0,-1
0,0,5374,1,input,6637,0,0,0,0,1
0,0,5375,1,input,6638,0,0,0,0,-1
0,0,5376,1,input,6639,0,0,0,0,-1
0,0,5377,1,input,6640,0,0,0,0,1
0,0,5378,1,input,6641,0,0,0,0,-1
0,0,5379,1,input,6642,0,0,0,0,-1
0,0,5380,1,input,6643,0,0,0,0,-1
0,0,5381,1,input,6644,0,0,0,0,-1
0,0,5382,1,input,6645,0,0,0,0,-1
0,0,5383,1,input,6646,0,0,0,0,-1
0,0,5384,1,input,6647,0,0,0,0,-1
0,0,5385,1,input,6648,0,0,0,0,-1
0,0,5386,1,input,6649,0,0,0,0,1
0,0,5387,1,input,6650,0,0,0,0,-1
0,0,5388,1,input,6651,0,0,0,0,1
0,0,5389,1,input,6652,0,0,0,0,-1
0,0,5390,1,input,6654,0,0,0,0,-1
0,0,5391,1,input,6655,0,0,0,0,-1
0,0,5392,1,input,6656,0,0,0,0,-1
0,0,5393,1,input,6657,0,0,0,0,-1
0,0,5394,1,input,6658,0,0,0,0,-1
0,0,5395,1,input,6659,0,0,0,0,1
0,0,5396,1,input,6660,0,0,0,0,-1
0,0,5397,1,input,6661,0,0,0,0,-1
0,0,5398,1,input,6662,0,0,0,0,-1
0,0,5399,1,input,6663,0,0,0,0,-1
0,0,5400,1,input,6664,0,0,0,0,-1
0,0,5401,1,input,6665,0,0,0,0,1
0,0,5402,1,input,6666,0,0,0,0,-1
0,0,5403,1,input,6667,0,0,0,0,-1
0,0,5404,1,input,6668,0,0,0,0,-1
0,0,5405,1,input,6669,0,0,0,0,-1
0,0,5406,1,input,6670,0,0,0,0,1
0,0,5407,1,input,6671,0,0,0,0,-1
0,0,5408,1,input,6672,0,0,0,0,-1
0,0,5409,1,input,6673,0,0,0,0,-1
0,0,5410,1,input,6674,0,0,0,0,-1
0,0,5411,1,input,6675,0,0,0,0,-1
0,0,5412,1,input,6676,0,0,0,0,-1
0,0,5413,1,input,6677,0,0,0,0,-1
0,0,5414,1,input,6678,0,0,0,0,1
0,0,5415,1,input,6679,0,0,0,0,1
0,0,5416,1,input,6681,0,0,0,0,-1
0,0,5417,1,input,6682,0,0,0,0,-1
0,0,5418,1,input,6683,0,0,0,0,-1
0,0,5419,1,input,6685,0,0,0,0,-1
0,0,5420,1,input,6686,0,0,0,0,-1
0,0,5421,1,input,6687,0,0,0,0,-1
0,0,5422,1,input,6688,0,0,0,0,-1
0,0,5423,1,input,6689,0,0,0,0,-1
0,0,5424,1,input,6690,0,0,0,0,-1
0,0,5425,1,input,6691,0,0,0,0,-1
0,0,5426,1,input,6692,0,0,0,0,-1
0,0,5427,1,input,6693,0,0,0,0,-1
0,0,5428,1,input,6696,0,0,0,0,-1
0,0,5429,1,input,6697,0,0,0,0,1
0,0,5430,1,input,6698,0,0,0,0,-1
0,0,5431,1,input,6699,0,0,0,0,-1
0,0,5432,1,input,6700,0,0,0,0,-1
0,0,5433,1,input,6701,0,0,0,0,-1
0,0,5434,1,input,6703,0,0,0,0,-1
0,0,5435,1,input,6705,0,0,0,0,-1
0,0,5436,1,input,6707,0,0,0,0,1
0,0,5437,1,input,6708,0,0,0,0,-1
0,0,5438,1,input,6709,0,0,0,0,-1
0,0,5439,1,input,6710,0,0,0,0,1
0,0,5440,1,input,6711,0,0,0,0,-1
0,0,5441,1,input,6712,0,0,0,0,-1
0,0,5442,1,input,6714,0,0,0,0,-1
0,0,5443,1,input,6716,0,0,0,0,1
0,0,5444,1,input,6717,0,0,0,0,-1
0,0,5445,1,input,6718,0,0,0,0,-1
0,0,5446,1,input,6719,0,0,0,0,-1
0,0,5447,1,input,6720,0,0,0,0,-1
0,0,5448,1,input,6721,0,0,0,0,-1
0,0,5449,1,input,6722,0,0,0,0,-1
0,0,5450,1,input,6723,0,0,0,0,-1
0,0,5451,1,input,6725,0,0,0,0,-1
0,0,5452,1,input,6727,0,0,0,0,-1
0,0,5453,1,input,6728,0,0,0,0,1
0,0,5454,1,input,6729,0,0,0,0,1
0,0,5455,1,input,6730,0,0,0,0,-1
0,0,5456,1,input,6731,0,0,0,0,-1
0,0,5457,1,input,6732,0,0,0,0,-1
0,0,5458,1,input,6734,0,0,0,0,-1
0,0,5459,1,input,6735,0,0,0,0,1
0,0,5460,1,input,6736,0,0,0,0,-1
0,0,5461,1,input,6737,0,0,0,0,-1
0,0,5462,1,input,6738,0,0,0,0,-1
0,0,5463,1,input,6739,0,0,0,0,-1
0,0,5464,1,input,6740,0,0,0,0,-1
0,0,5465,1,input,6742,0,0,0,0,-1
0,0,5466,1,input,6744,0,0,0,0,-1
0,0,5467,1,input,6745,0,0,0,0,-1
0,0,5468,1,input,6746,0,0,0,0,-1
0,0,5469,1,input,6747,0,0,0,0,-1
0,0,5470,1,input,6748,0,0,0,0,1
0,0,5471,1,input,6749,0,0,0,0,1
0,0,5472,1,input,6751,0,0,0,0,-1
0,0,5473,1,input,6753,0,0,0,0,1
0,0,5474,1,input,6754,0,0,0,0,-1
0,0,5475,1,input,6755,0,0,0,0,-1
0,0,5476,1,input,6756,0,0,0,0,-1
0,0,5477,1,input,6757,0,0,0,0,-1
0,0,5478,1,input,6759,0,0,0,0,-1
0,0,5479,1,input,6760,0,0,0,0,-1
0,0,5480,1,input,6761,0,0,0,0,-1
0,0,5481,1,input,6762,0,0,0,0,-1
0,0,5482,1,input,6764,0,0,0,0,-1
0,0,5483,1,input,6765,0,0,0,0,1
0,0,5484,1,input,6766,0,0,0,0,-1
0,0,5485,1,input,6767,0,0,0,0,-1
0,0,5486,1,input,6768,0,0,0,0,1
0,0,5487,1,input,6769,0,0,0,0,-1
0,0,5488,1,input,6770,0,0,0,0,-1
0,0,5489,1,input,6771,0,0,0,0,-1
0,0,5490,1,input,6772,0,0,0,0,-1
0,0,5491,1,input,6773,0,0,0,0,-1
0,0,5492,1,input,6774,0,0,0,0,-1
0,0,5493,1,input,6775,0,0,0,0,-1
0,0,5494,1,input,6776,0,0,0,0,-1
0,0,5495,1,input,6777,0,0,0,0,1
0,0,5496,1,input,6778,0,0,0,0,-1
0,0,5497,1,input,6779,0,0,0,0,1
0,0,5498,1,input,6780,0,0,0,0,-1
0,0,5499,1,input,6781,0,0,0,0,-1
0,0,5500,1,input,6782,0,0,0,0,-1
0,0,5501,1,input,6783,0,0,0,0,-1
0,0,5502,1,input,6784,0,0,0,0,-1
0,0,5503,1,input,6785,0,0,0,0,-1
0,0,5504,1,input,6786,0,0,0,0,-1
0,0,5505,1,input,6787,0,0,0,0,1
0,0,5506,1,input,6788,0,0,0,0,-1
0,0,5507,1,input,6789,0,0,0,0,-1
0,0,5508,1,input,6790,0,0,0,0,-1
0,0,5509,1,input,6791,0,0,0,0,-1
0,0,5510,1,input,6792,0,0,0,0,-1
0,0,5511,1,input,6794,0,0,0,0,-1
0,0,5512,1,input,6795,0,0,0,0,-1
0,0,5513,1,input,6797,0,0,0,0,-1
0,0,5514,1,input,6798,0,0,0,0,1
0,0,5515,1,input,6799,0,0,0,0,-1
0,0,5516,1,input,6800,0,0,0,0,-1
0,0,5517,1,input,6801,0,0,0,0,-1
0,0,5518,1,input,6802,0,0,0,0,-1
0,0,5519,1,input,6803,0,0,0,0,-1
0,0,5520,1,input,6804,0,0,0,0,-1
0,0,5521,1,input,6805,0,0,0,0,-1
0,0,5522,1,input,6806,0,0,0,0,1
0,0,5523,1,input,6807,0,0,0,0,1
0,0,5524,1,input,6809,0,0,0,0,-1
0,0,5525,1,input,6810,0,0,0,0,-1
0,0,5526,1,input,6811,0,0,0,0,-1
0,0,5527,1,input,6812,0,0,0,0,-1
0,0,5528,1,input,6813,0,0,0,0,-1
0,0,5529,1,input,6814,0,0,0,0,-1
0,0,5530,1,input,6815,0,0,0,0,-1
0,0,5531,1,input,6816,0,0,0,0,-1
0,0,5532,1,input,6817,0,0,0,0,1
0,0,5533,1,input,6818,0,0,0,0,-1
0,0,5534,1,input,6819,0,0,0,0,-1
0,0,5535,1,input,6820,0,0,0,0,-1
0,0,5536,1,input,6821,0,0,0,0,-1
0,0,5537,1,input,6822,0,0,0,0,-1
0,0,5538,1,input,6823,0,0,0,0,-1
0,0,5539,1,input,6824,0,0,0,0,-1
0,0,5540,1,input,6826,0,0,0,0,-1
0,0,5541,1,input,6828,0,0,0,0,-1
0,0,5542,1,input,6829,0,0,0,0,-1
0,0,5543,1,input,6831,0,0,0,0,-1
0,0,5544,1,input,6833,0,0,0,0,-1
0,0,5545,1,input,6834,0,0,0,0,-1
0,0,5546,1,input,6835,0,0,0,0,1
0,0,5547,1,input,6836,0,0,0,0,-1
0,0,5548,1,input,6837,0,0,0,0,1
0,0,5549,1,input,6838,0,0,0,0,1
0,0,5550,1,input,6839,0,0,0,0,-1
0,0,5551,1,input,6841,0,0,0,0,-1
0,0,5552,1,input,6842,0,0,0,0,-1
0,0,5553,1,input,6843,0,0,0,0,-1
0,0,5554,1,input,6844,0,0,0,0,1
0,0,5555,1,input,6845,0,0,0,0,1
0,0,5556,1,input,6846,0,0,0,0,-1
0,0,5557,1,input,6847,0,0,0,0,-1
0,0,5558,1,input,6851,0,0,0,0,-1
0,0,5559,1,input,6853,0,0,0,0,-1
0,0,5560,1,input,6854,0,0,0,0,1
0,0,5561,1,input,6855,0,0,0,0,-1
0,0,5562,1,input,6856,0,0,0,0,1
0,0,5563,1,input,6857,0,0,0,0,1
0,0,5564,1,input,6859,0,0,0,0,-1
0,0,5565,1,input,6860,0,0,0,0,-1
0,0,5566,1,input,6862,0,0,0,0,-1
0,0,5567,1,input,6863,0,0,0,0,1
0,0,5568,1,input,6864,0,0,0,0,-1
0,0,5569,1,input,6865,0,0,0,0,-1
0,0,5570,1,input,6866,0,0,0,0,-1
0,0,5571,1,input,6867,0,0,0,0,-1
0,0,5572,1,input,6868,0,0,0,0,-1
0,0,5573,1,input,6870,0,0,0,0,-1
0,0,5574,1,input,6872,0,0,0,0,-1
0,0,5575,1,input,6874,0,0,0,0,-1
0,0,5576,1,input,6875,0,0,0,0,-1
0,0,5577,1,input,6876,0,0,0,0,1
0,0,5578,1,input,6877,0,0,0,0,1
0,0,5579,1,input,6879,0,0,0,0,-1
0,0,5580,1,input,6880,0,0,0,0,-1
0,0,5581,1,input,6881,0,0,0,0,1
0,0,5582,1,input,6882,0,0,0,0,-1
0,0,5583,1,input,6883,0,0,0,0,-1
0,0,5584,1,input,6885,0,0,0,0,-1
0,0,5585,1,input,6886,0,0,0,0,1
0,0,5586,1,input,6887,0,0,0,0,-1
0,0,5587,1,input,6888,0,0,0,0,-1
0,0,5588,1,input,6889,0,0,0,0,-1
0,0,5589,1,input,6890,0,0,0,0,-1
0,0,5590,1,input,6892,0,0,0,0,-1
0,0,5591,1,input,6893,0,0,0,0,1
0,0,5592,1,input,6894,0,0,0,0,-1
0,0,5593,1,input,6895,0,0,0,0,-1
0,0,5594,1,input,6896,0,0,0,0,1
0,0,5595,1,input,6897,0,0,0,0,-1
0,0,5596,1,input,6898,0,0,0,0,-1
0,0,5597,1,input,6899,0,0,0,0,-1
0,0,5598,1,input,6900,0,0,0,0,-1
0,0,5599,1,input,6901,0,0,0,0,-1
0,0,5600,1,input,6902,0,0,0,0,-1
0,0,5601,1,input,6904,0,0,0,0,-1
0,0,5602,1,input,6905,0,0,0,0,1
0,0,5603,1,input,6906,0,0,0,0,-1
0,0,5604,1,input,6907,0,0,0,0,1
0,0,5605,1,input,6908,0,0,0,0,-1
0,0,5606,1,input,6909,0,0,0,0,-1
0,0,5607,1,input,6910,0,0,0,0,-1
0,0,5608,1,input,6911,0,0,0,0,-1
0,0,5609,1,input,6912,0,0,0,0,-1
0,0,5610,1,input,6913,0,0,0,0,-1
0,0,5611,1,input,6914,0,0,0,0,-1
0,0,5612,1,input,6915,0,0,0,0,1
0,0,5613,1,input,6916,0,0,0,0,-1
0,0,5614,1,input,6917,0,0,0,0,-1
0,0,5615,1,input,6918,0,0,0,0,-1
0,0,5616,1,input,6919,0,0,0,0,-1
0,0,5617,1,input,6920,0,0,0,0,-1
0,0,5618,1,input,6921,0,0,0,0,-1
0,0,5619,1,input,6923,0,0,0,0,-1
0,0,5620,1,input,6924,0,0,0,0,-1
0,0,5621,1,input,6925,0,0,0,0,-1
0,0,5622,1,input,6927,0,0,0,0,-1
0,0,5623,1,input,6929,0,0,0,0,-1
0,0,5624,1,input,6930,0,0,0,0,1
0,0,5625,1,input,6931,0,0,0,0,-1
0,0,5626,1,input,6932,0,0,0,0,-1
0,0,5627,1,input,6933,0,0,0,0,-1
0,0,5628,1,input,6934,0,0,0,0,1
0,0,5629,1,input,6935,0,0,0,0,1
0,0,5630,1,input,6936,0,0,0,0,-1
0,0,5631,1,input,6937,0,0,0,0,-1
0,0,5632,1,input,6938,0,0,0,0,-1
0,0,5633,1,input,6939,0,0,0,0,-1
0,0,5634,1,input,6940,0,0,0,0,-1
0,0,5635,1,input,6941,0,0,0,0,-1
0,0,5636,1,input,6942,0,0,0,0,-1
0,0,5637,1,input,6943,0,0,0,0,-1
0,0,5638,1,input,6946,0,0,0,0,-1
0,0,5639,1,input,6947,0,0,0,0,-1
0,0,5640,1,input,6948,0,0,0,0,-1
0,0,5641,1,input,6949,0,0,0,0,1
0,0,5642,1,input,6950,0,0,0,0,-1
0,0,5643,1,input,6951,0,0,0,0,-1
0,0,5644,1,input,6952,0,0,0,0,-1
0,0,5645,1,input,6954,0,0,0,0,-1
0,0,5646,1,input,6956,0,0,0,0,-1
0,0,5647,1,input,6957,0,0,0,0,-1
0,0,5648,1,input,6958,0,0,0,0,-1
0,0,5649,1,input,6959,0,0,0,0,-1
0,0,5650,1,input,6960,0,0,0,0,-1
0,0,5651,1,input,6961,0,0,0,0,-1
0,0,5652,1,input,6962,0,0,0,0,-1
0,0,5653,1,input,6964,0,0,0,0,-1
0,0,5654,1,input,6965,0,0,0,0,1
0,0,5655,1,input,6966,0,0,0,0,1
0,0,5656,1,input,6967,0,0,0,0,-1
0,0,5657,1,input,6969,0,0,0,0,-1
0,0,5658,1,input,6971,0,0,0,0,-1
0,0,5659,1,input,6972,0,0,0,0,-1
0,0,5660,1,input,6974,0,0,0,0,-1
0,0,5661,1,input,6976,0,0,0,0,-1
0,0,5662,1,input,6978,0,0,0,0,-1
0,0,5663,1,input,6979,0,0,0,0,-1
0,0,5664,1,input,6980,0,0,0,0,-1
0,0,5665,1,input,6981,0,0,0,0,-1
0,0,5666,1,input,6982,0,0,0,0,1
0,0,5667,1,input,6983,0,0,0,0,-1
0,0,5668,1,input,6984,0,0,0,0,1
0,0,5669,1,input,6985,0,0,0,0,1
0,0,5670,1,input,6987,0,0,0,0,-1
0,0,5671,1,input,6988,0,0,0,0,-1
0,0,5672,1,input,6989,0,0,0,0,1
0,0,5673,1,input,6990,0,0,0,0,-1
0,0,5674,1,input,6992,0,0,0,0,-1
0,0,5675,1,input,6993,0,0,0,0,-1
0,0,5676,1,input,6994,0,0,0,0,-1
0,0,5677,1,input,6995,0,0,0,0,-1
0,0,5678,1,input,6996,0,0,0,0,-1
0,0,5679,1,input,6998,0,0,0,0,-1
0,0,5680,1,input,6999,0,0,0,0,-1
0,0,5681,1,input,7000,0,0,0,0,1
0,0,5682,1,input,7001,0,0,0,0,-1
0,0,5683,1,input,7002,0,0,0,0,-1
0,0,5684,1,input,7003,0,0,0,0,-1
0,0,5685,1,input,7004,0,0,0,0,1
0,0,5686,1,input,7005,0,0,0,0,1
0,0,5687,1,input,7006,0,0,0,0,-1
0,0,5688,1,input,7007,0,0,0,0,-1
0,0,5689,1,input,7008,0,0,0,0,-1
0,0,5690,1,input,7009,0,0,0,0,1
0,0,5691,1,input,7010,0,0,0,0,-1
0,0,5692,1,input,7011,0,0,0,0,-1
0,0,5693,1,input,7012,0,0,0,0,-1
0,0,5694,1,input,7013,0,0,0,0,-1
0,0,5695,1,input,7014,0,0,0,0,1
0,0,5696,1,input,7015,0,0,0,0,-1
0,0,5697,1,input,7016,0,0,0,0,-1
0,0,5698,1,input,7017,0,0,0,0,-1
0,0,5699,1,input,7018,0,0,0,0,-1
0,0,5700,1,input,7020,0,0,0,0,-1
0,0,5701,1,input,7021,0,0,0,0,1
0,0,5702,1,input,7022,0,0,0,0,-1
0,0,5703,1,input,7023,0,0,0,0,-1
0,0,5704,1,input,7025,0,0,0,0,-1
0,0,5705,1,input,7026,0,0,0,0,-1
0,0,5706,1,input,7027,0,0,0,0,-1
0,0,5707,1,input,7028,0,0,0,0,-1
0,0,5708,1,input,7029,0,0,0,0,-1
0,0,5709,1,input,7030,0,0,0,0,-1
0,0,5710,1,input,7031,0,0,0,0,1
0,0,5711,1,input,7032,0,0,0,0,-1
0,0,5712,1,input,7033,0,0,0,0,1
0,0,5713,1,input,7034,0,0,0,0,-1
0,0,5714,1,input,7035,0,0,0,0,1
0,0,5715,1,input,7036,0,0,0,0,-1
0,0,5716,1,input,7037,0,0,0,0,-1
0,0,5717,1,input,7038,0,0,0,0,-1
0,0,5718,1,input,7039,0,0,0,0,-1
0,0,5719,1,input,7041,0,0,0,0,-1
0,0,5720,1,input,7042,0,0,0,0,-1
0,0,5721,1,input,7043,0,0,0,0,1
0,0,5722,1,input,7044,0,0,0,0,-1
0,0,5723,1,input,7045,0,0,0,0,-1
0,0,5724,1,input,7046,0,0,0,0,-1
0,0,5725,1,input,7047,0,0,0,0,-1
0,0,5726,1,input,7048,0,0,0,0,-1
0,0,5727,1,input,7049,0,0,0,0,1
0,0,5728,1,input,7052,0,0,0,0,-1
0,0,5729,1,input,7053,0,0,0,0,-1
0,0,5730,1,input,7054,0,0,0,0,-1
0,0,5731,1,input,7055,0,0,0,0,-1
0,0,5732,1,input,7056,0,0,0,0,-1
0,0,5733,1,input,7057,0,0,0,0,-1
0,0,5734,1,input,7058,0,0,0,0,1
0,0,5735,1,input,7060,0,0,0,0,-1
0,0,5736,1,input,7061,0,0,0,0,-1
0,0,5737,1,input,7062,0,0,0,0,1
0,0,5738,1,input,7063,0,0,0,0,1
0,0,5739,1,input,7064,0,0,0,0,-1
0,0,5740,1,input,7065,0,0,0,0,-1
0,0,5741,1,input,7066,0,0,0,0,-1
0,0,5742,1,input,7067,0,0,0,0,-1
0,0,5743,1,input,7068,0,0,0,0,-1
0,0,5744,1,input,7069,0,0,0,0,-1
0,0,5745,1,input,7071,0,0,0,0,-1
0,0,5746,1,input,7072,0,0,0,0,-1
0,0,5747,1,input,7073,0,0,0,0,1
0,0,5748,1,input,7074,0,0,0,0,-1
0,0,5749,1,input,7075,0,0,0,0,-1
0,0,5750,1,input,7076,0,0,0,0,-1
0,0,5751,1,input,7078,0,0,0,0,-1
0,0,5752,1,input,7080,0,0,0,0,-1
0,0,5753,1,input,7081,0,0,0,0,-1
0,0,5754,1,input,7082,0,0,0,0,1
0,0,5755,1,input,7084,0,0,0,0,-1
0,0,5756,1,input,7085,0,0,0,0,-1
0,0,5757,1,input,7087,0,0,0,0,-1
0,0,5758,1,input,7088,0,0,0,0,-1
0,0,5759,1,input,7089,0,0,0,0,-1
0,0,5760,1,input,7090,0,0,0,0,-1
0,0,5761,1,input,7092,0,0,0,0,-1
0,0,5762,1,input,7093,0,0,0,0,1
0,0,5763,1,input,7094,0,0,0,0,1
0,0,5764,1,input,7095,0,0,0,0,-1
0,0,5765,1,input,7097,0,0,0,0,-1
0,0,5766,1,input,7098,0,0,0,0,-1
0,0,5767,1,input,7100,0,0,0,0,-1
0,0,5768,1,input,7101,0,0,0,0,1
0,0,5769,1,input,7102,0,0,0,0,-1
0,0,5770,1,input,7104,0,0,0,0,-1
0,0,5771,1,input,7105,0,0,0,0,-1
0,0,5772,1,input,7106,0,0,0,0,-1
0,0,5773,1,input,7107,0,0,0,0,-1
0,0,5774,1,input,7108,0,0,0,0,-1
0,0,5775,1,input,7109,0,0,0,0,-1
0,0,5776,1,input,7110,0,0,0,0,1
0,0,5777,1,input,7111,0,0,0,0,-1
0,0,5778,1,input,7112,0,0,0,0,1
0,0,5779,1,input,7114,0,0,0,0,-1
0,0,5780,1,input,7115,0,0,0,0,-1
0,0,5781,1,input,7116,0,0,0,0,-1
0,0,5782,1,input,7117,0,0,0,0,1
0,0,5783,1,input,7120,0,0,0,0,-1
0,0,5784,1,input,7122,0,0,0,0,-1
0,0,5785,1,input,7123,0,0,0,0,-1
0,0,5786,1,input,7124,0,0,0,0,-1
0,0,5787,1,input,7126,0,0,0,0,1
0,0,5788,1,input,7127,0,0,0,0,-1
0,0,5789,1,input,7128,0,0,0,0,-1
0,0,5790,1,input,7129,0,0,0,0,1
0,0,5791,1,input,7130,0,0,0,0,-1
0,0,5792,1,input,7131,0,0,0,0,-1
0,0,5793,1,input,7133,0,0,0,0,1
0,0,5794,1,input,7134,0,0,0,0,-1
0,0,5795,1,input,7135,0,0,0,0,-1
0,0,5796,1,input,7136,0,0,0,0,1
0,0,5797,1,input,7137,0,0,0,0,1
0,0,5798,1,input,7138,0,0,0,0,-1
0,0,5799,1,input,7139,0,0,0,0,-1
0,0,5800,1,input,7140,0,0,0,0,-1
0,0,5801,1,input,7141,0,0,0,0,-1
0,0,5802,1,input,7142,0,0,0,0,1
0,0,5803,1,input,7143,0,0,0,0,-1
0,0,5804,1,input,7144,0,0,0,0,-1
0,0,5805,1,input,7145,0,0,0,0,-1
0,0,5806,1,input,7148,0,0,0,0,-1
0,0,5807,1,input,7150,0,0,0,0,1
0,0,5808,1,input,7151,0,0,0,0,1
0,0,5809,1,input,7154,0,0,0,0,-1
0,0,5810,1,input,7155,0,0,0,0,-1
0,0,5811,1,input,7156,0,0,0,0,-1
0,0,5812,1,input,7157,0,0,0,0,-1
0,0,5813,1,input,7158,0,0,0,0,-1
0,0,5814,1,input,7159,0,0,0,0,1
0,0,5815,1,input,7160,0,0,0,0,-1
0,0,5816,1,input,7162,0,0,0,0,-1
0,0,5817,1,input,7163,0,0,0,0,1
0,0,5818,1,input,7164,0,0,0,0,-1
0,0,5819,1,input,7165,0,0,0,0,-1
0,0,5820,1,input,7166,0,0,0,0,-1
0,0,5821,1,input,7167,0,0,0,0,-1
0,0,5822,1,input,7168,0,0,0,0,-1
0,0,5823,1,input,7170,0,0,0,0,-1
0,0,5824,1,input,7171,0,0,0,0,-1
0,0,5825,1,input,7172,0,0,0,0,1
0,0,5826,1,input,7173,0,0,0,0,-1
0,0,5827,1,input,7174,0,0,0,0,-1
0,0,5828,1,input,7177,0,0,0,0,1
0,0,5829,1,input,7178,0,0,0,0,-1
0,0,5830,1,input,7179,0,0,0,0,-1
0,0,5831,1,input,7180,0,0,0,0,-1
0,0,5832,1,input,7181,0,0,0,0,-1
0,0,5833,1,input,7182,0,0,0,0,-1
0,0,5834,1,input,7183,0,0,0,0,-1
0,0,5835,1,input,7185,0,0,0,0,-1
0,0,5836,1,input,7186,0,0,0,0,1
0,0,5837,1,input,7187,0,0,0,0,-1
0,0,5838,1,input,7189,0,0,0,0,-1
0,0,5839,1,input,7190,0,0,0,0,-1
0,0,5840,1,input,7191,0,0,0,0,1
0,0,5841,1,input,7192,0,0,0,0,-1
0,0,5842,1,input,7193,0,0,0,0,-1
0,0,5843,1,input,7194,0,0,0,0,-1
0,0,5844,1,input,7195,0,0,0,0,-1
0,0,5845,1,input,7196,0,0,0,0,-1
0,0,5846,1,input,7197,0,0,0,0,-1
0,0,5847,1,input,7198,0,0,0,0,-1
0,0,5848,1,input,7200,0,0,0,0,1
0,0,5849,1,input,7201,0,0,0,0,-1
0,0,5850,1,input,7202,0,0,0,0,-1
0,0,5851,1,input,7203,0,0,0,0,-1
0,0,5852,1,input,7204,0,0,0,0,-1
0,0,5853,1,input,7205,0,0,0,0,1
0,0,5854,1,input,7206,0,0,0,0,1
0,0,5855,1,input,7207,0,0,0,0,1
0,0,5856,1,input,7208,0,0,0,0,1
0,0,5857,1,input,7209,0,0,0,0,1
0,0,5858,1,input,7210,0,0,0,0,-1
0,0,5859,1,input,7212,0,0,0,0,-1
0,0,5860,1,input,7213,0,0,0,0,-1
0,0,5861,1,input,7214,0,0,0,0,1
0,0,5862,1,input,7215,0,0,0,0,-1
0,0,5863,1,input,7216,0,0,0,0,1
0,0,5864,1,input,7219,0,0,0,0,-1
0,0,5865,1,input,7220,0,0,0,0,-1
0,0,5866,1,input,7221,0,0,0,0,-1
0,0,5867,1,input,7222,0,0,0,0,1
0,0,5868,1,input,7223,0,0,0,0,-1
0,0,5869,1,input,7224,0,0,0,0,-1
0,0,5870,1,input,7225,0,0,0,0,-1
0,0,5871,1,input,7227,0,0,0,0,-1
0,0,5872,1,input,7228,0,0,0,0,-1
0,0,5873,1,input,7229,0,0,0,0,-1
0,0,5874,1,input,7230,0,0,0,0,-1
0,0,5875,1,input,7231,0,0,0,0,1
0,0,5876,1,input,7232,0,0,0,0,-1
0,0,5877,1,input,7233,0,0,0,0,-1
0,0,5878,1,input,7235,0,0,0,0,-1
0,0,5879,1,input,7238,0,0,0,0,1
0,0,5880,1,input,7239,0,0,0,0,-1
0,0,5881,1,input,7241,0,0,0,0,1
0,0,5882,1,input,7242,0,0,0,0,-1
0,0,5883,1,input,7243,0,0,0,0,-1
0,0,5884,1,input,7244,0,0,0,0,-1
0,0,5885,1,input,7245,0,0,0,0,1
0,0,5886,1,input,7246,0,0,0,0,-1
0,0,5887,1,input,7247,0,0,0,0,1
0,0,5888,1,input,7248,0,0,0,0,-1
0,0,5889,1,input,7250,0,0,0,0,-1
0,0,5890,1,input,7251,0,0,0,0,-1
0,0,5891,1,input,7252,0,0,0,0,1
0,0,5892,1,input,7253,0,0,0,0,-1
0,0,5893,1,input,7254,0,0,0,0,-1
0,0,5894,1,input,7257,0,0,0,0,-1
0,0,5895,1,input,7258,0,0,0,0,-1
0,0,5896,1,input,7259,0,0,0,0,-1
0,0,5897,1,input,7261,0,0,0,0,-1
0,0,5898,1,input,7263,0,0,0,0,-1
0,0,5899,1,input,7264,0,0,0,0,-1
0,0,5900,1,input,7265,0,0,0,0,1
0,0,5901,1,input,7266,0,0,0,0,-1
0,0,5902,1,input,7267,0,0,0,0,-1
0,0,5903,1,input,7268,0,0,0,0,-1
0,0,5904,1,input,7270,0,0,0,0,1
0,0,5905,1,input,7271,0,0,0,0,-1
0,0,5906,1,input,7272,0,0,0,0,-1
0,0,5907,1,input,7273,0,0,0,0,-1
0,0,5908,1,input,7274,0,0,0,0,1
0,0,5909,1,input,7276,0,0,0,0,-1
0,0,5910,1,input,7277,0,0,0,0,-1
0,0,5911,1,input,7281,0,0,0,0,-1
0,0,5912,1,input,7282,0,0,0,0,-1
0,0,5913,1,input,7284,0,0,0,0,-1
0,0,5914,1,input,7285,0,0,0,0,-1
0,0,5915,1,input,7286,0,0,0,0,-1
0,0,5916,1,input,7287,0,0,0,0,1
0,0,5917,1,input,7288,0,0,0,0,-1
0,0,5918,1,input,7290,0,0,0,0,-1
0,0,5919,1,input,7291,0,0,0,0,1
0,0,5920,1,input,7292,0,0,0,0,1
0,0,5921,1,input,7293,0,0,0,0,1
0,0,5922,1,input,7295,0,0,0,0,-1
0,0,5923,1,input,7296,0,0,0,0,-1
0,0,5924,1,input,7297,0,0,0,0,-1
0,0,5925,1,input,7298,0,0,0,0,-1
0,0,5926,1,input,7301,0,0,0,0,-1
0,0,5927,1,input,7303,0,0,0,0,-1
0,0,5928,1,input,7304,0,0,0,0,1
0,0,5929,1,input,7305,0,0,0,0,1
0,0,5930,1,input,7306,0,0,0,0,-1
0,0,5931,1,input,7308,0,0,0,0,1
0,0,5932,1,input,7309,0,0,0,0,-1
0,0,5933,1,input,7310,0,0,0,0,-1
0,0,5934,1,input,7311,0,0,0,0,-1
0,0,5935,1,input,7312,0,0,0,0,-1
0,0,5936,1,input,7313,0,0,0,0,-1
0,0,5937,1,input,7314,0,0,0,0,-1
0,0,5938,1,input,7315,0,0,0,0,-1
0,0,5939,1,input,7317,0,0,0,0,-1
0,0,5940,1,input,7318,0,0,0,0,-1
0,0,5941,1,input,7319,0,0,0,0,1
0,0,5942,1,input,7321,0,0,0,0,-1
0,0,5943,1,input,7322,0,0,0,0,-1
0,0,5944,1,input,7323,0,0,0,0,-1
0,0,5945,1,input,7324,0,0,0,0,-1
0,0,5946,1,input,7326,0,0,0,0,-1
0,0,5947,1,input,7327,0,0,0,0,1
0,0,5948,1,input,7329,0,0,0,0,-1
0,0,5949,1,input,7330,0,0,0,0,-1
0,0,5950,1,input,7331,0,0,0,0,-1
0,0,5951,1,input,7332,0,0,0,0,-1
0,0,5952,1,input,7333,0,0,0,0,1
0,0,5953,1,input,7334,0,0,0,0,1
0,0,5954,1,input,7338,0,0,0,0,-1
0,0,5955,1,input,7340,0,0,0,0,-1
0,0,5956,1,input,7341,0,0,0,0,-1
0,0,5957,1,input,7342,0,0,0,0,-1
0,0,5958,1,input,7344,0,0,0,0,1
0,0,5959,1,input,7345,0,0,0,0,-1
0,0,5960,1,input,7347,0,0,0,0,1
0,0,5961,1,input,7348,0,0,0,0,-1
0,0,5962,1,input,7349,0,0,0,0,1
0,0,5963,1,input,7350,0,0,0,0,1
0,0,5964,1,input,7351,0,0,0,0,-1
0,0,5965,1,input,7353,0,0,0,0,-1
0,0,5966,1,input,7354,0,0,0,0,1
0,0,5967,1,input,7356,0,0,0,0,-1
0,0,5968,1,input,7357,0,0,0,0,-1
0,0,5969,1,input,7358,0,0,0,0,-1
0,0,5970,1,input,7360,0,0,0,0,-1
0,0,5971,1,input,7362,0,0,0,0,-1
0,0,5972,1,input,7363,0,0,0,0,-1
0,0,5973,1,input,7366,0,0,0,0,1
0,0,5974,1,input,7367,0,0,0,0,-1
0,0,5975,1,input,7368,0,0,0,0,1
0,0,5976,1,input,7369,0,0,0,0,1
0,0,5977,1,input,7370,0,0,0,0,1
0,0,5978,1,input,7371,0,0,0,0,-1
0,0,5979,1,input,7372,0,0,0,0,-1
0,0,5980,1,input,7373,0,0,0,0,1
0,0,5981,1,input,7374,0,0,0,0,-1
0,0,5982,1,input,7375,0,0,0,0,1
0,0,5983,1,input,7376,0,0,0,0,-1
0,0,5984,1,input,7377,0,0,0,0,-1
0,0,5985,1,input,7378,0,0,0,0,-1
0,0,5986,1,input,7379,0,0,0,0,-1
0,0,5987,1,input,7380,0,0,0,0,1
0,0,5988,1,input,7382,0,0,0,0,-1
0,0,5989,1,input,7383,0,0,0,0,1
0,0,5990,1,input,7385,0,0,0,0,-1
0,0,5991,1,input,7386,0,0,0,0,-1
0,0,5992,1,input,7387,0,0,0,0,-1
0,0,5993,1,input,7389,0,0,0,0,-1
0,0,5994,1,input,7390,0,0,0,0,1
0,0,5995,1,input,7392,0,0,0,0,-1
0,0,5996,1,input,7393,0,0,0,0,1
0,0,5997,1,input,7394,0,0,0,0,-1
0,0,5998,1,input,7395,0,0,0,0,-1
0,0,5999,1,input,7396,0,0,0,0,-1
0,0,6000,1,input,7398,0,0,0,0,1
0,0,6001,1,input,7399,0,0,0,0,-1
0,0,6002,1,input,7401,0,0,0,0,-1
0,0,6003,1,input,7402,0,0,0,0,1
0,0,6004,1,input,7404,0,0,0,0,-1
0,0,6005,1,input,7406,0,0,0,0,-1
0,0,6006,1,input,7409,0,0,0,0,-1
0,0,6007,1,input,7410,0,0,0,0,-1
0,0,6008,1,input,7412,0,0,0,0,-1
0,0,6009,1,input,7413,0,0,0,0,-1
0,0,6010,1,input,7414,0,0,0,0,-1
0,0,6011,1,input,7416,0,0,0,0,-1
0,0,6012,1,input,7418,0,0,0,0,-1
0,0,6013,1,input,7419,0,0,0,0,1
0,0,6014,1,input,7420,0,0,0,0,-1
0,0,6015,1,input,7421,0,0,0,0,1
0,0,6016,1,input,7423,0,0,0,0,-1
0,0,6017,1,input,7424,0,0,0,0,-1
0,0,6018,1,input,7425,0,0,0,0,-1
0,0,6019,1,input,7426,0,0,0,0,-1
0,0,6020,1,input,7427,0,0,0,0,1
0,0,6021,1,input,7429,0,0,0,0,-1
0,0,6022,1,input,7430,0,0,0,0,-1
0,0,6023,1,input,7431,0,0,0,0,-1
0,0,6024,1,input,7433,0,0,0,0,1
0,0,6025,1,input,7434,0,0,0,0,-1
0,0,6026,1,input,7435,0,0,0,0,-1
0,0,6027,1,input,7436,0,0,0,0,-1
0,0,6028,1,input,7437,0,0,0,0,-1
0,0,6029,1,input,7438,0,0,0,0,1
0,0,6030,1,input,7439,0,0,0,0,-1
0,0,6031,1,input,7440,0,0,0,0,-1
0,0,6032,1,input,7441,0,0,0,0,-1
0,0,6033,1,input,7442,0,0,0,0,-1
0,0,6034,1,input,7443,0,0,0,0,-1
0,0,6035,1,input,7444,0,0,0,0,-1
0,0,6036,1,input,7445,0,0,0,0,-1
0,0,6037,1,input,7446,0,0,0,0,-1
0,0,6038,1,input,7447,0,0,0,0,1
0,0,6039,1,input,7448,0,0,0,0,1
0,0,6040,1,input,7449,0,0,0,0,-1
0,0,6041,1,input,7450,0,0,0,0,-1
0,0,6042,1,input,7451,0,0,0,0,-1
0,0,6043,1,input,7452,0,0,0,0,-1
0,0,6044,1,input,7454,0,0,0,0,-1
0,0,6045,1,input,7455,0,0,0,0,-1
0,0,6046,1,input,7457,0,0,0,0,-1
0,0,6047,1,input,7458,0,0,0,0,-1
0,0,6048,1,input,7459,0,0,0,0,-1
0,0,6049,1,input,7460,0,0,0,0,-1
0,0,6050,1,input,7461,0,0,0,0,1
0,0,6051,1,input,7462,0,0,0,0,1
0,0,6052,1,input,7466,0,0,0,0,-1
0,0,6053,1,input,7468,0,0,0,0,-1
0,0,6054,1,input,7469,0,0,0,0,-1
0,0,6055,1,input,7470,0,0,0,0,-1
0,0,6056,1,input,7471,0,0,0,0,-1
0,0,6057,1,input,7473,0,0,0,0,-1
0,0,6058,1,input,7475,0,0,0,0,1
0,0,6059,1,input,7476,0,0,0,0,-1
0,0,6060,1,input,7477,0,0,0,0,-1
0,0,6061,1,input,7478,0,0,0,0,1
0,0,6062,1,input,7479,0,0,0,0,-1
0,0,6063,1,input,7480,0,0,0,0,-1
0,0,6064,1,input,7481,0,0,0,0,-1
0,0,6065,1,input,7484,0,0,0,0,-1
0,0,6066,1,input,7485,0,0,0,0,-1
0,0,6067,1,input,7486,0,0,0,0,-1
0,0,6068,1,input,7488,0,0,0,0,-1
0,0,6069,1,input,7490,0,0,0,0,-1
0,0,6070,1,input,7491,0,0,0,0,-1
0,0,6071,1,input,7494,0,0,0,0,1
0,0,6072,1,input,7495,0,0,0,0,-1
0,0,6073,1,input,7496,0,0,0,0,1
0,0,6074,1,input,7497,0,0,0,0,1
0,0,6075,1,input,7498,0,0,0,0,1
0,0,6076,1,input,7499,0,0,0,0,-1
0,0,6077,1,input,7500,0,0,0,0,-1
0,0,6078,1,input,7502,0,0,0,0,-1
0,0,6079,1,input,7503,0,0,0,0,1
0,0,6080,1,input,7504,0,0,0,0,-1
0,0,6081,1,input,7505,0,0,0,0,-1
0,0,6082,1,input,7506,0,0,0,0,-1
0,0,6083,1,input,7507,0,0,0,0,-1
0,0,6084,1,input,7508,0,0,0,0,1
0,0,6085,1,input,7509,0,0,0,0,-1
0,0,6086,1,input,7510,0,0,0,0,-1
0,0,6087,1,input,7511,0,0,0,0,1
0,0,6088,1,input,7513,0,0,0,0,-1
0,0,6089,1,input,7514,0,0,0,0,-1
0,0,6090,1,input,7515,0,0,0,0,-1
0,0,6091,1,input,7516,0,0,0,0,1
0,0,6092,1,input,7517,0,0,0,0,-1
0,0,6093,1,input,7518,0,0,0,0,1
0,0,6094,1,input,7519,0,0,0,0,-1
0,0,6095,1,input,7520,0,0,0,0,-1
0,0,6096,1,input,7521,0,0,0,0,1
0,0,6097,1,input,7522,0,0,0,0,-1
0,0,6098,1,input,7523,0,0,0,0,-1
0,0,6099,1,input,7524,0,0,0,0,-1
0,0,6100,1,input,7525,0,0,0,0,-1
0,0,6101,1,input,7527,0,0,0,0,-1
0,0,6102,1,input,7528,0,0,0,0,-1
0,0,6103,1,input,7529,0,0,0,0,-1
0,0,6104,1,input,7530,0,0,0,0,-1
0,0,6105,1,input,7532,0,0,0,0,-1
0,0,6106,1,input,7534,0,0,0,0,-1
0,0,6107,1,input,7535,0,0,0,0,-1
0,0,6108,1,input,7536,0,0,0,0,1
0,0,6109,1,input,7537,0,0,0,0,-1
0,0,6110,1,input,7538,0,0,0,0,-1
0,0,6111,1,input,7539,0,0,0,0,-1
0,0,6112,1,input,7540,0,0,0,0,-1
0,0,6113,1,input,7541,0,0,0,0,-1
0,0,6114,1,input,7542,0,0,0,0,-1
0,0,6115,1,input,7543,0,0,0,0,-1
0,0,6116,1,input,7544,0,0,0,0,-1
0,0,6117,1,input,7545,0,0,0,0,1
0,0,6118,1,input,7546,0,0,0,0,-1
0,0,6119,1,input,7547,0,0,0,0,1
0,0,6120,1,input,7548,0,0,0,0,-1
0,0,6121,1,input,7549,0,0,0,0,1
0,0,6122,1,input,7551,0,0,0,0,-1
0,0,6123,1,input,7552,0,0,0,0,-1
0,0,6124,1,input,7553,0,0,0,0,-1
0,0,6125,1,input,7554,0,0,0,0,-1
0,0,6126,1,input,7555,0,0,0,0,1
0,0,6127,1,input,7557,0,0,0,0,-1
0,0,6128,1,input,7558,0,0,0,0,-1
0,0,6129,1,input,7559,0,0,0,0,-1
0,0,6130,1,input,7560,0,0,0,0,-1
0,0,6131,1,input,7561,0,0,0,0,1
0,0,6132,1,input,7562,0,0,0,0,-1
0,0,6133,1,input,7563,0,0,0,0,-1
0,0,6134,1,input,7564,0,0,0,0,-1
0,0,6135,1,input,7565,0,0,0,0,-1
0,0,6136,1,input,7566,0,0,0,0,1
0,0,6137,1,input,7567,0,0,0,0,-1
0,0,6138,1,input,7569,0,0,0,0,-1
0,0,6139,1,input,7570,0,0,0,0,-1
0,0,6140,1,input,7571,0,0,0,0,-1
0,0,6141,1,input,7572,0,0,0,0,-1
0,0,6142,1,input,7573,0,0,0,0,-1
0,0,6143,1,input,7574,0,0,0,0,-1
0,0,6144,1,input,7577,0,0,0,0,-1
0,0,6145,1,input,7578,0,0,0,0,-1
0,0,6146,1,input,7579,0,0,0,0,-1
0,0,6147,1,input,7580,0,0,0,0,-1
0,0,6148,1,input,7581,0,0,0,0,-1
0,0,6149,1,input,7582,0,0,0,0,-1
0,0,6150,1,input,7583,0,0,0,0,-1
0,0,6151,1,input,7584,0,0,0,0,-1
0,0,6152,1,input,7585,0,0,0,0,-1
0,0,6153,1,input,7586,0,0,0,0,-1
0,0,6154,1,input,7587,0,0,0,0,-1
0,0,6155,1,input,7589,0,0,0,0,1
0,0,6156,1,input,7591,0,0,0,0,1
0,0,6157,1,input,7593,0,0,0,0,-1
0,0,6158,1,input,7594,0,0,0,0,-1
0,0,6159,1,input,7596,0,0,0,0,-1
0,0,6160,1,input,7597,0,0,0,0,-1
0,0,6161,1,input,7598,0,0,0,0,-1
0,0,6162,1,input,7599,0,0,0,0,-1
0,0,6163,1,input,7600,0,0,0,0,1
0,0,6164,1,input,7601,0,0,0,0,-1
0,0,6165,1,input,7602,0,0,0,0,-1
0,0,6166,1,input,7603,0,0,0,0,1
0,0,6167,1,input,7604,0,0,0,0,-1
0,0,6168,1,input,7605,0,0,0,0,-1
0,0,6169,1,input,7606,0,0,0,0,1
0,0,6170,1,input,7607,0,0,0,0,-1
0,0,6171,1,input,7608,0,0,0,0,-1
0,0,6172,1,input,7609,0,0,0,0,-1
0,0,6173,1,input,7610,0,0,0,0,1
0,0,6174,1,input,7613,0,0,0,0,-1
0,0,6175,1,input,7614,0,0,0,0,-1
0,0,6176,1,input,7616,0,0,0,0,-1
0,0,6177,1,input,7619,0,0,0,0,-1
0,0,6178,1,input,7621,0,0,0,0,-1
0,0,6179,1,input,7622,0,0,0,0,1
0,0,6180,1,input,7623,0,0,0,0,-1
0,0,6181,1,input,7625,0,0,0,0,1
0,0,6182,1,input,7626,0,0,0,0,1
0,0,6183,1,input,7627,0,0,0,0,-1
0,0,6184,1,input,7628,0,0,0,0,-1
0,0,6185,1,input,7630,0,0,0,0,-1
0,0,6186,1,input,7631,0,0,0,0,1
0,0,6187,1,input,7632,0,0,0,0,-1
0,0,6188,1,input,7633,0,0,0,0,-1
0,0,6189,1,input,7635,0,0,0,0,-1
0,0,6190,1,input,7637,0,0,0,0,1
0,0,6191,1,input,7638,0,0,0,0,-1
0,0,6192,1,input,7639,0,0,0,0,1
0,0,6193,1,input,7641,0,0,0,0,-1
0,0,6194,1,input,7642,0,0,0,0,-1
0,0,6195,1,input,7643,0,0,0,0,-1
0,0,6196,1,input,7644,0,0,0,0,1
0,0,6197,1,input,7645,0,0,0,0,-1
0,0,6198,1,input,7646,0,0,0,0,1
0,0,6199,1,input,7647,0,0,0,0,-1
0,0,6200,1,input,7648,0,0,0,0,-1
0,0,6201,1,input,7649,0,0,0,0,1
0,0,6202,1,input,7650,0,0,0,0,-1
0,0,6203,1,input,7651,0,0,0,0,-1
0,0,6204,1,input,7652,0,0,0,0,-1
0,0,6205,1,input,7653,0,0,0,0,-1
0,0,6206,1,input,7655,0,0,0,0,-1
0,0,6207,1,input,7656,0,0,0,0,-1
0,0,6208,1,input,7657,0,0,0,0,-1
0,0,6209,1,input,7658,0,0,0,0,-1
0,0,6210,1,input,7660,0,0,0,0,-1
0,0,6211,1,input,7661,0,0,0,0,1
0,0,6212,1,input,7662,0,0,0,0,-1
0,0,6213,1,input,7663,0,0,0,0,-1
0,0,6214,1,input,7664,0,0,0,0,1
0,0,6215,1,input,7665,0,0,0,0,-1
0,0,6216,1,input,7666,0,0,0,0,-1
0,0,6217,1,input,7667,0,0,0,0,-1
0,0,6218,1,input,7668,0,0,0,0,-1
0,0,6219,1,input,7669,0,0,0,0,-1
0,0,6220,1,input,7670,0,0,0,0,-1
0,0,6221,1,input,7671,0,0,0,0,1
0,0,6222,1,input,7672,0,0,0,0,-1
0,0,6223,1,input,7674,0,0,0,0,-1
0,0,6224,1,input,7675,0,0,0,0,1
0,0,6225,1,input,7676,0,0,0,0,-1
0,0,6226,1,input,7677,0,0,0,0,1
0,0,6227,1,input,7678,0,0,0,0,-1
0,0,6228,1,input,7679,0,0,0,0,-1
0,0,6229,1,input,7680,0,0,0,0,1
0,0,6230,1,input,7681,0,0,0,0,-1
0,0,6231,1,input,7682,0,0,0,0,-1
0,0,6232,1,input,7683,0,0,0,0,1
0,0,6233,1,input,7685,0,0,0,0,-1
0,0,6234,1,input,7686,0,0,0,0,-1
0,0,6235,1,input,7687,0,0,0,0,-1
0,0,6236,1,input,7688,0,0,0,0,-1
0,0,6237,1,input,7689,0,0,0,0,1
0,0,6238,1,input,7691,0,0,0,0,-1
0,0,6239,1,input,7693,0,0,0,0,-1
0,0,6240,1,input,7694,0,0,0,0,1
0,0,6241,1,input,7695,0,0,0,0,-1
0,0,6242,1,input,7696,0,0,0,0,-1
0,0,6243,1,input,7697,0,0,0,0,-1
0,0,6244,1,input,7698,0,0,0,0,-1
0,0,6245,1,input,7699,0,0,0,0,-1
0,0,6246,1,input,7700,0,0,0,0,-1
0,0,6247,1,input,7701,0,0,0,0,-1
0,0,6248,1,input,7702,0,0,0,0,-1
0,0,6249,1,input,7704,0,0,0,0,-1
0,0,6250,1,input,7705,0,0,0,0,-1
0,0,6251,1,input,7706,0,0,0,0,-1
0,0,6252,1,input,7707,0,0,0,0,-1
0,0,6253,1,input,7708,0,0,0,0,-1
0,0,6254,1,input,7709,0,0,0,0,-1
0,0,6255,1,input,7710,0,0,0,0,-1
0,0,6256,1,input,7711,0,0,0,0,-1
0,0,6257,1,input,7713,0,0,0,0,-1
0,0,6258,1,input,7714,0,0,0,0,-1
0,0,6259,1,input,7715,0,0,0,0,-1
0,0,6260,1,input,7717,0,0,0,0,1
0,0,6261,1,input,7718,0,0,0,0,-1
0,0,6262,1,input,7719,0,0,0,0,1
0,0,6263,1,input,7722,0,0,0,0,-1
0,0,6264,1,input,7724,0,0,0,0,-1
0,0,6265,1,input,7725,0,0,0,0,-1
0,0,6266,1,input,7726,0,0,0,0,-1
0,0,6267,1,input,7727,0,0,0,0,-1
0,0,6268,1,input,7729,0,0,0,0,-1
0,0,6269,1,input,7730,0,0,0,0,-1
0,0,6270,1,input,7731,0,0,0,0,1
0,0,6271,1,input,7732,0,0,0,0,-1
0,0,6272,1,input,7734,0,0,0,0,1
0,0,6273,1,input,7735,0,0,0,0,-1
0,0,6274,1,input,7737,0,0,0,0,-1
0,0,6275,1,input,7739,0,0,0,0,1
0,0,6276,1,input,7741,0,0,0,0,1
0,0,6277,1,input,7742,0,0,0,0,-1
0,0,6278,1,input,7744,0,0,0,0,-1
0,0,6279,1,input,7747,0,0,0,0,-1
0,0,6280,1,input,7749,0,0,0,0,-1
0,0,6281,1,input,7750,0,0,0,0,1
0,0,6282,1,input,7751,0,0,0,0,-1
0,0,6283,1,input,7753,0,0,0,0,1
0,0,6284,1,input,7754,0,0,0,0,1
0,0,6285,1,input,7755,0,0,0,0,-1
0,0,6286,1,input,7756,0,0,0,0,-1
0,0,6287,1,input,7757,0,0,0,0,-1
0,0,6288,1,input,7758,0,0,0,0,-1
0,0,6289,1,input,7759,0,0,0,0,1
0,0,6290,1,input,7760,0,0,0,0,-1
0,0,6291,1,input,7761,0,0,0,0,-1
0,0,6292,1,input,7762,0,0,0,0,-1
0,0,6293,1,input,7763,0,0,0,0,-1
0,0,6294,1,input,7766,0,0,0,0,-1
0,0,6295,1,input,7768,0,0,0,0,-1
0,0,6296,1,input,7770,0,0,0,0,-1
0,0,6297,1,input,7771,0,0,0,0,-1
0,0,6298,1,input,7773,0,0,0,0,-1
0,0,6299,1,input,7774,0,0,0,0,1
0,0,6300,1,input,7775,0,0,0,0,-1
0,0,6301,1,input,7776,0,0,0,0,-1
0,0,6302,1,input,7777,0,0,0,0,1
0,0,6303,1,input,7778,0,0,0,0,-1
0,0,6304,1,input,7779,0,0,0,0,-1
0,0,6305,1,input,7780,0,0,0,0,-1
0,0,6306,1,input,7781,0,0,0,0,-1
0,0,6307,1,input,7782,0,0,0,0,-1
0,0,6308,1,input,7783,0,0,0,0,-1
0,0,6309,1,input,7784,0,0,0,0,-1
0,0,6310,1,input,7785,0,0,0,0,-1
0,0,6311,1,input,7786,0,0,0,0,-1
0,0,6312,1,input,7787,0,0,0,0,1
0,0,6313,1,input,7788,0,0,0,0,-1
0,0,6314,1,input,7789,0,0,0,0,1
0,0,6315,1,input,7790,0,0,0,0,-1
0,0,6316,1,input,7793,0,0,0,0,-1
0,0,6317,1,input,7794,0,0,0,0,-1
0,0,6318,1,input,7795,0,0,0,0,-1
0,0,6319,1,input,7796,0,0,0,0,-1
0,0,6320,1,input,7797,0,0,0,0,-1
0,0,6321,1,input,7798,0,0,0,0,-1
0,0,6322,1,input,7799,0,0,0,0,1
0,0,6323,1,input,7800,0,0,0,0,-1
0,0,6324,1,input,7802,0,0,0,0,-1
0,0,6325,1,input,7803,0,0,0,0,1
0,0,6326,1,input,7804,0,0,0,0,-1
0,0,6327,1,input,7806,0,0,0,0,-1
0,0,6328,1,input,7807,0,0,0,0,-1
0,0,6329,1,input,7809,0,0,0,0,-1
0,0,6330,1,input,7810,0,0,0,0,-1
0,0,6331,1,input,7811,0,0,0,0,1
0,0,6332,1,input,7812,0,0,0,0,-1
0,0,6333,1,input,7813,0,0,0,0,-1
0,0,6334,1,input,7814,0,0,0,0,-1
0,0,6335,1,input,7815,0,0,0,0,-1
0,0,6336,1,input,7816,0,0,0,0,-1
0,0,6337,1,input,7818,0,0,0,0,-1
0,0,6338,1,input,7819,0,0,0,0,-1
0,0,6339,1,input,7820,0,0,0,0,-1
0,0,6340,1,input,7821,0,0,0,0,-1
0,0,6341,1,input,7822,0,0,0,0,1
0,0,6342,1,input,7823,0,0,0,0,-1
0,0,6343,1,input,7825,0,0,0,0,-1
0,0,6344,1,input,7826,0,0,0,0,-1
0,0,6345,1,input,7827,0,0,0,0,-1
0,0,6346,1,input,7828,0,0,0,0,-1
0,0,6347,1,input,7829,0,0,0,0,-1
0,0,6348,1,input,7831,0,0,0,0,1
0,0,6349,1,input,7833,0,0,0,0,-1
0,0,6350,1,input,7834,0,0,0,0,-1
0,0,6351,1,input,7835,0,0,0,0,-1
0,0,6352,1,input,7836,0,0,0,0,-1
0,0,6353,1,input,7837,0,0,0,0,-1
0,0,6354,1,input,7838,0,0,0,0,-1
0,0,6355,1,input,7839,0,0,0,0,-1
0,0,6356,1,input,7840,0,0,0,0,-1
0,0,6357,1,input,7841,0,0,0,0,-1
0,0,6358,1,input,7842,0,0,0,0,-1
0,0,6359,1,input,7843,0,0,0,0,-1
0,0,6360,1,input,7845,0,0,0,0,1
0,0,6361,1,input,7846,0,0,0,0,-1
0,0,6362,1,input,7850,0,0,0,0,-1
0,0,6363,1,input,7851,0,0,0,0,1
0,0,6364,1,input,7852,0,0,0,0,-1
0,0,6365,1,input,7853,0,0,0,0,-1
0,0,6366,1,input,7854,0,0,0,0,1
0,0,6367,1,input,7855,0,0,0,0,-1
0,0,6368,1,input,7857,0,0,0,0,-1
0,0,6369,1,input,7858,0,0,0,0,-1
0,0,6370,1,input,7859,0,0,0,0,1
0,0,6371,1,input,7860,0,0,0,0,-1
0,0,6372,1,input,7862,0,0,0,0,1
0,0,6373,1,input,7863,0,0,0,0,-1
0,0,6374,1,input,7867,0,0,0,0,1
0,0,6375,1,input,7868,0,0,0,0,-1
0,0,6376,1,input,7869,0,0,0,0,1
0,0,6377,1,input,7870,0,0,0,0,-1
0,0,6378,1,input,7871,0,0,0,0,-1
0,0,6379,1,input,7872,0,0,0,0,-1
0,0,6380,1,input,7874,0,0,0,0,-1
0,0,6381,1,input,7875,0,0,0,0,-1
0,0,6382,1,input,7877,0,0,0,0,-1
0,0,6383,1,input,7878,0,0,0,0,1
0,0,6384,1,input,7879,0,0,0,0,-1
0,0,6385,1,input,7881,0,0,0,0,1
0,0,6386,1,input,7882,0,0,0,0,1
0,0,6387,1,input,7883,0,0,0,0,-1
0,0,6388,1,input,7884,0,0,0,0,-1
0,0,6389,1,input,7887,0,0,0,0,1
0,0,6390,1,input,7888,0,0,0,0,-1
0,0,6391,1,input,7889,0,0,0,0,-1
0,0,6392,1,input,7890,0,0,0,0,-1
0,0,6393,1,input,7891,0,0,0,0,-1
0,0,6394,1,input,7894,0,0,0,0,-1
0,0,6395,1,input,7896,0,0,0,0,-1
0,0,6396,1,input,7897,0,0,0,0,-1
0,0,6397,1,input,7898,0,0,0,0,-1
0,0,6398,1,input,7899,0,0,0,0,-1
0,0,6399,1,input,7900,0,0,0,0,1
0,0,6400,1,input,7903,0,0,0,0,-1
0,0,6401,1,input,7904,0,0,0,0,-1
0,0,6402,1,input,7905,0,0,0,0,1
0,0,6403,1,input,7906,0,0,0,0,-1
0,0,6404,1,input,7907,0,0,0,0,-1
0,0,6405,1,input,7908,0,0,0,0,-1
0,0,6406,1,input,7909,0,0,0,0,-1
0,0,6407,1,input,7910,0,0,0,0,1
0,0,6408,1,input,7911,0,0,0,0,-1
0,0,6409,1,input,7912,0,0,0,0,-1
0,0,6410,1,input,7913,0,0,0,0,-1
0,0,6411,1,input,7914,0,0,0,0,-1
0,0,6412,1,input,7916,0,0,0,0,-1
0,0,6413,1,input,7917,0,0,0,0,1
0,0,6414,1,input,7918,0,0,0,0,-1
0,0,6415,1,input,7919,0,0,0,0,-1
0,0,6416,1,input,7920,0,0,0,0,1
0,0,6417,1,input,7921,0,0,0,0,-1
0,0,6418,1,input,7922,0,0,0,0,-1
0,0,6419,1,input,7923,0,0,0,0,-1
0,0,6420,1,input,7924,0,0,0,0,-1
0,0,6421,1,input,7925,0,0,0,0,-1
0,0,6422,1,input,7926,0,0,0,0,-1
0,0,6423,1,input,7927,0,0,0,0,1
0,0,6424,1,input,7928,0,0,0,0,-1
0,0,6425,1,input,7930,0,0,0,0,-1
0,0,6426,1,input,7931,0,0,0,0,1
0,0,6427,1,input,7932,0,0,0,0,-1
0,0,6428,1,input,7933,0,0,0,0,-1
0,0,6429,1,input,7934,0,0,0,0,-1
0,0,6430,1,input,7935,0,0,0,0,-1
0,0,6431,1,input,7937,0,0,0,0,-1
0,0,6432,1,input,7938,0,0,0,0,-1
0,0,6433,1,input,7939,0,0,0,0,1
0,0,6434,1,input,7941,0,0,0,0,-1
0,0,6435,1,input,7943,0,0,0,0,-1
0,0,6436,1,input,7944,0,0,0,0,-1
0,0,6437,1,input,7945,0,0,0,0,1
0,0,6438,1,input,7946,0,0,0,0,1
0,0,6439,1,input,7947,0,0,0,0,-1
0,0,6440,1,input,7948,0,0,0,0,1
0,0,6441,1,input,7949,0,0,0,0,-1
0,0,6442,1,input,7950,0,0,0,0,1
0,0,6443,1,input,7951,0,0,0,0,-1
0,0,6444,1,input,7952,0,0,0,0,-1
0,0,6445,1,input,7953,0,0,0,0,-1
0,0,6446,1,input,7954,0,0,0,0,1
0,0,6447,1,input,7955,0,0,0,0,-1
0,0,6448,1,input,7956,0,0,0,0,-1
0,0,6449,1,input,7957,0,0,0,0,-1
0,0,6450,1,input,7958,0,0,0,0,1
0,0,6451,1,input,7960,0,0,0,0,-1
0,0,6452,1,input,7961,0,0,0,0,-1
0,0,6453,1,input,7962,0,0,0,0,-1
0,0,6454,1,input,7963,0,0,0,0,-1
0,0,6455,1,input,7964,0,0,0,0,-1
0,0,6456,1,input,7966,0,0,0,0,-1
0,0,6457,1,input,7967,0,0,0,0,-1
0,0,6458,1,input,7968,0,0,0,0,-1
0,0,6459,1,input,7969,0,0,0,0,1
0,0,6460,1,input,7970,0,0,0,0,-1
0,0,6461,1,input,7971,0,0,0,0,-1
0,0,6462,1,input,7972,0,0,0,0,-1
0,0,6463,1,input,7973,0,0,0,0,1
0,0,6464,1,input,7974,0,0,0,0,-1
0,0,6465,1,input,7978,0,0,0,0,-1
0,0,6466,1,input,7979,0,0,0,0,1
0,0,6467,1,input,7980,0,0,0,0,-1
0,0,6468,1,input,7981,0,0,0,0,-1
0,0,6469,1,input,7982,0,0,0,0,-1
0,0,6470,1,input,7983,0,0,0,0,-1
0,0,6471,1,input,7985,0,0,0,0,-1
0,0,6472,1,input,7986,0,0,0,0,-1
0,0,6473,1,input,7987,0,0,0,0,1
0,0,6474,1,input,7988,0,0,0,0,-1
0,0,6475,1,input,7989,0,0,0,0,1
0,0,6476,1,input,7990,0,0,0,0,1
0,0,6477,1,input,7991,0,0,0,0,-1
0,0,6478,1,input,7992,0,0,0,0,1
0,0,6479,1,input,7993,0,0,0,0,1
0,0,6480,1,input,7994,0,0,0,0,-1
0,0,6481,1,input,7995,0,0,0,0,1
0,0,6482,1,input,7996,0,0,0,0,-1
0,0,6483,1,input,7997,0,0,0,0,1
0,0,6484,1,input,7998,0,0,0,0,-1
0,0,6485,1,input,7999,0,0,0,0,1
0,0,6486,1,input,8000,0,0,0,0,-1
0,0,6487,1,input,8001,0,0,0,0,1
0,0,6488,1,input,8002,0,0,0,0,1
0,0,6489,1,input,8003,0,0,0,0,-1
0,0,6490,1,input,8004,0,0,0,0,-1
0,0,6491,1,input,8005,0,0,0,0,-1
0,0,6492,1,input,8006,0,0,0,0,1
0,0,6493,1,input,8007,0,0,0,0,-1
0,0,6494,1,input,8009,0,0,0,0,1
0,0,6495,1,input,8010,0,0,0,0,1
0,0,6496,1,input,8011,0,0,0,0,-1
0,0,6497,1,input,8012,0,0,0,0,-1
0,0,6498,1,input,8013,0,0,0,0,1
0,0,6499,1,input,8015,0,0,0,0,1
0,0,6500,1,input,8016,0,0,0,0,-1
0,0,6501,1,input,8017,0,0,0,0,-1
0,0,6502,1,input,8018,0,0,0,0,-1
0,0,6503,1,input,8019,0,0,0,0,-1
0,0,6504,1,input,8020,0,0,0,0,-1
0,0,6505,1,input,8021,0,0,0,0,-1
0,0,6506,1,input,8022,0,0,0,0,1
0,0,6507,1,input,8024,0,0,0,0,-1
0,0,6508,1,input,8026,0,0,0,0,-1
0,0,6509,1,input,8027,0,0,0,0,-1
0,0,6510,1,input,8031,0,0,0,0,-1
0,0,6511,1,input,8032,0,0,0,0,-1
0,0,6512,1,input,8033,0,0,0,0,1
0,0,6513,1,input,8034,0,0,0,0,-1
0,0,6514,1,input,8035,0,0,0,0,-1
0,0,6515,1,input,8036,0,0,0,0,1
0,0,6516,1,input,8037,0,0,0,0,-1
0,0,6517,1,input,8038,0,0,0,0,1
0,0,6518,1,input,8039,0,0,0,0,-1
0,0,6519,1,input,8040,0,0,0,0,-1
0,0,6520,1,input,8041,0,0,0,0,-1
0,0,6521,1,input,8042,0,0,0,0,-1
0,0,6522,1,input,8044,0,0,0,0,-1
0,0,6523,1,input,8045,0,0,0,0,1
0,0,6524,1,input,8046,0,0,0,0,1
0,0,6525,1,input,8047,0,0,0,0,1
0,0,6526,1,input,8049,0,0,0,0,-1
0,0,6527,1,input,8050,0,0,0,0,-1
0,0,6528,1,input,8051,0,0,0,0,-1
0,0,6529,1,input,8052,0,0,0,0,-1
0,0,6530,1,input,8054,0,0,0,0,-1
0,0,6531,1,input,8055,0,0,0,0,1
0,0,6532,1,input,8056,0,0,0,0,-1
0,0,6533,1,input,8058,0,0,0,0,-1
0,0,6534,1,input,8059,0,0,0,0,1
0,0,6535,1,input,8060,0,0,0,0,-1
0,0,6536,1,input,8062,0,0,0,0,-1
0,0,6537,1,input,8063,0,0,0,0,-1
0,0,6538,1,input,8065,0,0,0,0,-1
0,0,6539,1,input,8066,0,0,0,0,-1
0,0,6540,1,input,8069,0,0,0,0,-1
0,0,6541,1,input,8070,0,0,0,0,1
0,0,6542,1,input,8071,0,0,0,0,-1
0,0,6543,1,input,8072,0,0,0,0,-1
0,0,6544,1,input,8073,0,0,0,0,1
0,0,6545,1,input,8076,0,0,0,0,-1
0,0,6546,1,input,8077,0,0,0,0,-1
0,0,6547,1,input,8078,0,0,0,0,-1
0,0,6548,1,input,8080,0,0,0,0,1
0,0,6549,1,input,8081,0,0,0,0,-1
0,0,6550,1,input,8082,0,0,0,0,1
0,0,6551,1,input,8085,0,0,0,0,-1
0,0,6552,1,input,8086,0,0,0,0,1
0,0,6553,1,input,8087,0,0,0,0,1
0,0,6554,1,input,8088,0,0,0,0,-1
0,0,6555,1,input,8089,0,0,0,0,-1
0,0,6556,1,input,8090,0,0,0,0,-1
0,0,6557,1,input,8091,0,0,0,0,-1
0,0,6558,1,input,8092,0,0,0,0,-1
0,0,6559,1,input,8093,0,0,0,0,-1
0,0,6560,1,input,8095,0,0,0,0,1
0,0,6561,1,input,8096,0,0,0,0,1
0,0,6562,1,input,8098,0,0,0,0,-1
0,0,6563,1,input,8099,0,0,0,0,-1
0,0,6564,1,input,8101,0,0,0,0,1
0,0,6565,1,input,8102,0,0,0,0,-1
0,0,6566,1,input,8103,0,0,0,0,1
0,0,6567,1,input,8104,0,0,0,0,1
0,0,6568,1,input,8105,0,0,0,0,1
0,0,6569,1,input,8106,0,0,0,0,-1
0,0,6570,1,input,8107,0,0,0,0,1
0,0,6571,1,input,8108,0,0,0,0,-1
0,0,6572,1,input,8109,0,0,0,0,-1
0,0,6573,1,input,8111,0,0,0,0,-1
0,0,6574,1,input,8112,0,0,0,0,-1
0,0,6575,1,input,8113,0,0,0,0,-1
0,0,6576,1,input,8114,0,0,0,0,1
0,0,6577,1,input,8115,0,0,0,0,-1
0,0,6578,1,input,8116,0,0,0,0,-1
0,0,6579,1,input,8117,0,0,0,0,1
0,0,6580,1,input,8118,0,0,0,0,1
0,0,6581,1,input,8119,0,0,0,0,-1
0,0,6582,1,input,8120,0,0,0,0,1
0,0,6583,1,input,8121,0,0,0,0,-1
0,0,6584,1,input,8122,0,0,0,0,-1
0,0,6585,1,input,8123,0,0,0,0,1
0,0,6586,1,input,8124,0,0,0,0,-1
0,0,6587,1,input,8125,0,0,0,0,1
0,0,6588,1,input,8126,0,0,0,0,-1
0,0,6589,1,input,8128,0,0,0,0,-1
0,0,6590,1,input,8131,0,0,0,0,-1
0,0,6591,1,input,8133,0,0,0,0,-1
0,0,6592,1,input,8134,0,0,0,0,1
0,0,6593,1,input,8137,0,0,0,0,1
0,0,6594,1,input,8138,0,0,0,0,1
0,0,6595,1,input,8139,0,0,0,0,-1
0,0,6596,1,input,8140,0,0,0,0,-1
0,0,6597,1,input,8141,0,0,0,0,1
0,0,6598,1,input,8142,0,0,0,0,1
0,0,6599,1,input,8143,0,0,0,0,1
0,0,6600,1,input,8144,0,0,0,0,-1
0,0,6601,1,input,8145,0,0,0,0,-1
0,0,6602,1,input,8146,0,0,0,0,-1
0,0,6603,1,input,8147,0,0,0,0,-1
0,0,6604,1,input,8148,0,0,0,0,-1
0,0,6605,1,input,8149,0,0,0,0,-1
0,0,6606,1,input,8152,0,0,0,0,1
0,0,6607,1,input,8153,0,0,0,0,-1
0,0,6608,1,input,8154,0,0,0,0,-1
0,0,6609,1,input,8155,0,0,0,0,-1
0,0,6610,1,input,8156,0,0,0,0,-1
0,0,6611,1,input,8157,0,0,0,0,-1
0,0,6612,1,input,8159,0,0,0,0,-1
0,0,6613,1,input,8160,0,0,0,0,1
0,0,6614,1,input,8161,0,0,0,0,1
0,0,6615,1,input,8162,0,0,0,0,-1
0,0,6616,1,input,8163,0,0,0,0,-1
0,0,6617,1,input,8164,0,0,0,0,-1
0,0,6618,1,input,8165,0,0,0,0,-1
0,0,6619,1,input,8166,0,0,0,0,1
0,0,6620,1,input,8167,0,0,0,0,-1
0,0,6621,1,input,8168,0,0,0,0,-1
0,0,6622,1,input,8169,0,0,0,0,-1
0,0,6623,1,input,8172,0,0,0,0,-1
0,0,6624,1,input,8173,0,0,0,0,1
0,0,6625,1,input,8175,0,0,0,0,1
0,0,6626,1,input,8178,0,0,0,0,-1
0,0,6627,1,input,8179,0,0,0,0,-1
0,0,6628,1,input,8180,0,0,0,0,-1
0,0,6629,1,input,8181,0,0,0,0,-1
0,0,6630,1,input,8182,0,0,0,0,-1
0,0,6631,1,input,8183,0,0,0,0,1
0,0,6632,1,input,8184,0,0,0,0,-1
0,0,6633,1,input,8185,0,0,0,0,1
0,0,6634,1,input,8186,0,0,0,0,-1
0,0,6635,1,input,8187,0,0,0,0,1
0,0,6636,1,input,8189,0,0,0,0,-1
0,0,6637,1,input,8190,0,0,0,0,-1
0,0,6638,1,input,8191,0,0,0,0,-1
0,0,6639,2,input,0,0,0,0,0,-1
0,0,6640,2,input,2,0,0,0,0,-1
0,0,6641,2,input,3,0,0,0,0,-1
0,0,6642,2,input,6,0,0,0,0,-1
0,0,6643,2,input,7,0,0,0,0,-1
0,0,6644,2,input,9,0,0,0,0,-1
0,0,6645,2,input,12,0,0,0,0,1
0,0,6646,2,input,13,0,0,0,0,-1
0,0,6647,2,input,14,0,0,0,0,-1
0,0,6648,2,input,16,0,0,0,0,-1
0,0,6649,2,input,17,0,0,0,0,-1
0,0,6650,2,input,18,0,0,0,0,-1
0,0,6651,2,input,19,0,0,0,0,-1
0,0,6652,2,input,20,0,0,0,0,1
0,0,6653,2,input,21,0,0,0,0,-1
0,0,6654,2,input,22,0,0,0,0,-1
0,0,6655,2,input,23,0,0,0,0,1
0,0,6656,2,input,24,0,0,0,0,-1
0,0,6657,2,input,25,0,0,0,0,-1
0,0,6658,2,input,27,0,0,0,0,-1
0,0,6659,2,input,28,0,0,0,0,-1
0,0,6660,2,input,30,0,0,0,0,-1
0,0,6661,2,input,31,0,0,0,0,-1
0,0,6662,2,input,32,0,0,0,0,-1
0,0,6663,2,input,33,0,0,0,0,-1
0,0,6664,2,input,34,0,0,0,0,-1
0,0,6665,2,input,35,0,0,0,0,-1
0,0,6666,2,input,36,0,0,0,0,1
0,0,6667,2,input,37,0,0,0,0,-1
0,0,6668,2,input,38,0,0,0,0,-1
0,0,6669,2,input,39,0,0,0,0,1
0,0,6670,2,input,40,0,0,0,0,1
0,0,6671,2,input,41,0,0,0,0,-1
0,0,6672,2,input,42,0,0,0,0,-1
0,0,6673,2,input,43,0,0,0,0,-1
0,0,6674,2,input,45,0,0,0,0,-1
0,0,6675,2,input,47,0,0,0,0,-1
0,0,6676,2,input,48,0,0,0,0,-1
0,0,6677,2,input,49,0,0,0,0,1
0,0,6678,2,input,50,0,0,0,0,-1
0,0,6679,2,input,51,0,0,0,0,-1
0,0,6680,2,input,52,0,0,0,0,1
0,0,6681,2,input,53,0,0,0,0,-1
0,0,6682,2,input,54,0,0,0,0,-1
0,0,6683,2,input,55,0,0,0,0,1
0,0,6684,2,input,56,0,0,0,0,1
0,0,6685,2,input,57,0,0,0,0,-1
0,0,6686,2,input,60,0,0,0,0,-1
0,0,6687,2,input,61,0,0,0,0,-1
0,0,6688,2,input,62,0,0,0,0,-1
0,0,6689,2,input,63,0,0,0,0,-1
0,0,6690,2,input,64,0,0,0,0,-1
0,0,6691,2,input,65,0,0,0,0,-1
0,0,6692,2,input,66,0,0,0,0,-1
0,0,6693,2,input,67,0,0,0,0,1
0,0,6694,2,input,68,0,0,0,0,-1
0,0,6695,2,input,70,0,0,0,0,-1
0,0,6696,2,input,71,0,0,0,0,-1
0,0,6697,2,input,72,0,0,0,0,-1
0,0,6698,2,input,73,0,0,0,0,-1
0,0,6699,2,input,74,0,0,0,0,-1
0,0,6700,2,input,75,0,0,0,0,1
0,0,6701,2,input,76,0,0,0,0,-1
0,0,6702,2,input,77,0,0,0,0,-1
0,0,6703,2,input,78,0,0,0,0,-1
0,0,6704,2,input,81,0,0,0,0,-1
0,0,6705,2,input,82,0,0,0,0,-1
0,0,6706,2,input,84,0,0,0,0,1
0,0,6707,2,input,85,0,0,0,0,-1
0,0,6708,2,input,86,0,0,0,0,-1
0,0,6709,2,input,87,0,0,0,0,-1
0,0,6710,2,input,88,0,0,0,0,-1
0,0,6711,2,input,89,0,0,0,0,-1
0,0,6712,2,input,90,0,0,0,0,-1
0,0,6713,2,input,92,0,0,0,0,-1
0,0,6714,2,input,93,0,0,0,0,-1
0,0,6715,2,input,94,0,0,0,0,1
0,0,6716,2,input,95,0,0,0,0,-1
0,0,6717,2,input,96,0,0,0,0,-1
0,0,6718,2,input,97,0,0,0,0,-1
0,0,6719,2,input,100,0,0,0,0,-1
0,0,6720,2,input,101,0,0,0,0,-1
0,0,6721,2,input,102,0,0,0,0,-1
0,0,6722,2,input,104,0,0,0,0,-1
0,0,6723,2,input,105,0,0,0,0,1
0,0,6724,2,input,107,0,0,0,0,-1
0,0,6725,2,input,109,0,0,0,0,-1
0,0,6726,2,input,111,0,0,0,0,-1
0,0,6727,2,input,112,0,0,0,0,-1
0,0,6728,2,input,116,0,0,0,0,1
0,0,6729,2,input,117,0,0,0,0,-1
0,0,6730,2,input,118,0,0,0,0,-1
0,0,6731,2,input,119,0,0,0,0,-1
0,0,6732,2,input,120,0,0,0,0,-1
0,0,6733,2,input,121,0,0,0,0,-1
0,0,6734,2,input,123,0,0,0,0,-1
0,0,6735,2,input,125,0,0,0,0,-1
0,0,6736,2,input,126,0,0,0,0,-1
0,0,6737,2,input,127,0,0,0,0,1
0,0,6738,2,input,128,0,0,0,0,-1
0,0,6739,2,input,131,0,0,0,0,-1
0,0,6740,2,input,134,0,0,0,0,-1
0,0,6741,2,input,135,0,0,0,0,-1
0,0,6742,2,input,136,0,0,0,0,-1
0,0,6743,2,input,137,0,0,0,0,-1
0,0,6744,2,input,138,0,0,0,0,-1
0,0,6745,2,input,142,0,0,0,0,-1
0,0,6746,2,input,144,0,0,0,0,-1
0,0,6747,2,input,146,0,0,0,0,-1
0,0,6748,2,input,147,0,0,0,0,-1
0,0,6749,2,input,148,0,0,0,0,1
0,0,6750,2,input,149,0,0,0,0,-1
0,0,6751,2,input,150,0,0,0,0,-1
0,0,6752,2,input,152,0,0,0,0,-1
0,0,6753,2,input,153,0,0,0,0,-1
0,0,6754,2,input,154,0,0,0,0,-1
0,0,6755,2,input,155,0,0,0,0,-1
0,0,6756,2,input,156,0,0,0,0,-1
0,0,6757,2,input,158,0,0,0,0,-1
0,0,6758,2,input,159,0,0,0,0,-1
0,0,6759,2,input,160,0,0,0,0,-1
0,0,6760,2,input,161,0,0,0,0,-1
0,0,6761,2,input,162,0,0,0,0,-1
0,0,6762,2,input,163,0,0,0,0,-1
0,0,6763,2,input,164,0,0,0,0,1
0,0,6764,2,input,165,0,0,0,0,-1
0,0,6765,2,input,166,0,0,0,0,-1
0,0,6766,2,input,167,0,0,0,0,-1
0,0,6767,2,input,168,0,0,0,0,1
0,0,6768,2,input,169,0,0,0,0,-1
0,0,6769,2,input,170,0,0,0,0,-1
0,0,6770,2,input,171,0,0,0,0,-1
0,0,6771,2,input,173,0,0,0,0,1
0,0,6772,2,input,175,0,0,0,0,-1
0,0,6773,2,input,176,0,0,0,0,-1
0,0,6774,2,input,177,0,0,0,0,1
0,0,6775,2,input,178,0,0,0,0,-1
0,0,6776,2,input,179,0,0,0,0,1
0,0,6777,2,input,180,0,0,0,0,1
0,0,6778,2,input,181,0,0,0,0,-1
0,0,6779,2,input,182,0,0,0,0,-1
0,0,6780,2,input,183,0,0,0,0,1
0,0,6781,2,input,184,0,0,0,0,1
0,0,6782,2,input,186,0,0,0,0,-1
0,0,6783,2,input,187,0,0,0,0,1
0,0,6784,2,input,188,0,0,0,0,-1
0,0,6785,2,input,189,0,0,0,0,-1
0,0,6786,2,input,190,0,0,0,0,-1
0,0,6787,2,input,191,0,0,0,0,-1
0,0,6788,2,input,192,0,0,0,0,-1
0,0,6789,2,input,193,0,0,0,0,-1
0,0,6790,2,input,194,0,0,0,0,-1
0,0,6791,2,input,195,0,0,0,0,1
0,0,6792,2,input,196,0,0,0,0,-1
0,0,6793,2,input,198,0,0,0,0,-1
0,0,6794,2,input,199,0,0,0,0,-1
0,0,6795,2,input,201,0,0,0,0,-1
0,0,6796,2,input,202,0,0,0,0,-1
0,0,6797,2,input,205,0,0,0,0,-1
0,0,6798,2,input,206,0,0,0,0,-1
0,0,6799,2,input,209,0,0,0,0,-1
0,0,6800,2,input,210,0,0,0,0,-1
0,0,6801,2,input,212,0,0,0,0,1
0,0,6802,2,input,213,0,0,0,0,-1
0,0,6803,2,input,214,0,0,0,0,-1
0,0,6804,2,input,215,0,0,0,0,-1
0,0,6805,2,input,216,0,0,0,0,-1
0,0,6806,2,input,220,0,0,0,0,-1
0,0,6807,2,input,221,0,0,0,0,-1
0,0,6808,2,input,222,0,0,0,0,1
0,0,6809,2,input,224,0,0,0,0,-1
0,0,6810,2,input,225,0,0,0,0,-1
0,0,6811,2,input,227,0,0,0,0,1
0,0,6812,2,input,228,0,0,0,0,-1
0,0,6813,2,input,230,0,0,0,0,-1
0,0,6814,2,input,231,0,0,0,0,-1
0,0,6815,2,input,232,0,0,0,0,-1
0,0,6816,2,input,234,0,0,0,0,-1
0,0,6817,2,input,235,0,0,0,0,-1
0,0,6818,2,input,237,0,0,0,0,-1
0,0,6819,2,input,239,0,0,0,0,-1
0,0,6820,2,input,240,0,0,0,0,-1
0,0,6821,2,input,243,0,0,0,0,1
0,0,6822,2,input,244,0,0,0,0,1
0,0,6823,2,input,245,0,0,0,0,-1
0,0,6824,2,input,247,0,0,0,0,-1
0,0,6825,2,input,248,0,0,0,0,-1
0,0,6826,2,input,249,0,0,0,0,-1
0,0,6827,2,input,251,0,0,0,0,-1
0,0,6828,2,input,253,0,0,0,0,-1
0,0,6829,2,input,254,0,0,0,0,-1
0,0,6830,2,input,255,0,0,0,0,1
0,0,6831,2,input,258,0,0,0,0,1
0,0,6832,2,input,259,0,0,0,0,-1
0,0,6833,2,input,262,0,0,0,0,-1
0,0,6834,2,input,263,0,0,0,0,-1
0,0,6835,2,input,265,0,0,0,0,-1
0,0,6836,2,input,266,0,0,0,0,-1
0,0,6837,2,input,269,0,0,0,0,-1
0,0,6838,2,input,270,0,0,0,0,-1
0,0,6839,2,input,272,0,0,0,0,-1
0,0,6840,2,input,274,0,0,0,0,-1
0,0,6841,2,input,275,0,0,0,0,-1
0,0,6842,2,input,276,0,0,0,0,1
0,0,6843,2,input,277,0,0,0,0,-1
0,0,6844,2,input,278,0,0,0,0,-1
0,0,6845,2,input,280,0,0,0,0,-1
0,0,6846,2,input,281,0,0,0,0,-1
0,0,6847,2,input,283,0,0,0,0,-1
0,0,6848,2,input,284,0,0,0,0,-1
0,0,6849,2,input,286,0,0,0,0,-1
0,0,6850,2,input,287,0,0,0,0,-1
0,0,6851,2,input,288,0,0,0,0,-1
0,0,6852,2,input,289,0,0,0,0,-1
0,0,6853,2,input,290,0,0,0,0,-1
0,0,6854,2,input,291,0,0,0,0,-1
0,0,6855,2,input,292,0,0,0,0,1
0,0,6856,2,input,293,0,0,0,0,-1
0,0,6857,2,input,294,0,0,0,0,-1
0,0,6858,2,input,295,0,0,0,0,-1
0,0,6859,2,input,297,0,0,0,0,-1
0,0,6860,2,input,298,0,0,0,0,-1
0,0,6861,2,input,299,0,0,0,0,-1
0,0,6862,2,input,301,0,0,0,0,1
0,0,6863,2,input,304,0,0,0,0,-1
0,0,6864,2,input,305,0,0,0,0,1
0,0,6865,2,input,306,0,0,0,0,-1
0,0,6866,2,input,308,0,0,0,0,1
0,0,6867,2,input,309,0,0,0,0,-1
0,0,6868,2,input,310,0,0,0,0,-1
0,0,6869,2,input,311,0,0,0,0,1
0,0,6870,2,input,313,0,0,0,0,1
0,0,6871,2,input,314,0,0,0,0,-1
0,0,6872,2,input,315,0,0,0,0,1
0,0,6873,2,input,316,0,0,0,0,-1
0,0,6874,2,input,317,0,0,0,0,-1
0,0,6875,2,input,318,0,0,0,0,-1
0,0,6876,2,input,319,0,0,0,0,-1
0,0,6877,2,input,320,0,0,0,0,-1
0,0,6878,2,input,323,0,0,0,0,1
0,0,6879,2,input,324,0,0,0,0,-1
0,0,6880,2,input,326,0,0,0,0,-1
0,0,6881,2,input,327,0,0,0,0,-1
0,0,6882,2,input,328,0,0,0,0,-1
0,0,6883,2,input,329,0,0,0,0,-1
0,0,6884,2,input,330,0,0,0,0,-1
0,0,6885,2,input,333,0,0,0,0,-1
0,0,6886,2,input,334,0,0,0,0,-1
0,0,6887,2,input,335,0,0,0,0,1
0,0,6888,2,input,337,0,0,0,0,-1
0,0,6889,2,input,338,0,0,0,0,-1
0,0,6890,2,input,340,0,0,0,0,1
0,0,6891,2,input,341,0,0,0,0,-1
0,0,6892,2,input,342,0,0,0,0,-1
0,0,6893,2,input,343,0,0,0,0,-1
0,0,6894,2,input,344,0,0,0,0,-1
0,0,6895,2,input,347,0,0,0,0,-1
0,0,6896,2,input,348,0,0,0,0,-1
0,0,6897,2,input,349,0,0,0,0,-1
0,0,6898,2,input,350,0,0,0,0,1
0,0,6899,2,input,352,0,0,0,0,-1
0,0,6900,2,input,353,0,0,0,0,-1
0,0,6901,2,input,358,0,0,0,0,-1
0,0,6902,2,input,359,0,0,0,0,-1
0,0,6903,2,input,360,0,0,0,0,-1
0,0,6904,2,input,362,0,0,0,0,-1
0,0,6905,2,input,363,0,0,0,0,-1
0,0,6906,2,input,365,0,0,0,0,-1
0,0,6907,2,input,367,0,0,0,0,-1
0,0,6908,2,input,368,0,0,0,0,-1
0,0,6909,2,input,371,0,0,0,0,1
0,0,6910,2,input,372,0,0,0,0,1
0,0,6911,2,input,373,0,0,0,0,-1
0,0,6912,2,input,375,0,0,0,0,-1
0,0,6913,2,input,376,0,0,0,0,-1
0,0,6914,2,input,377,0,0,0,0,-1
0,0,6915,2,input,378,0,0,0,0,1
0,0,6916,2,input,379,0,0,0,0,-1
0,0,6917,2,input,381,0,0,0,0,-1
0,0,6918,2,input,383,0,0,0,0,1
0,0,6919,2,input,384,0,0,0,0,-1
0,0,6920,2,input,386,0,0,0,0,1
0,0,6921,2,input,387,0,0,0,0,-1
0,0,6922,2,input,390,0,0,0,0,-1
0,0,6923,2,input,391,0,0,0,0,-1
0,0,6924,2,input,392,0,0,0,0,-1
0,0,6925,2,input,393,0,0,0,0,-1
0,0,6926,2,input,394,0,0,0,0,-1
0,0,6927,2,input,395,0,0,0,0,-1
0,0,6928,2,input,397,0,0,0,0,-1
0,0,6929,2,input,398,0,0,0,0,-1
0,0,6930,2,input,400,0,0,0,0,-1
0,0,6931,2,input,402,0,0,0,0,-1
0,0,6932,2,input,403,0,0,0,0,-1
0,0,6933,2,input,405,0,0,0,0,-1
0,0,6934,2,input,406,0,0,0,0,-1
0,0,6935,2,input,408,0,0,0,0,-1
0,0,6936,2,input,409,0,0,0,0,-1
0,0,6937,2,input,410,0,0,0,0,-1
0,0,6938,2,input,411,0,0,0,0,-1
0,0,6939,2,input,412,0,0,0,0,-1
0,0,6940,2,input,414,0,0,0,0,-1
0,0,6941,2,input,415,0,0,0,0,-1
0,0,6942,2,input,416,0,0,0,0,-1
0,0,6943,2,input,417,0,0,0,0,-1
0,0,6944,2,input,418,0,0,0,0,-1
0,0,6945,2,input,419,0,0,0,0,-1
0,0,6946,2,input,420,0,0,0,0,1
0,0,6947,2,input,421,0,0,0,0,-1
0,0,6948,2,input,422,0,0,0,0,-1
0,0,6949,2,input,423,0,0,0,0,-1
0,0,6950,2,input,425,0,0,0,0,-1
0,0,6951,2,input,426,0,0,0,0,-1
0,0,6952,2,input,427,0,0,0,0,-1
0,0,6953,2,input,429,0,0,0,0,1
0,0,6954,2,input,431,0,0,0,0,-1
0,0,6955,2,input,432,0,0,0,0,-1
0,0,6956,2,input,433,0,0,0,0,1
0,0,6957,2,input,434,0,0,0,0,-1
0,0,6958,2,input,435,0,0,0,0,1
0,0,6959,2,input,436,0,0,0,0,1
0,0,6960,2,input,437,0,0,0,0,-1
0,0,6961,2,input,438,0,0,0,0,-1
0,0,6962,2,input,439,0,0,0,0,1
0,0,6963,2,input,440,0,0,0,0,1
0,0,6964,2,input,442,0,0,0,0,-1
0,0,6965,2,input,443,0,0,0,0,1
0,0,6966,2,input,444,0,0,0,0,-1
0,0,6967,2,input,445,0,0,0,0,-1
0,0,6968,2,input,446,0,0,0,0,-1
0,0,6969,2,input,447,0,0,0,0,-1
0,0,6970,2,input,448,0,0,0,0,-1
0,0,6971,2,input,449,0,0,0,0,-1
0,0,6972,2,input,450,0,0,0,0,-1
0,0,6973,2,input,451,0,0,0,0,1
0,0,6974,2,input,452,0,0,0,0,-1
0,0,6975,2,input,454,0,0,0,0,-1
0,0,6976,2,input,456,0,0,0,0,-1
0,0,6977,2,input,457,0,0,0,0,-1
0,0,6978,2,input,458,0,0,0,0,-1
0,0,6979,2,input,459,0,0,0,0,1
0,0,6980,2,input,460,0,0,0,0,-1
0,0,6981,2,input,461,0,0,0,0,-1
0,0,6982,2,input,462,0,0,0,0,-1
0,0,6983,2,input,463,0,0,0,0,1
0,0,6984,2,input,465,0,0,0,0,-1
0,0,6985,2,input,466,0,0,0,0,-1
0,0,6986,2,input,469,0,0,0,0,-1
0,0,6987,2,input,471,0,0,0,0,-1
0,0,6988,2,input,472,0,0,0,0,-1
0,0,6989,2,input,473,0,0,0,0,-1
0,0,6990,2,input,475,0,0,0,0,-1
0,0,6991,2,input,476,0,0,0,0,-1
0,0,6992,2,input,477,0,0,0,0,-1
0,0,6993,2,input,478,0,0,0,0,1
0,0,6994,2,input,480,0,0,0,0,-1
0,0,6995,2,input,481,0,0,0,0,-1
0,0,6996,2,input,482,0,0,0,0,-1
0,0,6997,2,input,484,0,0,0,0,-1
0,0,6998,2,input,486,0,0,0,0,-1
0,0,6999,2,input,487,0,0,0,0,-1
0,0,7000,2,input,488,0,0,0,0,-1
0,0,7001,2,input,490,0,0,0,0,-1
0,0,7002,2,input,491,0,0,0,0,-1
0,0,7003,2,input,493,0,0,0,0,-1
0,0,7004,2,input,494,0,0,0,0,-1
0,0,7005,2,input,495,0,0,0,0,-1
0,0,7006,2,input,496,0,0,0,0,-1
0,0,7007,2,input,499,0,0,0,0,1
0,0,7008,2,input,500,0,0,0,0,1
0,0,7009,2,input,501,0,0,0,0,-1
0,0,7010,2,input,502,0,0,0,0,-1
0,0,7011,2,input,503,0,0,0,0,-1
0,0,7012,2,input,504,0,0,0,0,-1
0,0,7013,2,input,505,0,0,0,0,-1
0,0,7014,2,input,506,0,0,0,0,1
0,0,7015,2,input,507,0,0,0,0,-1
0,0,7016,2,input,508,0,0,0,0,-1
0,0,7017,2,input,509,0,0,0,0,-1
0,0,7018,2,input,510,0,0,0,0,-1
0,0,7019,2,input,511,0,0,0,0,1
0,0,7020,2,input,512,0,0,0,0,-1
0,0,7021,2,input,514,0,0,0,0,1
0,0,7022,2,input,515,0,0,0,0,-1
0,0,7023,2,input,517,0,0,0,0,1
0,0,7024,2,input,518,0,0,0,0,-1
0,0,7025,2,input,519,0,0,0,0,-1
0,0,7026,2,input,521,0,0,0,0,-1
0,0,7027,2,input,522,0,0,0,0,-1
0,0,7028,2,input,523,0,0,0,0,-1
0,0,7029,2,input,524,0,0,0,0,-1
0,0,7030,2,input,525,0,0,0,0,-1
0,0,7031,2,input,526,0,0,0,0,-1
0,0,7032,2,input,529,0,0,0,0,1
0,0,7033,2,input,530,0,0,0,0,-1
0,0,7034,2,input,531,0,0,0,0,-1
0,0,7035,2,input,533,0,0,0,0,-1
0,0,7036,2,input,534,0,0,0,0,-1
0,0,7037,2,input,535,0,0,0,0,1
0,0,7038,2,input,536,0,0,0,0,-1
0,0,7039,2,input,537,0,0,0,0,-1
0,0,7040,2,input,538,0,0,0,0,-1
0,0,7041,2,input,540,0,0,0,0,-1
0,0,7042,2,input,542,0,0,0,0,-1
0,0,7043,2,input,543,0,0,0,0,-1
0,0,7044,2,input,544,0,0,0,0,-1
0,0,7045,2,input,546,0,0,0,0,-1
0,0,7046,2,input,547,0,0,0,0,-1
0,0,7047,2,input,548,0,0,0,0,1
0,0,7048,2,input,549,0,0,0,0,-1
0,0,7049,2,input,550,0,0,0,0,-1
0,0,7050,2,input,552,0,0,0,0,-1
0,0,7051,2,input,553,0,0,0,0,-1
0,0,7052,2,input,554,0,0,0,0,-1
0,0,7053,2,input,555,0,0,0,0,-1
0,0,7054,2,input,559,0,0,0,0,-1
0,0,7055,2,input,560,0,0,0,0,-1
0,0,7056,2,input,562,0,0,0,0,-1
0,0,7057,2,input,563,0,0,0,0,1
0,0,7058,2,input,565,0,0,0,0,-1
0,0,7059,2,input,566,0,0,0,0,-1
0,0,7060,2,input,567,0,0,0,0,1
0,0,7061,2,input,569,0,0,0,0,-1
0,0,7062,2,input,570,0,0,0,0,-1
0,0,7063,2,input,571,0,0,0,0,1
0,0,7064,2,input,572,0,0,0,0,-1
0,0,7065,2,input,573,0,0,0,0,-1
0,0,7066,2,input,574,0,0,0,0,-1
0,0,7067,2,input,575,0,0,0,0,-1
0,0,7068,2,input,576,0,0,0,0,-1
0,0,7069,2,input,577,0,0,0,0,-1
0,0,7070,2,input,579,0,0,0,0,1
0,0,7071,2,input,582,0,0,0,0,-1
0,0,7072,2,input,585,0,0,0,0,-1
0,0,7073,2,input,586,0,0,0,0,-1
0,0,7074,2,input,588,0,0,0,0,-1
0,0,7075,2,input,589,0,0,0,0,-1
0,0,7076,2,input,590,0,0,0,0,-1
0,0,7077,2,input,591,0,0,0,0,1
0,0,7078,2,input,592,0,0,0,0,-1
0,0,7079,2,input,593,0,0,0,0,-1
0,0,7080,2,input,594,0,0,0,0,-1
0,0,7081,2,input,595,0,0,0,0,-1
0,0,7082,2,input,596,0,0,0,0,-1
0,0,7083,2,input,598,0,0,0,0,-1
0,0,7084,2,input,599,0,0,0,0,-1
0,0,7085,2,input,600,0,0,0,0,-1
0,0,7086,2,input,601,0,0,0,0,-1
0,0,7087,2,input,604,0,0,0,0,-1
0,0,7088,2,input,605,0,0,0,0,-1
0,0,7089,2,input,606,0,0,0,0,1
0,0,7090,2,input,607,0,0,0,0,-1
0,0,7091,2,input,608,0,0,0,0,-1
0,0,7092,2,input,609,0,0,0,0,-1
0,0,7093,2,input,610,0,0,0,0,-1
0,0,7094,2,input,611,0,0,0,0,1
0,0,7095,2,input,613,0,0,0,0,-1
0,0,7096,2,input,614,0,0,0,0,-1
0,0,7097,2,input,615,0,0,0,0,-1
0,0,7098,2,input,616,0,0,0,0,-1
0,0,7099,2,input,619,0,0,0,0,-1
0,0,7100,2,input,621,0,0,0,0,-1
0,0,7101,2,input,622,0,0,0,0,-1
0,0,7102,2,input,623,0,0,0,0,-1
0,0,7103,2,input,624,0,0,0,0,-1
0,0,7104,2,input,626,0,0,0,0,1
0,0,7105,2,input,627,0,0,0,0,1
0,0,7106,2,input,628,0,0,0,0,1
0,0,7107,2,input,629,0,0,0,0,-1
0,0,7108,2,input,630,0,0,0,0,-1
0,0,7109,2,input,631,0,0,0,0,-1
0,0,7110,2,input,632,0,0,0,0,-1
0,0,7111,2,input,633,0,0,0,0,-1
0,0,7112,2,input,634,0,0,0,0,1
0,0,7113,2,input,635,0,0,0,0,-1
0,0,7114,2,input,636,0,0,0,0,-1
0,0,7115,2,input,637,0,0,0,0,-1
0,0,7116,2,input,638,0,0,0,0,-1
0,0,7117,2,input,639,0,0,0,0,1
0,0,7118,2,input,640,0,0,0,0,-1
0,0,7119,2,input,641,0,0,0,0,1
0,0,7120,2,input,642,0,0,0,0,1
0,0,7121,2,input,643,0,0,0,0,-1
0,0,7122,2,input,644,0,0,0,0,-1
0,0,7123,2,input,645,0,0,0,0,1
0,0,7124,2,input,646,0,0,0,0,-1
0,0,7125,2,input,647,0,0,0,0,-1
0,0,7126,2,input,648,0,0,0,0,-1
0,0,7127,2,input,649,0,0,0,0,-1
0,0,7128,2,input,650,0,0,0,0,-1
0,0,7129,2,input,653,0,0,0,0,-1
0,0,7130,2,input,654,0,0,0,0,-1
0,0,7131,2,input,655,0,0,0,0,-1
0,0,7132,2,input,658,0,0,0,0,-1
0,0,7133,2,input,659,0,0,0,0,-1
0,0,7134,2,input,660,0,0,0,0,-1
0,0,7135,2,input,661,0,0,0,0,-1
0,0,7136,2,input,662,0,0,0,0,-1
0,0,7137,2,input,663,0,0,0,0,1
0,0,7138,2,input,666,0,0,0,0,-1
0,0,7139,2,input,668,0,0,0,0,-1
0,0,7140,2,input,670,0,0,0,0,-1
0,0,7141,2,input,671,0,0,0,0,-1
0,0,7142,2,input,672,0,0,0,0,-1
0,0,7143,2,input,675,0,0,0,0,-1
0,0,7144,2,input,676,0,0,0,0,1
0,0,7145,2,input,677,0,0,0,0,-1
0,0,7146,2,input,678,0,0,0,0,-1
0,0,7147,2,input,680,0,0,0,0,-1
0,0,7148,2,input,681,0,0,0,0,-1
0,0,7149,2,input,682,0,0,0,0,-1
0,0,7150,2,input,683,0,0,0,0,-1
0,0,7151,2,input,684,0,0,0,0,-1
0,0,7152,2,input,685,0,0,0,0,-1
0,0,7153,2,input,687,0,0,0,0,-1
0,0,7154,2,input,688,0,0,0,0,-1
0,0,7155,2,input,689,0,0,0,0,1
0,0,7156,2,input,690,0,0,0,0,-1
0,0,7157,2,input,693,0,0,0,0,-1
0,0,7158,2,input,694,0,0,0,0,-1
0,0,7159,2,input,697,0,0,0,0,-1
0,0,7160,2,input,699,0,0,0,0,1
0,0,7161,2,input,700,0,0,0,0,-1
0,0,7162,2,input,701,0,0,0,0,-1
0,0,7163,2,input,702,0,0,0,0,-1
0,0,7164,2,input,703,0,0,0,0,-1
0,0,7165,2,input,704,0,0,0,0,-1
0,0,7166,2,input,705,0,0,0,0,-1
0,0,7167,2,input,706,0,0,0,0,-1
0,0,7168,2,input,709,0,0,0,0,-1
0,0,7169,2,input,710,0,0,0,0,-1
0,0,7170,2,input,711,0,0,0,0,1
0,0,7171,2,input,713,0,0,0,0,-1
0,0,7172,2,input,714,0,0,0,0,-1
0,0,7173,2,input,715,0,0,0,0,1
0,0,7174,2,input,716,0,0,0,0,-1
0,0,7175,2,input,717,0,0,0,0,-1
0,0,7176,2,input,719,0,0,0,0,1
0,0,7177,2,input,720,0,0,0,0,-1
0,0,7178,2,input,721,0,0,0,0,-1
0,0,7179,2,input,722,0,0,0,0,-1
0,0,7180,2,input,723,0,0,0,0,-1
0,0,7181,2,input,724,0,0,0,0,-1
0,0,7182,2,input,725,0,0,0,0,-1
0,0,7183,2,input,727,0,0,0,0,-1
0,0,7184,2,input,728,0,0,0,0,1
0,0,7185,2,input,729,0,0,0,0,-1
0,0,7186,2,input,731,0,0,0,0,-1
0,0,7187,2,input,732,0,0,0,0,-1
0,0,7188,2,input,733,0,0,0,0,-1
0,0,7189,2,input,735,0,0,0,0,-1
0,0,7190,2,input,736,0,0,0,0,-1
0,0,7191,2,input,737,0,0,0,0,-1
0,0,7192,2,input,738,0,0,0,0,-1
0,0,7193,2,input,739,0,0,0,0,-1
0,0,7194,2,input,740,0,0,0,0,-1
0,0,7195,2,input,741,0,0,0,0,-1
0,0,7196,2,input,742,0,0,0,0,-1
0,0,7197,2,input,743,0,0,0,0,-1
0,0,7198,2,input,745,0,0,0,0,-1
0,0,7199,2,input,746,0,0,0,0,1
0,0,7200,2,input,747,0,0,0,0,-1
0,0,7201,2,input,749,0,0,0,0,-1
0,0,7202,2,input,750,0,0,0,0,-1
0,0,7203,2,input,751,0,0,0,0,-1
0,0,7204,2,input,752,0,0,0,0,-1
0,0,7205,2,input,756,0,0,0,0,1
0,0,7206,2,input,757,0,0,0,0,-1
0,0,7207,2,input,758,0,0,0,0,-1
0,0,7208,2,input,759,0,0,0,0,-1
0,0,7209,2,input,760,0,0,0,0,-1
0,0,7210,2,input,761,0,0,0,0,-1
0,0,7211,2,input,762,0,0,0,0,1
0,0,7212,2,input,763,0,0,0,0,-1
0,0,7213,2,input,765,0,0,0,0,-1
0,0,7214,2,input,766,0,0,0,0,-1
0,0,7215,2,input,767,0,0,0,0,1
0,0,7216,2,input,771,0,0,0,0,-1
0,0,7217,2,input,772,0,0,0,0,-1
0,0,7218,2,input,775,0,0,0,0,-1
0,0,7219,2,input,776,0,0,0,0,-1
0,0,7220,2,input,777,0,0,0,0,-1
0,0,7221,2,input,779,0,0,0,0,1
0,0,7222,2,input,781,0,0,0,0,-1
0,0,7223,2,input,782,0,0,0,0,-1
0,0,7224,2,input,783,0,0,0,0,1
0,0,7225,2,input,784,0,0,0,0,-1
0,0,7226,2,input,786,0,0,0,0,-1
0,0,7227,2,input,787,0,0,0,0,-1
0,0,7228,2,input,788,0,0,0,0,-1
0,0,7229,2,input,789,0,0,0,0,-1
0,0,7230,2,input,790,0,0,0,0,-1
0,0,7231,2,input,791,0,0,0,0,1
0,0,7232,2,input,792,0,0,0,0,-1
0,0,7233,2,input,793,0,0,0,0,-1
0,0,7234,2,input,794,0,0,0,0,-1
0,0,7235,2,input,795,0,0,0,0,-1
0,0,7236,2,input,796,0,0,0,0,-1
0,0,7237,2,input,798,0,0,0,0,-1
0,0,7238,2,input,799,0,0,0,0,-1
0,0,7239,2,input,800,0,0,0,0,-1
0,0,7240,2,input,803,0,0,0,0,-1
0,0,7241,2,input,804,0,0,0,0,1
0,0,7242,2,input,805,0,0,0,0,-1
0,0,7243,2,input,806,0,0,0,0,-1
0,0,7244,2,input,807,0,0,0,0,-1
0,0,7245,2,input,809,0,0,0,0,-1
0,0,7246,2,input,810,0,0,0,0,-1
0,0,7247,2,input,811,0,0,0,0,-1
0,0,7248,2,input,812,0,0,0,0,-1
0,0,7249,2,input,813,0,0,0,0,-1
0,0,7250,2,input,814,0,0,0,0,-1
0,0,7251,2,input,815,0,0,0,0,-1
0,0,7252,2,input,816,0,0,0,0,-1
0,0,7253,2,input,817,0,0,0,0,1
0,0,7254,2,input,818,0,0,0,0,-1
0,0,7255,2,input,820,0,0,0,0,1
0,0,7256,2,input,821,0,0,0,0,-1
0,0,7257,2,input,822,0,0,0,0,-1
0,0,7258,2,input,823,0,0,0,0,1
0,0,7259,2,input,825,0,0,0,0,-1
0,0,7260,2,input,826,0,0,0,0,-1
0,0,7261,2,input,827,0,0,0,0,1
0,0,7262,2,input,828,0,0,0,0,-1
0,0,7263,2,input,830,0,0,0,0,-1
0,0,7264,2,input,831,0,0,0,0,-1
0,0,7265,2,input,832,0,0,0,0,-1
0,0,7266,2,input,833,0,0,0,0,-1
0,0,7267,2,input,834,0,0,0,0,-1
0,0,7268,2,input,836,0,0,0,0,-1
0,0,7269,2,input,837,0,0,0,0,-1
0,0,7270,2,input,838,0,0,0,0,-1
0,0,7271,2,input,841,0,0,0,0,-1
0,0,7272,2,input,842,0,0,0,0,-1
0,0,7273,2,input,844,0,0,0,0,-1
0,0,7274,2,input,845,0,0,0,0,-1
0,0,7275,2,input,846,0,0,0,0,-1
0,0,7276,2,input,848,0,0,0,0,-1
0,0,7277,2,input,849,0,0,0,0,-1
0,0,7278,2,input,850,0,0,0,0,-1
0,0,7279,2,input,851,0,0,0,0,-1
0,0,7280,2,input,852,0,0,0,0,-1
0,0,7281,2,input,853,0,0,0,0,-1
0,0,7282,2,input,855,0,0,0,0,-1
0,0,7283,2,input,860,0,0,0,0,-1
0,0,7284,2,input,861,0,0,0,0,-1
0,0,7285,2,input,862,0,0,0,0,1
0,0,7286,2,input,863,0,0,0,0,-1
0,0,7287,2,input,864,0,0,0,0,-1
0,0,7288,2,input,865,0,0,0,0,-1
0,0,7289,2,input,866,0,0,0,0,-1
0,0,7290,2,input,867,0,0,0,0,1
0,0,7291,2,input,868,0,0,0,0,-1
0,0,7292,2,input,870,0,0,0,0,-1
0,0,7293,2,input,872,0,0,0,0,-1
0,0,7294,2,input,875,0,0,0,0,-1
0,0,7295,2,input,876,0,0,0,0,-1
0,0,7296,2,input,877,0,0,0,0,-1
0,0,7297,2,input,879,0,0,0,0,-1
0,0,7298,2,input,880,0,0,0,0,-1
0,0,7299,2,input,882,0,0,0,0,1
0,0,7300,2,input,883,0,0,0,0,-1
0,0,7301,2,input,884,0,0,0,0,1
0,0,7302,2,input,885,0,0,0,0,-1
0,0,7303,2,input,886,0,0,0,0,-1
0,0,7304,2,input,887,0,0,0,0,-1
0,0,7305,2,input,888,0,0,0,0,-1
0,0,7306,2,input,889,0,0,0,0,-1
0,0,7307,2,input,890,0,0,0,0,1
0,0,7308,2,input,891,0,0,0,0,-1
0,0,7309,2,input,892,0,0,0,0,1
0,0,7310,2,input,893,0,0,0,0,-1
0,0,7311,2,input,894,0,0,0,0,-1
0,0,7312,2,input,895,0,0,0,0,1
0,0,7313,2,input,896,0,0,0,0,-1
0,0,7314,2,input,898,0,0,0,0,-1
0,0,7315,2,input,899,0,0,0,0,-1
0,0,7316,2,input,903,0,0,0,0,-1
0,0,7317,2,input,904,0,0,0,0,-1
0,0,7318,2,input,905,0,0,0,0,-1
0,0,7319,2,input,906,0,0,0,0,-1
0,0,7320,2,input,907,0,0,0,0,1
0,0,7321,2,input,908,0,0,0,0,-1
0,0,7322,2,input,909,0,0,0,0,-1
0,0,7323,2,input,910,0,0,0,0,-1
0,0,7324,2,input,914,0,0,0,0,-1
0,0,7325,2,input,915,0,0,0,0,-1
0,0,7326,2,input,916,0,0,0,0,1
0,0,7327,2,input,917,0,0,0,0,-1
0,0,7328,2,input,918,0,0,0,0,-1
0,0,7329,2,input,919,0,0,0,0,1
0,0,7330,2,input,920,0,0,0,0,-1
0,0,7331,2,input,921,0,0,0,0,-1
0,0,7332,2,input,922,0,0,0,0,-1
0,0,7333,2,input,923,0,0,0,0,-1
0,0,7334,2,input,924,0,0,0,0,-1
0,0,7335,2,input,925,0,0,0,0,-1
0,0,7336,2,input,926,0,0,0,0,-1
0,0,7337,2,input,927,0,0,0,0,-1
0,0,7338,2,input,928,0,0,0,0,-1
0,0,7339,2,input,929,0,0,0,0,-1
0,0,7340,2,input,930,0,0,0,0,1
0,0,7341,2,input,931,0,0,0,0,-1
0,0,7342,2,input,932,0,0,0,0,1
0,0,7343,2,input,933,0,0,0,0,-1
0,0,7344,2,input,934,0,0,0,0,-1
0,0,7345,2,input,935,0,0,0,0,-1
0,0,7346,2,input,937,0,0,0,0,-1
0,0,7347,2,input,938,0,0,0,0,-1
0,0,7348,2,input,939,0,0,0,0,-1
0,0,7349,2,input,941,0,0,0,0,-1
0,0,7350,2,input,943,0,0,0,0,-1
0,0,7351,2,input,944,0,0,0,0,-1
0,0,7352,2,input,945,0,0,0,0,1
0,0,7353,2,input,946,0,0,0,0,-1
0,0,7354,2,input,947,0,0,0,0,-1
0,0,7355,2,input,949,0,0,0,0,-1
0,0,7356,2,input,950,0,0,0,0,-1
0,0,7357,2,input,951,0,0,0,0,1
0,0,7358,2,input,952,0,0,0,0,1
0,0,7359,2,input,954,0,0,0,0,-1
0,0,7360,2,input,956,0,0,0,0,-1
0,0,7361,2,input,957,0,0,0,0,-1
0,0,7362,2,input,958,0,0,0,0,-1
0,0,7363,2,input,959,0,0,0,0,-1
0,0,7364,2,input,960,0,0,0,0,-1
0,0,7365,2,input,961,0,0,0,0,-1
0,0,7366,2,input,963,0,0,0,0,1
0,0,7367,2,input,964,0,0,0,0,-1
0,0,7368,2,input,965,0,0,0,0,-1
0,0,7369,2,input,966,0,0,0,0,-1
0,0,7370,2,input,967,0,0,0,0,-1
0,0,7371,2,input,969,0,0,0,0,-1
0,0,7372,2,input,970,0,0,0,0,-1
0,0,7373,2,input,971,0,0,0,0,1
0,0,7374,2,input,972,0,0,0,0,-1
0,0,7375,2,input,973,0,0,0,0,-1
0,0,7376,2,input,976,0,0,0,0,-1
0,0,7377,2,input,977,0,0,0,0,-1
0,0,7378,2,input,978,0,0,0,0,-1
0,0,7379,2,input,980,0,0,0,0,-1
0,0,7380,2,input,981,0,0,0,0,-1
0,0,7381,2,input,983,0,0,0,0,-1
0,0,7382,2,input,984,0,0,0,0,-1
0,0,7383,2,input,985,0,0,0,0,-1
0,0,7384,2,input,987,0,0,0,0,-1
0,0,7385,2,input,988,0,0,0,0,-1
0,0,7386,2,input,989,0,0,0,0,-1
0,0,7387,2,input,990,0,0,0,0,1
0,0,7388,2,input,991,0,0,0,0,-1
0,0,7389,2,input,992,0,0,0,0,-1
0,0,7390,2,input,993,0,0,0,0,-1
0,0,7391,2,input,994,0,0,0,0,-1
0,0,7392,2,input,996,0,0,0,0,-1
0,0,7393,2,input,997,0,0,0,0,-1
0,0,7394,2,input,998,0,0,0,0,-1
0,0,7395,2,input,999,0,0,0,0,-1
0,0,7396,2,input,1000,0,0,0,0,-1
0,0,7397,2,input,1003,0,0,0,0,-1
0,0,7398,2,input,1005,0,0,0,0,-1
0,0,7399,2,input,1007,0,0,0,0,-1
0,0,7400,2,input,1008,0,0,0,0,-1
0,0,7401,2,input,1011,0,0,0,0,-1
0,0,7402,2,input,1012,0,0,0,0,1
0,0,7403,2,input,1013,0,0,0,0,-1
0,0,7404,2,input,1014,0,0,0,0,-1
0,0,7405,2,input,1016,0,0,0,0,-1
0,0,7406,2,input,1017,0,0,0,0,-1
0,0,7407,2,input,1019,0,0,0,0,-1
0,0,7408,2,input,1021,0,0,0,0,-1
0,0,7409,2,input,1022,0,0,0,0,-1
0,0,7410,2,input,1023,0,0,0,0,1
0,0,7411,2,input,1024,0,0,0,0,-1
0,0,7412,2,input,1025,0,0,0,0,1
0,0,7413,2,input,1026,0,0,0,0,1
0,0,7414,2,input,1027,0,0,0,0,-1
0,0,7415,2,input,1028,0,0,0,0,1
0,0,7416,2,input,1029,0,0,0,0,1
0,0,7417,2,input,1030,0,0,0,0,-1
0,0,7418,2,input,1032,0,0,0,0,1
0,0,7419,2,input,1033,0,0,0,0,-1
0,0,7420,2,input,1034,0,0,0,0,-1
0,0,7421,2,input,1035,0,0,0,0,-1
0,0,7422,2,input,1036,0,0,0,0,-1
0,0,7423,2,input,1038,0,0,0,0,-1
0,0,7424,2,input,1039,0,0,0,0,-1
0,0,7425,2,input,1042,0,0,0,0,-1
0,0,7426,2,input,1043,0,0,0,0,-1
0,0,7427,2,input,1044,0,0,0,0,-1
0,0,7428,2,input,1046,0,0,0,0,-1
0,0,7429,2,input,1047,0,0,0,0,1
0,0,7430,2,input,1050,0,0,0,0,-1
0,0,7431,2,input,1051,0,0,0,0,1
0,0,7432,2,input,1052,0,0,0,0,-1
0,0,7433,2,input,1054,0,0,0,0,-1
0,0,7434,2,input,1055,0,0,0,0,-1
0,0,7435,2,input,1056,0,0,0,0,1
0,0,7436,2,input,1057,0,0,0,0,-1
0,0,7437,2,input,1058,0,0,0,0,-1
0,0,7438,2,input,1059,0,0,0,0,-1
0,0,7439,2,input,1062,0,0,0,0,-1
0,0,7440,2,input,1063,0,0,0,0,1
0,0,7441,2,input,1064,0,0,0,0,-1
0,0,7442,2,input,1065,0,0,0,0,-1
0,0,7443,2,input,1067,0,0,0,0,-1
0,0,7444,2,input,1068,0,0,0,0,-1
0,0,7445,2,input,1071,0,0,0,0,-1
0,0,7446,2,input,1073,0,0,0,0,1
0,0,7447,2,input,1074,0,0,0,0,-1
0,0,7448,2,input,1076,0,0,0,0,-1
0,0,7449,2,input,1077,0,0,0,0,-1
0,0,7450,2,input,1078,0,0,0,0,-1
0,0,7451,2,input,1079,0,0,0,0,1
0,0,7452,2,input,1080,0,0,0,0,1
0,0,7453,2,input,1081,0,0,0,0,-1
0,0,7454,2,input,1084,0,0,0,0,-1
0,0,7455,2,input,1085,0,0,0,0,-1
0,0,7456,2,input,1086,0,0,0,0,-1
0,0,7457,2,input,1087,0,0,0,0,-1
0,0,7458,2,input,1088,0,0,0,0,-1
0,0,7459,2,input,1089,0,0,0,0,-1
0,0,7460,2,input,1090,0,0,0,0,-1
0,0,7461,2,input,1091,0,0,0,0,-1
0,0,7462,2,input,1093,0,0,0,0,-1
0,0,7463,2,input,1094,0,0,0,0,-1
0,0,7464,2,input,1095,0,0,0,0,1
0,0,7465,2,input,1096,0,0,0,0,1
0,0,7466,2,input,1098,0,0,0,0,-1
0,0,7467,2,input,1099,0,0,0,0,1
0,0,7468,2,input,1100,0,0,0,0,-1
0,0,7469,2,input,1101,0,0,0,0,-1
0,0,7470,2,input,1102,0,0,0,0,-1
0,0,7471,2,input,1103,0,0,0,0,1
0,0,7472,2,input,1104,0,0,0,0,-1
0,0,7473,2,input,1105,0,0,0,0,-1
0,0,7474,2,input,1106,0,0,0,0,-1
0,0,7475,2,input,1107,0,0,0,0,-1
0,0,7476,2,input,1109,0,0,0,0,1
0,0,7477,2,input,1110,0,0,0,0,-1
0,0,7478,2,input,1111,0,0,0,0,-1
0,0,7479,2,input,1112,0,0,0,0,1
0,0,7480,2,input,1113,0,0,0,0,-1
0,0,7481,2,input,1114,0,0,0,0,-1
0,0,7482,2,input,1115,0,0,0,0,-1
0,0,7483,2,input,1116,0,0,0,0,-1
0,0,7484,2,input,1117,0,0,0,0,-1
0,0,7485,2,input,1118,0,0,0,0,-1
0,0,7486,2,input,1119,0,0,0,0,-1
0,0,7487,2,input,1120,0,0,0,0,-1
0,0,7488,2,input,1121,0,0,0,0,-1
0,0,7489,2,input,1123,0,0,0,0,-1
0,0,7490,2,input,1124,0,0,0,0,-1
0,0,7491,2,input,1126,0,0,0,0,-1
0,0,7492,2,input,1127,0,0,0,0,-1
0,0,7493,2,input,1129,0,0,0,0,-1
0,0,7494,2,input,1130,0,0,0,0,1
0,0,7495,2,input,1131,0,0,0,0,-1
0,0,7496,2,input,1132,0,0,0,0,1
0,0,7497,2,input,1133,0,0,0,0,-1
0,0,7498,2,input,1134,0,0,0,0,-1
0,0,7499,2,input,1135,0,0,0,0,-1
0,0,7500,2,input,1136,0,0,0,0,-1
0,0,7501,2,input,1137,0,0,0,0,-1
0,0,7502,2,input,1138,0,0,0,0,-1
0,0,7503,2,input,1140,0,0,0,0,1
0,0,7504,2,input,1141,0,0,0,0,-1
0,0,7505,2,input,1142,0,0,0,0,-1
0,0,7506,2,input,1143,0,0,0,0,-1
0,0,7507,2,input,1144,0,0,0,0,-1
0,0,7508,2,input,1145,0,0,0,0,-1
0,0,7509,2,input,1146,0,0,0,0,1
0,0,7510,2,input,1147,0,0,0,0,-1
0,0,7511,2,input,1148,0,0,0,0,-1
0,0,7512,2,input,1149,0,0,0,0,-1
0,0,7513,2,input,1150,0,0,0,0,-1
0,0,7514,2,input,1151,0,0,0,0,1
0,0,7515,2,input,1152,0,0,0,0,-1
0,0,7516,2,input,1154,0,0,0,0,-1
0,0,7517,2,input,1155,0,0,0,0,-1
0,0,7518,2,input,1158,0,0,0,0,-1
0,0,7519,2,input,1160,0,0,0,0,-1
0,0,7520,2,input,1161,0,0,0,0,-1
0,0,7521,2,input,1162,0,0,0,0,-1
0,0,7522,2,input,1163,0,0,0,0,-1
0,0,7523,2,input,1165,0,0,0,0,-1
0,0,7524,2,input,1166,0,0,0,0,-1
0,0,7525,2,input,1168,0,0,0,0,-1
0,0,7526,2,input,1170,0,0,0,0,-1
0,0,7527,2,input,1171,0,0,0,0,-1
0,0,7528,2,input,1173,0,0,0,0,-1
0,0,7529,2,input,1174,0,0,0,0,-1
0,0,7530,2,input,1176,0,0,0,0,-1
0,0,7531,2,input,1177,0,0,0,0,-1
0,0,7532,2,input,1178,0,0,0,0,-1
0,0,7533,2,input,1179,0,0,0,0,-1
0,0,7534,2,input,1182,0,0,0,0,-1
0,0,7535,2,input,1183,0,0,0,0,-1
0,0,7536,2,input,1184,0,0,0,0,-1
0,0,7537,2,input,1185,0,0,0,0,-1
0,0,7538,2,input,1186,0,0,0,0,-1
0,0,7539,2,input,1187,0,0,0,0,-1
0,0,7540,2,input,1188,0,0,0,0,1
0,0,7541,2,input,1189,0,0,0,0,-1
0,0,7542,2,input,1190,0,0,0,0,-1
0,0,7543,2,input,1191,0,0,0,0,-1
0,0,7544,2,input,1192,0,0,0,0,-1
0,0,7545,2,input,1193,0,0,0,0,-1
0,0,7546,2,input,1194,0,0,0,0,-1
0,0,7547,2,input,1195,0,0,0,0,-1
0,0,7548,2,input,1197,0,0,0,0,1
0,0,7549,2,input,1199,0,0,0,0,-1
0,0,7550,2,input,1200,0,0,0,0,-1
0,0,7551,2,input,1201,0,0,0,0,1
0,0,7552,2,input,1202,0,0,0,0,-1
0,0,7553,2,input,1203,0,0,0,0,1
0,0,7554,2,input,1204,0,0,0,0,1
0,0,7555,2,input,1205,0,0,0,0,-1
0,0,7556,2,input,1206,0,0,0,0,-1
0,0,7557,2,input,1207,0,0,0,0,1
0,0,7558,2,input,1208,0,0,0,0,1
0,0,7559,2,input,1209,0,0,0,0,-1
0,0,7560,2,input,1210,0,0,0,0,-1
0,0,7561,2,input,1211,0,0,0,0,1
0,0,7562,2,input,1212,0,0,0,0,-1
0,0,7563,2,input,1213,0,0,0,0,-1
0,0,7564,2,input,1214,0,0,0,0,-1
0,0,7565,2,input,1215,0,0,0,0,-1
0,0,7566,2,input,1216,0,0,0,0,-1
0,0,7567,2,input,1217,0,0,0,0,-1
0,0,7568,2,input,1219,0,0,0,0,1
0,0,7569,2,input,1220,0,0,0,0,-1
0,0,7570,2,input,1222,0,0,0,0,-1
0,0,7571,2,input,1225,0,0,0,0,-1
0,0,7572,2,input,1226,0,0,0,0,-1
0,0,7573,2,input,1228,0,0,0,0,-1
0,0,7574,2,input,1229,0,0,0,0,-1
0,0,7575,2,input,1230,0,0,0,0,-1
0,0,7576,2,input,1234,0,0,0,0,-1
0,0,7577,2,input,1237,0,0,0,0,-1
0,0,7578,2,input,1239,0,0,0,0,-1
0,0,7579,2,input,1240,0,0,0,0,-1
0,0,7580,2,input,1243,0,0,0,0,-1
0,0,7581,2,input,1244,0,0,0,0,-1
0,0,7582,2,input,1245,0,0,0,0,-1
0,0,7583,2,input,1246,0,0,0,0,1
0,0,7584,2,input,1248,0,0,0,0,-1
0,0,7585,2,input,1249,0,0,0,0,-1
0,0,7586,2,input,1251,0,0,0,0,1
0,0,7587,2,input,1252,0,0,0,0,-1
0,0,7588,2,input,1254,0,0,0,0,-1
0,0,7589,2,input,1256,0,0,0,0,-1
0,0,7590,2,input,1259,0,0,0,0,-1
0,0,7591,2,input,1261,0,0,0,0,-1
0,0,7592,2,input,1263,0,0,0,0,-1
0,0,7593,2,input,1264,0,0,0,0,-1
0,0,7594,2,input,1268,0,0,0,0,1
0,0,7595,2,input,1269,0,0,0,0,-1
0,0,7596,2,input,1271,0,0,0,0,-1
0,0,7597,2,input,1272,0,0,0,0,-1
0,0,7598,2,input,1273,0,0,0,0,-1
0,0,7599,2,input,1274,0,0,0,0,1
0,0,7600,2,input,1275,0,0,0,0,-1
0,0,7601,2,input,1277,0,0,0,0,-1
0,0,7602,2,input,1278,0,0,0,0,-1
0,0,7603,2,input,1279,0,0,0,0,1
0,0,7604,2,input,1280,0,0,0,0,-1
0,0,7605,2,input,1283,0,0,0,0,-1
0,0,7606,2,input,1285,0,0,0,0,-1
0,0,7607,2,input,1286,0,0,0,0,-1
0,0,7608,2,input,1288,0,0,0,0,1
0,0,7609,2,input,1289,0,0,0,0,-1
0,0,7610,2,input,1290,0,0,0,0,1
0,0,7611,2,input,1292,0,0,0,0,1
0,0,7612,2,input,1293,0,0,0,0,-1
0,0,7613,2,input,1294,0,0,0,0,-1
0,0,7614,2,input,1295,0,0,0,0,-1
0,0,7615,2,input,1296,0,0,0,0,-1
0,0,7616,2,input,1297,0,0,0,0,1
0,0,7617,2,input,1298,0,0,0,0,-1
0,0,7618,2,input,1299,0,0,0,0,-1
0,0,7619,2,input,1301,0,0,0,0,-1
0,0,7620,2,input,1302,0,0,0,0,-1
0,0,7621,2,input,1305,0,0,0,0,-1
0,0,7622,2,input,1306,0,0,0,0,1
0,0,7623,2,input,1307,0,0,0,0,-1
0,0,7624,2,input,1308,0,0,0,0,-1
0,0,7625,2,input,1309,0,0,0,0,-1
0,0,7626,2,input,1310,0,0,0,0,-1
0,0,7627,2,input,1311,0,0,0,0,-1
0,0,7628,2,input,1312,0,0,0,0,-1
0,0,7629,2,input,1313,0,0,0,0,-1
0,0,7630,2,input,1314,0,0,0,0,-1
0,0,7631,2,input,1315,0,0,0,0,-1
0,0,7632,2,input,1317,0,0,0,0,-1
0,0,7633,2,input,1318,0,0,0,0,-1
0,0,7634,2,input,1319,0,0,0,0,-1
0,0,7635,2,input,1320,0,0,0,0,-1
0,0,7636,2,input,1321,0,0,0,0,-1
0,0,7637,2,input,1322,0,0,0,0,-1
0,0,7638,2,input,1323,0,0,0,0,-1
0,0,7639,2,input,1325,0,0,0,0,1
0,0,7640,2,input,1326,0,0,0,0,-1
0,0,7641,2,input,1328,0,0,0,0,-1
0,0,7642,2,input,1329,0,0,0,0,1
0,0,7643,2,input,1330,0,0,0,0,-1
0,0,7644,2,input,1331,0,0,0,0,1
0,0,7645,2,input,1332,0,0,0,0,1
0,0,7646,2,input,1333,0,0,0,0,-1
0,0,7647,2,input,1335,0,0,0,0,1
0,0,7648,2,input,1336,0,0,0,0,1
0,0,7649,2,input,1337,0,0,0,0,-1
0,0,7650,2,input,1338,0,0,0,0,-1
0,0,7651,2,input,1340,0,0,0,0,1
0,0,7652,2,input,1341,0,0,0,0,-1
0,0,7653,2,input,1342,0,0,0,0,-1
0,0,7654,2,input,1343,0,0,0,0,-1
0,0,7655,2,input,1344,0,0,0,0,-1
0,0,7656,2,input,1345,0,0,0,0,-1
0,0,7657,2,input,1346,0,0,0,0,-1
0,0,7658,2,input,1347,0,0,0,0,1
0,0,7659,2,input,1349,0,0,0,0,1
0,0,7660,2,input,1350,0,0,0,0,-1
0,0,7661,2,input,1353,0,0,0,0,-1
0,0,7662,2,input,1356,0,0,0,0,-1
0,0,7663,2,input,1357,0,0,0,0,-1
0,0,7664,2,input,1361,0,0,0,0,-1
0,0,7665,2,input,1362,0,0,0,0,-1
0,0,7666,2,input,1363,0,0,0,0,-1
0,0,7667,2,input,1364,0,0,0,0,-1
0,0,7668,2,input,1367,0,0,0,0,-1
0,0,7669,2,input,1368,0,0,0,0,1
0,0,7670,2,input,1369,0,0,0,0,-1
0,0,7671,2,input,1370,0,0,0,0,-1
0,0,7672,2,input,1371,0,0,0,0,1
0,0,7673,2,input,1372,0,0,0,0,-1
0,0,7674,2,input,1373,0,0,0,0,-1
0,0,7675,2,input,1374,0,0,0,0,1
0,0,7676,2,input,1375,0,0,0,0,-1
0,0,7677,2,input,1376,0,0,0,0,1
0,0,7678,2,input,1377,0,0,0,0,-1
0,0,7679,2,input,1378,0,0,0,0,-1
0,0,7680,2,input,1380,0,0,0,0,-1
0,0,7681,2,input,1381,0,0,0,0,1
0,0,7682,2,input,1382,0,0,0,0,-1
0,0,7683,2,input,1383,0,0,0,0,-1
0,0,7684,2,input,1385,0,0,0,0,1
0,0,7685,2,input,1386,0,0,0,0,1
0,0,7686,2,input,1388,0,0,0,0,1
0,0,7687,2,input,1389,0,0,0,0,-1
0,0,7688,2,input,1390,0,0,0,0,-1
0,0,7689,2,input,1391,0,0,0,0,-1
0,0,7690,2,input,1392,0,0,0,0,-1
0,0,7691,2,input,1395,0,0,0,0,1
0,0,7692,2,input,1396,0,0,0,0,1
0,0,7693,2,input,1397,0,0,0,0,-1
0,0,7694,2,input,1398,0,0,0,0,1
0,0,7695,2,input,1399,0,0,0,0,-1
0,0,7696,2,input,1400,0,0,0,0,-1
0,0,7697,2,input,1401,0,0,0,0,-1
0,0,7698,2,input,1402,0,0,0,0,1
0,0,7699,2,input,1403,0,0,0,0,-1
0,0,7700,2,input,1404,0,0,0,0,-1
0,0,7701,2,input,1406,0,0,0,0,-1
0,0,7702,2,input,1407,0,0,0,0,1
0,0,7703,2,input,1408,0,0,0,0,-1
0,0,7704,2,input,1410,0,0,0,0,1
0,0,7705,2,input,1411,0,0,0,0,-1
0,0,7706,2,input,1412,0,0,0,0,-1
0,0,7707,2,input,1413,0,0,0,0,-1
0,0,7708,2,input,1414,0,0,0,0,-1
0,0,7709,2,input,1415,0,0,0,0,-1
0,0,7710,2,input,1416,0,0,0,0,-1
0,0,7711,2,input,1417,0,0,0,0,-1
0,0,7712,2,input,1418,0,0,0,0,-1
0,0,7713,2,input,1420,0,0,0,0,-1
0,0,7714,2,input,1421,0,0,0,0,-1
0,0,7715,2,input,1422,0,0,0,0,-1
0,0,7716,2,input,1423,0,0,0,0,-1
0,0,7717,2,input,1424,0,0,0,0,1
0,0,7718,2,input,1425,0,0,0,0,1
0,0,7719,2,input,1426,0,0,0,0,-1
0,0,7720,2,input,1427,0,0,0,0,-1
0,0,7721,2,input,1428,0,0,0,0,-1
0,0,7722,2,input,1429,0,0,0,0,-1
0,0,7723,2,input,1430,0,0,0,0,-1
0,0,7724,2,input,1431,0,0,0,0,1
0,0,7725,2,input,1432,0,0,0,0,-1
0,0,7726,2,input,1433,0,0,0,0,-1
0,0,7727,2,input,1434,0,0,0,0,-1
0,0,7728,2,input,1436,0,0,0,0,-1
0,0,7729,2,input,1437,0,0,0,0,-1
0,0,7730,2,input,1438,0,0,0,0,-1
0,0,7731,2,input,1440,0,0,0,0,1
0,0,7732,2,input,1441,0,0,0,0,-1
0,0,7733,2,input,1442,0,0,0,0,-1
0,0,7734,2,input,1443,0,0,0,0,-1
0,0,7735,2,input,1445,0,0,0,0,-1
0,0,7736,2,input,1446,0,0,0,0,-1
0,0,7737,2,input,1448,0,0,0,0,-1
0,0,7738,2,input,1449,0,0,0,0,-1
0,0,7739,2,input,1450,0,0,0,0,-1
0,0,7740,2,input,1451,0,0,0,0,-1
0,0,7741,2,input,1452,0,0,0,0,-1
0,0,7742,2,input,1453,0,0,0,0,1
0,0,7743,2,input,1454,0,0,0,0,-1
0,0,7744,2,input,1455,0,0,0,0,-1
0,0,7745,2,input,1456,0,0,0,0,-1
0,0,7746,2,input,1461,0,0,0,0,-1
0,0,7747,2,input,1462,0,0,0,0,-1
0,0,7748,2,input,1463,0,0,0,0,-1
0,0,7749,2,input,1465,0,0,0,0,1
0,0,7750,2,input,1466,0,0,0,0,-1
0,0,7751,2,input,1467,0,0,0,0,1
0,0,7752,2,input,1468,0,0,0,0,-1
0,0,7753,2,input,1469,0,0,0,0,-1
0,0,7754,2,input,1470,0,0,0,0,1
0,0,7755,2,input,1471,0,0,0,0,-1
0,0,7756,2,input,1473,0,0,0,0,-1
0,0,7757,2,input,1474,0,0,0,0,-1
0,0,7758,2,input,1476,0,0,0,0,-1
0,0,7759,2,input,1478,0,0,0,0,-1
0,0,7760,2,input,1479,0,0,0,0,1
0,0,7761,2,input,1481,0,0,0,0,-1
0,0,7762,2,input,1482,0,0,0,0,-1
0,0,7763,2,input,1484,0,0,0,0,-1
0,0,7764,2,input,1485,0,0,0,0,-1
0,0,7765,2,input,1486,0,0,0,0,-1
0,0,7766,2,input,1487,0,0,0,0,1
0,0,7767,2,input,1488,0,0,0,0,-1
0,0,7768,2,input,1489,0,0,0,0,-1
0,0,7769,2,input,1491,0,0,0,0,-1
0,0,7770,2,input,1493,0,0,0,0,-1
0,0,7771,2,input,1494,0,0,0,0,-1
0,0,7772,2,input,1497,0,0,0,0,-1
0,0,7773,2,input,1500,0,0,0,0,-1
0,0,7774,2,input,1501,0,0,0,0,-1
0,0,7775,2,input,1502,0,0,0,0,-1
0,0,7776,2,input,1503,0,0,0,0,1
0,0,7777,2,input,1505,0,0,0,0,-1
0,0,7778,2,input,1509,0,0,0,0,-1
0,0,7779,2,input,1510,0,0,0,0,-1
0,0,7780,2,input,1511,0,0,0,0,-1
0,0,7781,2,input,1512,0,0,0,0,1
0,0,7782,2,input,1513,0,0,0,0,-1
0,0,7783,2,input,1514,0,0,0,0,1
0,0,7784,2,input,1515,0,0,0,0,-1
0,0,7785,2,input,1517,0,0,0,0,-1
0,0,7786,2,input,1518,0,0,0,0,-1
0,0,7787,2,input,1519,0,0,0,0,-1
0,0,7788,2,input,1520,0,0,0,0,-1
0,0,7789,2,input,1522,0,0,0,0,-1
0,0,7790,2,input,1523,0,0,0,0,1
0,0,7791,2,input,1524,0,0,0,0,1
0,0,7792,2,input,1525,0,0,0,0,-1
0,0,7793,2,input,1526,0,0,0,0,-1
0,0,7794,2,input,1527,0,0,0,0,-1
0,0,7795,2,input,1528,0,0,0,0,-1
0,0,7796,2,input,1529,0,0,0,0,-1
0,0,7797,2,input,1531,0,0,0,0,-1
0,0,7798,2,input,1532,0,0,0,0,1
0,0,7799,2,input,1533,0,0,0,0,-1
0,0,7800,2,input,1534,0,0,0,0,-1
0,0,7801,2,input,1535,0,0,0,0,1
0,0,7802,2,input,1536,0,0,0,0,-1
0,0,7803,2,input,1537,0,0,0,0,-1
0,0,7804,2,input,1538,0,0,0,0,1
0,0,7805,2,input,1540,0,0,0,0,-1
0,0,7806,2,input,1541,0,0,0,0,1
0,0,7807,2,input,1542,0,0,0,0,-1
0,0,7808,2,input,1543,0,0,0,0,-1
0,0,7809,2,input,1544,0,0,0,0,1
0,0,7810,2,input,1545,0,0,0,0,-1
0,0,7811,2,input,1548,0,0,0,0,1
0,0,7812,2,input,1550,0,0,0,0,-1
0,0,7813,2,input,1552,0,0,0,0,-1
0,0,7814,2,input,1554,0,0,0,0,-1
0,0,7815,2,input,1555,0,0,0,0,-1
0,0,7816,2,input,1556,0,0,0,0,-1
0,0,7817,2,input,1558,0,0,0,0,-1
0,0,7818,2,input,1559,0,0,0,0,1
0,0,7819,2,input,1561,0,0,0,0,-1
0,0,7820,2,input,1562,0,0,0,0,1
0,0,7821,2,input,1563,0,0,0,0,-1
0,0,7822,2,input,1564,0,0,0,0,-1
0,0,7823,2,input,1565,0,0,0,0,-1
0,0,7824,2,input,1566,0,0,0,0,-1
0,0,7825,2,input,1567,0,0,0,0,-1
0,0,7826,2,input,1568,0,0,0,0,-1
0,0,7827,2,input,1571,0,0,0,0,-1
0,0,7828,2,input,1573,0,0,0,0,-1
0,0,7829,2,input,1574,0,0,0,0,-1
0,0,7830,2,input,1577,0,0,0,0,-1
0,0,7831,2,input,1579,0,0,0,0,-1
0,0,7832,2,input,1581,0,0,0,0,1
0,0,7833,2,input,1583,0,0,0,0,1
0,0,7834,2,input,1584,0,0,0,0,-1
0,0,7835,2,input,1585,0,0,0,0,-1
0,0,7836,2,input,1586,0,0,0,0,-1
0,0,7837,2,input,1588,0,0,0,0,-1
0,0,7838,2,input,1589,0,0,0,0,-1
0,0,7839,2,input,1590,0,0,0,0,-1
0,0,7840,2,input,1591,0,0,0,0,-1
0,0,7841,2,input,1592,0,0,0,0,-1
0,0,7842,2,input,1593,0,0,0,0,1
0,0,7843,2,input,1596,0,0,0,0,-1
0,0,7844,2,input,1597,0,0,0,0,-1
0,0,7845,2,input,1598,0,0,0,0,-1
0,0,7846,2,input,1599,0,0,0,0,-1
0,0,7847,2,input,1600,0,0,0,0,-1
0,0,7848,2,input,1604,0,0,0,0,-1
0,0,7849,2,input,1605,0,0,0,0,-1
0,0,7850,2,input,1606,0,0,0,0,-1
0,0,7851,2,input,1607,0,0,0,0,-1
0,0,7852,2,input,1608,0,0,0,0,1
0,0,7853,2,input,1609,0,0,0,0,-1
0,0,7854,2,input,1610,0,0,0,0,-1
0,0,7855,2,input,1613,0,0,0,0,-1
0,0,7856,2,input,1614,0,0,0,0,-1
0,0,7857,2,input,1616,0,0,0,0,-1
0,0,7858,2,input,1617,0,0,0,0,-1
0,0,7859,2,input,1618,0,0,0,0,-1
0,0,7860,2,input,1619,0,0,0,0,-1
0,0,7861,2,input,1620,0,0,0,0,-1
0,0,7862,2,input,1621,0,0,0,0,-1
0,0,7863,2,input,1623,0,0,0,0,-1
0,0,7864,2,input,1624,0,0,0,0,-1
0,0,7865,2,input,1625,0,0,0,0,1
0,0,7866,2,input,1626,0,0,0,0,-1
0,0,7867,2,input,1627,0,0,0,0,-1
0,0,7868,2,input,1628,0,0,0,0,-1
0,0,7869,2,input,1629,0,0,0,0,-1
0,0,7870,2,input,1630,0,0,0,0,-1
0,0,7871,2,input,1631,0,0,0,0,-1
0,0,7872,2,input,1632,0,0,0,0,-1
0,0,7873,2,input,1633,0,0,0,0,-1
0,0,7874,2,input,1635,0,0,0,0,-1
0,0,7875,2,input,1636,0,0,0,0,-1
0,0,7876,2,input,1637,0,0,0,0,-1
0,0,7877,2,input,1638,0,0,0,0,1
0,0,7878,2,input,1639,0,0,0,0,-1
0,0,7879,2,input,1640,0,0,0,0,-1
0,0,7880,2,input,1641,0,0,0,0,-1
0,0,7881,2,input,1642,0,0,0,0,-1
0,0,7882,2,input,1643,0,0,0,0,-1
0,0,7883,2,input,1644,0,0,0,0,-1
0,0,7884,2,input,1645,0,0,0,0,-1
0,0,7885,2,input,1647,0,0,0,0,-1
0,0,7886,2,input,1648,0,0,0,0,-1
0,0,7887,2,input,1649,0,0,0,0,-1
0,0,7888,2,input,1650,0,0,0,0,-1
0,0,7889,2,input,1651,0,0,0,0,-1
0,0,7890,2,input,1653,0,0,0,0,-1
0,0,7891,2,input,1654,0,0,0,0,-1
0,0,7892,2,input,1655,0,0,0,0,-1
0,0,7893,2,input,1656,0,0,0,0,-1
0,0,7894,2,input,1657,0,0,0,0,-1
0,0,7895,2,input,1659,0,0,0,0,-1
0,0,7896,2,input,1660,0,0,0,0,-1
0,0,7897,2,input,1661,0,0,0,0,-1
0,0,7898,2,input,1663,0,0,0,0,-1
0,0,7899,2,input,1666,0,0,0,0,-1
0,0,7900,2,input,1670,0,0,0,0,-1
0,0,7901,2,input,1671,0,0,0,0,-1
0,0,7902,2,input,1673,0,0,0,0,-1
0,0,7903,2,input,1674,0,0,0,0,-1
0,0,7904,2,input,1675,0,0,0,0,-1
0,0,7905,2,input,1676,0,0,0,0,-1
0,0,7906,2,input,1677,0,0,0,0,-1
0,0,7907,2,input,1680,0,0,0,0,1
0,0,7908,2,input,1681,0,0,0,0,-1
0,0,7909,2,input,1683,0,0,0,0,-1
0,0,7910,2,input,1686,0,0,0,0,-1
0,0,7911,2,input,1687,0,0,0,0,1
0,0,7912,2,input,1689,0,0,0,0,-1
0,0,7913,2,input,1690,0,0,0,0,-1
0,0,7914,2,input,1691,0,0,0,0,-1
0,0,7915,2,input,1692,0,0,0,0,-1
0,0,7916,2,input,1695,0,0,0,0,-1
0,0,7917,2,input,1696,0,0,0,0,-1
0,0,7918,2,input,1697,0,0,0,0,-1
0,0,7919,2,input,1698,0,0,0,0,1
0,0,7920,2,input,1700,0,0,0,0,-1
0,0,7921,2,input,1701,0,0,0,0,-1
0,0,7922,2,input,1702,0,0,0,0,-1
0,0,7923,2,input,1705,0,0,0,0,-1
0,0,7924,2,input,1706,0,0,0,0,-1
0,0,7925,2,input,1709,0,0,0,0,1
0,0,7926,2,input,1710,0,0,0,0,1
0,0,7927,2,input,1711,0,0,0,0,-1
0,0,7928,2,input,1712,0,0,0,0,-1
0,0,7929,2,input,1713,0,0,0,0,-1
0,0,7930,2,input,1714,0,0,0,0,-1
0,0,7931,2,input,1716,0,0,0,0,-1
0,0,7932,2,input,1717,0,0,0,0,-1
0,0,7933,2,input,1718,0,0,0,0,-1
0,0,7934,2,input,1722,0,0,0,0,-1
0,0,7935,2,input,1723,0,0,0,0,-1
0,0,7936,2,input,1725,0,0,0,0,-1
0,0,7937,2,input,1726,0,0,0,0,-1
0,0,7938,2,input,1727,0,0,0,0,-1
0,0,7939,2,input,1728,0,0,0,0,-1
0,0,7940,2,input,1729,0,0,0,0,-1
0,0,7941,2,input,1730,0,0,0,0,-1
0,0,7942,2,input,1731,0,0,0,0,1
0,0,7943,2,input,1732,0,0,0,0,-1
0,0,7944,2,input,1733,0,0,0,0,-1
0,0,7945,2,input,1737,0,0,0,0,-1
0,0,7946,2,input,1739,0,0,0,0,-1
0,0,7947,2,input,1740,0,0,0,0,1
0,0,7948,2,input,1742,0,0,0,0,-1
0,0,7949,2,input,1743,0,0,0,0,-1
0,0,7950,2,input,1745,0,0,0,0,-1
0,0,7951,2,input,1748,0,0,0,0,-1
0,0,7952,2,input,1750,0,0,0,0,-1
0,0,7953,2,input,1751,0,0,0,0,-1
0,0,7954,2,input,1752,0,0,0,0,-1
0,0,7955,2,input,1753,0,0,0,0,-1
0,0,7956,2,input,1754,0,0,0,0,-1
0,0,7957,2,input,1755,0,0,0,0,-1
0,0,7958,2,input,1756,0,0,0,0,-1
0,0,7959,2,input,1758,0,0,0,0,-1
0,0,7960,2,input,1759,0,0,0,0,-1
0,0,7961,2,input,1760,0,0,0,0,-1
0,0,7962,2,input,1761,0,0,0,0,-1
0,0,7963,2,input,1763,0,0,0,0,-1
0,0,7964,2,input,1764,0,0,0,0,-1
0,0,7965,2,input,1766,0,0,0,0,-1
0,0,7966,2,input,1767,0,0,0,0,-1
0,0,7967,2,input,1768,0,0,0,0,-1
0,0,7968,2,input,1769,0,0,0,0,-1
0,0,7969,2,input,1770,0,0,0,0,-1
0,0,7970,2,input,1771,0,0,0,0,1
0,0,7971,2,input,1772,0,0,0,0,-1
0,0,7972,2,input,1773,0,0,0,0,-1
0,0,7973,2,input,1775,0,0,0,0,-1
0,0,7974,2,input,1777,0,0,0,0,-1
0,0,7975,2,input,1778,0,0,0,0,-1
0,0,7976,2,input,1779,0,0,0,0,-1
0,0,7977,2,input,1781,0,0,0,0,-1
0,0,7978,2,input,1782,0,0,0,0,-1
0,0,7979,2,input,1784,0,0,0,0,-1
0,0,7980,2,input,1786,0,0,0,0,-1
0,0,7981,2,input,1787,0,0,0,0,-1
0,0,7982,2,input,1788,0,0,0,0,-1
0,0,7983,2,input,1789,0,0,0,0,-1
0,0,7984,2,input,1790,0,0,0,0,-1
0,0,7985,2,input,1791,0,0,0,0,-1
0,0,7986,2,input,1792,0,0,0,0,-1
0,0,7987,2,input,1797,0,0,0,0,-1
0,0,7988,2,input,1799,0,0,0,0,-1
0,0,7989,2,input,1800,0,0,0,0,-1
0,0,7990,2,input,1801,0,0,0,0,-1
0,0,7991,2,input,1802,0,0,0,0,-1
0,0,7992,2,input,1803,0,0,0,0,1
0,0,7993,2,input,1804,0,0,0,0,-1
0,0,7994,2,input,1805,0,0,0,0,-1
0,0,7995,2,input,1806,0,0,0,0,-1
0,0,7996,2,input,1807,0,0,0,0,-1
0,0,7997,2,input,1808,0,0,0,0,1
0,0,7998,2,input,1810,0,0,0,0,-1
0,0,7999,2,input,1811,0,0,0,0,-1
0,0,8000,2,input,1812,0,0,0,0,-1
0,0,8001,2,input,1813,0,0,0,0,-1
0,0,8002,2,input,1814,0,0,0,0,-1
0,0,8003,2,input,1815,0,0,0,0,1
0,0,8004,2,input,1816,0,0,0,0,1
0,0,8005,2,input,1818,0,0,0,0,-1
0,0,8006,2,input,1819,0,0,0,0,-1
0,0,8007,2,input,1820,0,0,0,0,-1
0,0,8008,2,input,1821,0,0,0,0,-1
0,0,8009,2,input,1823,0,0,0,0,-1
0,0,8010,2,input,1825,0,0,0,0,-1
0,0,8011,2,input,1827,0,0,0,0,-1
0,0,8012,2,input,1828,0,0,0,0,-1
0,0,8013,2,input,1829,0,0,0,0,-1
0,0,8014,2,input,1830,0,0,0,0,-1
0,0,8015,2,input,1831,0,0,0,0,1
0,0,8016,2,input,1832,0,0,0,0,-1
0,0,8017,2,input,1833,0,0,0,0,-1
0,0,8018,2,input,1834,0,0,0,0,-1
0,0,8019,2,input,1836,0,0,0,0,-1
0,0,8020,2,input,1837,0,0,0,0,-1
0,0,8021,2,input,1838,0,0,0,0,1
0,0,8022,2,input,1839,0,0,0,0,-1
0,0,8023,2,input,1840,0,0,0,0,-1
0,0,8024,2,input,1841,0,0,0,0,-1
0,0,8025,2,input,1844,0,0,0,0,-1
0,0,8026,2,input,1845,0,0,0,0,-1
0,0,8027,2,input,1846,0,0,0,0,-1
0,0,8028,2,input,1847,0,0,0,0,-1
0,0,8029,2,input,1849,0,0,0,0,-1
0,0,8030,2,input,1850,0,0,0,0,-1
0,0,8031,2,input,1852,0,0,0,0,-1
0,0,8032,2,input,1854,0,0,0,0,-1
0,0,8033,2,input,1855,0,0,0,0,-1
0,0,8034,2,input,1856,0,0,0,0,-1
0,0,8035,2,input,1857,0,0,0,0,-1
0,0,8036,2,input,1858,0,0,0,0,-1
0,0,8037,2,input,1859,0,0,0,0,-1
0,0,8038,2,input,1860,0,0,0,0,-1
0,0,8039,2,input,1861,0,0,0,0,-1
0,0,8040,2,input,1862,0,0,0,0,-1
0,0,8041,2,input,1863,0,0,0,0,1
0,0,8042,2,input,1864,0,0,0,0,1
0,0,8043,2,input,1865,0,0,0,0,-1
0,0,8044,2,input,1868,0,0,0,0,-1
0,0,8045,2,input,1869,0,0,0,0,-1
0,0,8046,2,input,1870,0,0,0,0,-1
0,0,8047,2,input,1871,0,0,0,0,-1
0,0,8048,2,input,1872,0,0,0,0,-1
0,0,8049,2,input,1873,0,0,0,0,-1
0,0,8050,2,input,1874,0,0,0,0,-1
0,0,8051,2,input,1875,0,0,0,0,-1
0,0,8052,2,input,1876,0,0,0,0,-1
0,0,8053,2,input,1878,0,0,0,0,-1
0,0,8054,2,input,1879,0,0,0,0,-1
0,0,8055,2,input,1881,0,0,0,0,-1
0,0,8056,2,input,1882,0,0,0,0,-1
0,0,8057,2,input,1883,0,0,0,0,-1
0,0,8058,2,input,1884,0,0,0,0,-1
0,0,8059,2,input,1885,0,0,0,0,-1
0,0,8060,2,input,1886,0,0,0,0,-1
0,0,8061,2,input,1887,0,0,0,0,-1
0,0,8062,2,input,1888,0,0,0,0,-1
0,0,8063,2,input,1889,0,0,0,0,-1
0,0,8064,2,input,1891,0,0,0,0,-1
0,0,8065,2,input,1892,0,0,0,0,-1
0,0,8066,2,input,1893,0,0,0,0,-1
0,0,8067,2,input,1896,0,0,0,0,-1
0,0,8068,2,input,1897,0,0,0,0,-1
0,0,8069,2,input,1898,0,0,0,0,-1
0,0,8070,2,input,1899,0,0,0,0,-1
0,0,8071,2,input,1900,0,0,0,0,-1
0,0,8072,2,input,1901,0,0,0,0,-1
0,0,8073,2,input,1902,0,0,0,0,-1
0,0,8074,2,input,1903,0,0,0,0,-1
0,0,8075,2,input,1904,0,0,0,0,-1
0,0,8076,2,input,1905,0,0,0,0,-1
0,0,8077,2,input,1906,0,0,0,0,-1
0,0,8078,2,input,1907,0,0,0,0,-1
0,0,8079,2,input,1909,0,0,0,0,-1
0,0,8080,2,input,1910,0,0,0,0,-1
0,0,8081,2,input,1911,0,0,0,0,-1
0,0,8082,2,input,1912,0,0,0,0,-1
0,0,8083,2,input,1913,0,0,0,0,-1
0,0,8084,2,input,1915,0,0,0,0,-1
0,0,8085,2,input,1917,0,0,0,0,-1
0,0,8086,2,input,1918,0,0,0,0,-1
0,0,8087,2,input,1919,0,0,0,0,-1
0,0,8088,2,input,1921,0,0,0,0,-1
0,0,8089,2,input,1923,0,0,0,0,-1
0,0,8090,2,input,1925,0,0,0,0,-1
0,0,8091,2,input,1927,0,0,0,0,-1
0,0,8092,2,input,1928,0,0,0,0,-1
0,0,8093,2,input,1929,0,0,0,0,-1
0,0,8094,2,input,1930,0,0,0,0,-1
0,0,8095,2,input,1931,0,0,0,0,1
0,0,8096,2,input,1933,0,0,0,0,-1
0,0,8097,2,input,1934,0,0,0,0,-1
0,0,8098,2,input,1936,0,0,0,0,-1
0,0,8099,2,input,1938,0,0,0,0,-1
0,0,8100,2,input,1939,0,0,0,0,-1
0,0,8101,2,input,1940,0,0,0,0,-1
0,0,8102,2,input,1941,0,0,0,0,-1
0,0,8103,2,input,1942,0,0,0,0,-1
0,0,8104,2,input,1943,0,0,0,0,1
0,0,8105,2,input,1944,0,0,0,0,-1
0,0,8106,2,input,1946,0,0,0,0,-1
0,0,8107,2,input,1947,0,0,0,0,-1
0,0,8108,2,input,1948,0,0,0,0,-1
0,0,8109,2,input,1949,0,0,0,0,-1
0,0,8110,2,input,1950,0,0,0,0,-1
0,0,8111,2,input,1951,0,0,0,0,-1
0,0,8112,2,input,1952,0,0,0,0,-1
0,0,8113,2,input,1955,0,0,0,0,-1
0,0,8114,2,input,1956,0,0,0,0,1
0,0,8115,2,input,1957,0,0,0,0,-1
0,0,8116,2,input,1958,0,0,0,0,-1
0,0,8117,2,input,1959,0,0,0,0,-1
0,0,8118,2,input,1960,0,0,0,0,-1
0,0,8119,2,input,1961,0,0,0,0,-1
0,0,8120,2,input,1962,0,0,0,0,-1
0,0,8121,2,input,1963,0,0,0,0,-1
0,0,8122,2,input,1964,0,0,0,0,-1
0,0,8123,2,input,1965,0,0,0,0,-1
0,0,8124,2,input,1966,0,0,0,0,-1
0,0,8125,2,input,1967,0,0,0,0,-1
0,0,8126,2,input,1968,0,0,0,0,-1
0,0,8127,2,input,1969,0,0,0,0,1
0,0,8128,2,input,1970,0,0,0,0,-1
0,0,8129,2,input,1972,0,0,0,0,1
0,0,8130,2,input,1974,0,0,0,0,-1
0,0,8131,2,input,1975,0,0,0,0,1
0,0,8132,2,input,1976,0,0,0,0,1
0,0,8133,2,input,1977,0,0,0,0,-1
0,0,8134,2,input,1980,0,0,0,0,-1
0,0,8135,2,input,1981,0,0,0,0,-1
0,0,8136,2,input,1982,0,0,0,0,-1
0,0,8137,2,input,1983,0,0,0,0,-1
0,0,8138,2,input,1985,0,0,0,0,-1
0,0,8139,2,input,1986,0,0,0,0,-1
0,0,8140,2,input,1988,0,0,0,0,-1
0,0,8141,2,input,1989,0,0,0,0,-1
0,0,8142,2,input,1990,0,0,0,0,-1
0,0,8143,2,input,1991,0,0,0,0,-1
0,0,8144,2,input,1993,0,0,0,0,-1
0,0,8145,2,input,1994,0,0,0,0,-1
0,0,8146,2,input,1995,0,0,0,0,1
0,0,8147,2,input,1996,0,0,0,0,-1
0,0,8148,2,input,1997,0,0,0,0,-1
0,0,8149,2,input,1998,0,0,0,0,-1
0,0,8150,2,input,1999,0,0,0,0,-1
0,0,8151,2,input,2000,0,0,0,0,-1
0,0,8152,2,input,2001,0,0,0,0,-1
0,0,8153,2,input,2003,0,0,0,0,-1
0,0,8154,2,input,2005,0,0,0,0,-1
0,0,8155,2,input,2007,0,0,0,0,-1
0,0,8156,2,input,2010,0,0,0,0,1
0,0,8157,2,input,2011,0,0,0,0,-1
0,0,8158,2,input,2012,0,0,0,0,-1
0,0,8159,2,input,2013,0,0,0,0,-1
0,0,8160,2,input,2014,0,0,0,0,1
0,0,8161,2,input,2015,0,0,0,0,-1
0,0,8162,2,input,2017,0,0,0,0,-1
0,0,8163,2,input,2020,0,0,0,0,-1
0,0,8164,2,input,2021,0,0,0,0,-1
0,0,8165,2,input,2022,0,0,0,0,-1
0,0,8166,2,input,2025,0,0,0,0,-1
0,0,8167,2,input,2027,0,0,0,0,-1
0,0,8168,2,input,2028,0,0,0,0,-1
0,0,8169,2,input,2029,0,0,0,0,-1
0,0,8170,2,input,2031,0,0,0,0,-1
0,0,8171,2,input,2032,0,0,0,0,-1
0,0,8172,2,input,2033,0,0,0,0,-1
0,0,8173,2,input,2034,0,0,0,0,1
0,0,8174,2,input,2035,0,0,0,0,-1
0,0,8175,2,input,2036,0,0,0,0,1
0,0,8176,2,input,2037,0,0,0,0,1
0,0,8177,2,input,2038,0,0,0,0,-1
0,0,8178,2,input,2039,0,0,0,0,1
0,0,8179,2,input,2040,0,0,0,0,-1
0,0,8180,2,input,2041,0,0,0,0,-1
0,0,8181,2,input,2042,0,0,0,0,1
0,0,8182,2,input,2043,0,0,0,0,-1
0,0,8183,2,input,2045,0,0,0,0,-1
0,0,8184,2,input,2046,0,0,0,0,-1
0,0,8185,2,input,2047,0,0,0,0,1
0,0,8186,2,input,2048,0,0,0,0,1
0,0,8187,2,input,2049,0,0,0,0,-1
0,0,8188,2,input,2051,0,0,0,0,-1
0,0,8189,2,input,2052,0,0,0,0,-1
0,0,8190,2,input,2053,0,0,0,0,-1
0,0,8191,2,input,2054,0,0,0,0,1
0,0,8192,2,input,2055,0,0,0,0,-1
0,0,8193,2,input,2056,0,0,0,0,-1
0,0,8194,2,input,2057,0,0,0,0,-1
0,0,8195,2,input,2058,0,0,0,0,-1
0,0,8196,2,input,2060,0,0,0,0,-1
0,0,8197,2,input,2061,0,0,0,0,-1
0,0,8198,2,input,2062,0,0,0,0,-1
0,0,8199,2,input,2064,0,0,0,0,-1
0,0,8200,2,input,2065,0,0,0,0,-1
0,0,8201,2,input,2066,0,0,0,0,-1
0,0,8202,2,input,2068,0,0,0,0,-1
0,0,8203,2,input,2070,0,0,0,0,-1
0,0,8204,2,input,2071,0,0,0,0,-1
0,0,8205,2,input,2072,0,0,0,0,-1
0,0,8206,2,input,2073,0,0,0,0,-1
0,0,8207,2,input,2074,0,0,0,0,1
0,0,8208,2,input,2075,0,0,0,0,-1
0,0,8209,2,input,2076,0,0,0,0,-1
0,0,8210,2,input,2077,0,0,0,0,1
0,0,8211,2,input,2079,0,0,0,0,1
0,0,8212,2,input,2080,0,0,0,0,-1
0,0,8213,2,input,2081,0,0,0,0,-1
0,0,8214,2,input,2082,0,0,0,0,1
0,0,8215,2,input,2084,0,0,0,0,-1
0,0,8216,2,input,2085,0,0,0,0,-1
0,0,8217,2,input,2086,0,0,0,0,1
0,0,8218,2,input,2087,0,0,0,0,1
0,0,8219,2,input,2088,0,0,0,0,1
0,0,8220,2,input,2089,0,0,0,0,-1
0,0,8221,2,input,2090,0,0,0,0,1
0,0,8222,2,input,2092,0,0,0,0,-1
0,0,8223,2,input,2093,0,0,0,0,-1
0,0,8224,2,input,2094,0,0,0,0,1
0,0,8225,2,input,2095,0,0,0,0,1
0,0,8226,2,input,2096,0,0,0,0,-1
0,0,8227,2,input,2097,0,0,0,0,1
0,0,8228,2,input,2098,0,0,0,0,-1
0,0,8229,2,input,2099,0,0,0,0,-1
0,0,8230,2,input,2100,0,0,0,0,-1
0,0,8231,2,input,2101,0,0,0,0,-1
0,0,8232,2,input,2103,0,0,0,0,-1
0,0,8233,2,input,2104,0,0,0,0,-1
0,0,8234,2,input,2105,0,0,0,0,1
0,0,8235,2,input,2106,0,0,0,0,-1
0,0,8236,2,input,2107,0,0,0,0,-1
0,0,8237,2,input,2108,0,0,0,0,-1
0,0,8238,2,input,2109,0,0,0,0,-1
0,0,8239,2,input,2110,0,0,0,0,-1
0,0,8240,2,input,2111,0,0,0,0,-1
0,0,8241,2,input,2112,0,0,0,0,-1
0,0,8242,2,input,2113,0,0,0,0,1
0,0,8243,2,input,2115,0,0,0,0,-1
0,0,8244,2,input,2116,0,0,0,0,1
0,0,8245,2,input,2119,0,0,0,0,-1
0,0,8246,2,input,2120,0,0,0,0,-1
0,0,8247,2,input,2121,0,0,0,0,-1
0,0,8248,2,input,2123,0,0,0,0,-1
0,0,8249,2,input,2124,0,0,0,0,-1
0,0,8250,2,input,2125,0,0,0,0,1
0,0,8251,2,input,2126,0,0,0,0,-1
0,0,8252,2,input,2127,0,0,0,0,-1
0,0,8253,2,input,2128,0,0,0,0,1
0,0,8254,2,input,2130,0,0,0,0,-1
0,0,8255,2,input,2131,0,0,0,0,-1
0,0,8256,2,input,2132,0,0,0,0,-1
0,0,8257,2,input,2133,0,0,0,0,-1
0,0,8258,2,input,2134,0,0,0,0,-1
0,0,8259,2,input,2135,0,0,0,0,-1
0,0,8260,2,input,2136,0,0,0,0,-1
0,0,8261,2,input,2138,0,0,0,0,-1
0,0,8262,2,input,2140,0,0,0,0,-1
0,0,8263,2,input,2141,0,0,0,0,1
0,0,8264,2,input,2142,0,0,0,0,-1
0,0,8265,2,input,2143,0,0,0,0,-1
0,0,8266,2,input,2144,0,0,0,0,-1
0,0,8267,2,input,2145,0,0,0,0,-1
0,0,8268,2,input,2146,0,0,0,0,1
0,0,8269,2,input,2147,0,0,0,0,-1
0,0,8270,2,input,2148,0,0,0,0,-1
0,0,8271,2,input,2152,0,0,0,0,-1
0,0,8272,2,input,2154,0,0,0,0,-1
0,0,8273,2,input,2155,0,0,0,0,1
0,0,8274,2,input,2157,0,0,0,0,-1
0,0,8275,2,input,2158,0,0,0,0,1
0,0,8276,2,input,2159,0,0,0,0,-1
0,0,8277,2,input,2161,0,0,0,0,-1
0,0,8278,2,input,2162,0,0,0,0,-1
0,0,8279,2,input,2163,0,0,0,0,-1
0,0,8280,2,input,2164,0,0,0,0,-1
0,0,8281,2,input,2165,0,0,0,0,-1
0,0,8282,2,input,2166,0,0,0,0,-1
0,0,8283,2,input,2167,0,0,0,0,-1
0,0,8284,2,input,2168,0,0,0,0,-1
0,0,8285,2,input,2169,0,0,0,0,1
0,0,8286,2,input,2172,0,0,0,0,1
0,0,8287,2,input,2173,0,0,0,0,1
0,0,8288,2,input,2174,0,0,0,0,1
0,0,8289,2,input,2176,0,0,0,0,-1
0,0,8290,2,input,2178,0,0,0,0,-1
0,0,8291,2,input,2179,0,0,0,0,-1
0,0,8292,2,input,2180,0,0,0,0,-1
0,0,8293,2,input,2183,0,0,0,0,-1
0,0,8294,2,input,2184,0,0,0,0,-1
0,0,8295,2,input,2185,0,0,0,0,-1
0,0,8296,2,input,2186,0,0,0,0,-1
0,0,8297,2,input,2187,0,0,0,0,-1
0,0,8298,2,input,2188,0,0,0,0,-1
0,0,8299,2,input,2189,0,0,0,0,-1
0,0,8300,2,input,2190,0,0,0,0,-1
0,0,8301,2,input,2191,0,0,0,0,-1
0,0,8302,2,input,2192,0,0,0,0,1
0,0,8303,2,input,2193,0,0,0,0,1
0,0,8304,2,input,2194,0,0,0,0,-1
0,0,8305,2,input,2197,0,0,0,0,-1
0,0,8306,2,input,2198,0,0,0,0,-1
0,0,8307,2,input,2199,0,0,0,0,1
0,0,8308,2,input,2201,0,0,0,0,-1
0,0,8309,2,input,2204,0,0,0,0,-1
0,0,8310,2,input,2205,0,0,0,0,1
0,0,8311,2,input,2208,0,0,0,0,-1
0,0,8312,2,input,2209,0,0,0,0,-1
0,0,8313,2,input,2210,0,0,0,0,-1
0,0,8314,2,input,2213,0,0,0,0,-1
0,0,8315,2,input,2214,0,0,0,0,-1
0,0,8316,2,input,2215,0,0,0,0,-1
0,0,8317,2,input,2216,0,0,0,0,-1
0,0,8318,2,input,2217,0,0,0,0,-1
0,0,8319,2,input,2218,0,0,0,0,-1
0,0,8320,2,input,2219,0,0,0,0,-1
0,0,8321,2,input,2220,0,0,0,0,-1
0,0,8322,2,input,2221,0,0,0,0,1
0,0,8323,2,input,2222,0,0,0,0,1
0,0,8324,2,input,2224,0,0,0,0,-1
0,0,8325,2,input,2225,0,0,0,0,1
0,0,8326,2,input,2226,0,0,0,0,-1
0,0,8327,2,input,2229,0,0,0,0,-1
0,0,8328,2,input,2230,0,0,0,0,-1
0,0,8329,2,input,2232,0,0,0,0,1
0,0,8330,2,input,2233,0,0,0,0,-1
0,0,8331,2,input,2234,0,0,0,0,-1
0,0,8332,2,input,2237,0,0,0,0,-1
0,0,8333,2,input,2238,0,0,0,0,-1
0,0,8334,2,input,2239,0,0,0,0,-1
0,0,8335,2,input,2240,0,0,0,0,-1
0,0,8336,2,input,2242,0,0,0,0,-1
0,0,8337,2,input,2243,0,0,0,0,1
0,0,8338,2,input,2244,0,0,0,0,-1
0,0,8339,2,input,2246,0,0,0,0,-1
0,0,8340,2,input,2249,0,0,0,0,-1
0,0,8341,2,input,2252,0,0,0,0,-1
0,0,8342,2,input,2253,0,0,0,0,-1
0,0,8343,2,input,2255,0,0,0,0,-1
0,0,8344,2,input,2258,0,0,0,0,-1
0,0,8345,2,input,2259,0,0,0,0,-1
0,0,8346,2,input,2261,0,0,0,0,-1
0,0,8347,2,input,2263,0,0,0,0,-1
0,0,8348,2,input,2264,0,0,0,0,-1
0,0,8349,2,input,2265,0,0,0,0,-1
0,0,8350,2,input,2266,0,0,0,0,-1
0,0,8351,2,input,2268,0,0,0,0,-1
0,0,8352,2,input,2269,0,0,0,0,-1
0,0,8353,2,input,2270,0,0,0,0,1
0,0,8354,2,input,2273,0,0,0,0,-1
0,0,8355,2,input,2276,0,0,0,0,-1
0,0,8356,2,input,2278,0,0,0,0,-1
0,0,8357,2,input,2279,0,0,0,0,1
0,0,8358,2,input,2280,0,0,0,0,-1
0,0,8359,2,input,2282,0,0,0,0,1
0,0,8360,2,input,2285,0,0,0,0,-1
0,0,8361,2,input,2287,0,0,0,0,-1
0,0,8362,2,input,2288,0,0,0,0,-1
0,0,8363,2,input,2290,0,0,0,0,-1
0,0,8364,2,input,2291,0,0,0,0,1
0,0,8365,2,input,2292,0,0,0,0,1
0,0,8366,2,input,2293,0,0,0,0,-1
0,0,8367,2,input,2295,0,0,0,0,-1
0,0,8368,2,input,2296,0,0,0,0,-1
0,0,8369,2,input,2297,0,0,0,0,-1
0,0,8370,2,input,2298,0,0,0,0,1
0,0,8371,2,input,2299,0,0,0,0,-1
0,0,8372,2,input,2301,0,0,0,0,-1
0,0,8373,2,input,2302,0,0,0,0,-1
0,0,8374,2,input,2303,0,0,0,0,1
0,0,8375,2,input,2304,0,0,0,0,1
0,0,8376,2,input,2305,0,0,0,0,-1
0,0,8377,2,input,2306,0,0,0,0,1
0,0,8378,2,input,2307,0,0,0,0,-1
0,0,8379,2,input,2308,0,0,0,0,1
0,0,8380,2,input,2309,0,0,0,0,-1
0,0,8381,2,input,2310,0,0,0,0,-1
0,0,8382,2,input,2312,0,0,0,0,-1
0,0,8383,2,input,2313,0,0,0,0,-1
0,0,8384,2,input,2314,0,0,0,0,-1
0,0,8385,2,input,2315,0,0,0,0,-1
0,0,8386,2,input,2316,0,0,0,0,-1
0,0,8387,2,input,2317,0,0,0,0,-1
0,0,8388,2,input,2318,0,0,0,0,-1
0,0,8389,2,input,2319,0,0,0,0,-1
0,0,8390,2,input,2320,0,0,0,0,1
0,0,8391,2,input,2321,0,0,0,0,-1
0,0,8392,2,input,2322,0,0,0,0,-1
0,0,8393,2,input,2323,0,0,0,0,-1
0,0,8394,2,input,2324,0,0,0,0,-1
0,0,8395,2,input,2325,0,0,0,0,-1
0,0,8396,2,input,2326,0,0,0,0,-1
0,0,8397,2,input,2327,0,0,0,0,-1
0,0,8398,2,input,2328,0,0,0,0,-1
0,0,8399,2,input,2329,0,0,0,0,-1
0,0,8400,2,input,2330,0,0,0,0,-1
0,0,8401,2,input,2331,0,0,0,0,1
0,0,8402,2,input,2332,0,0,0,0,1
0,0,8403,2,input,2333,0,0,0,0,-1
0,0,8404,2,input,2334,0,0,0,0,-1
0,0,8405,2,input,2335,0,0,0,0,-1
0,0,8406,2,input,2336,0,0,0,0,-1
0,0,8407,2,input,2338,0,0,0,0,-1
0,0,8408,2,input,2341,0,0,0,0,1
0,0,8409,2,input,2342,0,0,0,0,-1
0,0,8410,2,input,2343,0,0,0,0,-1
0,0,8411,2,input,2344,0,0,0,0,-1
0,0,8412,2,input,2345,0,0,0,0,-1
0,0,8413,2,input,2346,0,0,0,0,1
0,0,8414,2,input,2347,0,0,0,0,-1
0,0,8415,2,input,2349,0,0,0,0,1
0,0,8416,2,input,2350,0,0,0,0,1
0,0,8417,2,input,2351,0,0,0,0,-1
0,0,8418,2,input,2353,0,0,0,0,-1
0,0,8419,2,input,2354,0,0,0,0,-1
0,0,8420,2,input,2355,0,0,0,0,-1
0,0,8421,2,input,2358,0,0,0,0,-1
0,0,8422,2,input,2359,0,0,0,0,1
0,0,8423,2,input,2360,0,0,0,0,-1
0,0,8424,2,input,2361,0,0,0,0,-1
0,0,8425,2,input,2362,0,0,0,0,-1
0,0,8426,2,input,2363,0,0,0,0,-1
0,0,8427,2,input,2364,0,0,0,0,-1
0,0,8428,2,input,2365,0,0,0,0,1
0,0,8429,2,input,2366,0,0,0,0,-1
0,0,8430,2,input,2367,0,0,0,0,-1
0,0,8431,2,input,2369,0,0,0,0,-1
0,0,8432,2,input,2370,0,0,0,0,1
0,0,8433,2,input,2371,0,0,0,0,-1
0,0,8434,2,input,2372,0,0,0,0,-1
0,0,8435,2,input,2373,0,0,0,0,-1
0,0,8436,2,input,2374,0,0,0,0,-1
0,0,8437,2,input,2376,0,0,0,0,-1
0,0,8438,2,input,2377,0,0,0,0,-1
0,0,8439,2,input,2382,0,0,0,0,-1
0,0,8440,2,input,2383,0,0,0,0,-1
0,0,8441,2,input,2384,0,0,0,0,1
0,0,8442,2,input,2385,0,0,0,0,-1
0,0,8443,2,input,2389,0,0,0,0,1
0,0,8444,2,input,2390,0,0,0,0,-1
0,0,8445,2,input,2392,0,0,0,0,-1
0,0,8446,2,input,2393,0,0,0,0,-1
0,0,8447,2,input,2394,0,0,0,0,1
0,0,8448,2,input,2396,0,0,0,0,-1
0,0,8449,2,input,2398,0,0,0,0,1
0,0,8450,2,input,2399,0,0,0,0,-1
0,0,8451,2,input,2400,0,0,0,0,-1
0,0,8452,2,input,2401,0,0,0,0,-1
0,0,8453,2,input,2402,0,0,0,0,1
0,0,8454,2,input,2403,0,0,0,0,1
0,0,8455,2,input,2404,0,0,0,0,-1
0,0,8456,2,input,2405,0,0,0,0,1
0,0,8457,2,input,2406,0,0,0,0,-1
0,0,8458,2,input,2409,0,0,0,0,-1
0,0,8459,2,input,2410,0,0,0,0,1
0,0,8460,2,input,2411,0,0,0,0,1
0,0,8461,2,input,2413,0,0,0,0,-1
0,0,8462,2,input,2414,0,0,0,0,1
0,0,8463,2,input,2416,0,0,0,0,-1
0,0,8464,2,input,2417,0,0,0,0,-1
0,0,8465,2,input,2418,0,0,0,0,1
0,0,8466,2,input,2419,0,0,0,0,1
0,0,8467,2,input,2420,0,0,0,0,1
0,0,8468,2,input,2421,0,0,0,0,1
0,0,8469,2,input,2422,0,0,0,0,-1
0,0,8470,2,input,2425,0,0,0,0,1
0,0,8471,2,input,2426,0,0,0,0,1
0,0,8472,2,input,2427,0,0,0,0,-1
0,0,8473,2,input,2429,0,0,0,0,-1
0,0,8474,2,input,2431,0,0,0,0,1
0,0,8475,2,input,2432,0,0,0,0,-1
0,0,8476,2,input,2434,0,0,0,0,1
0,0,8477,2,input,2435,0,0,0,0,-1
0,0,8478,2,input,2436,0,0,0,0,-1
0,0,8479,2,input,2439,0,0,0,0,-1
0,0,8480,2,input,2440,0,0,0,0,-1
0,0,8481,2,input,2441,0,0,0,0,-1
0,0,8482,2,input,2442,0,0,0,0,-1
0,0,8483,2,input,2443,0,0,0,0,-1
0,0,8484,2,input,2444,0,0,0,0,-1
0,0,8485,2,input,2445,0,0,0,0,-1
0,0,8486,2,input,2446,0,0,0,0,-1
0,0,8487,2,input,2447,0,0,0,0,-1
0,0,8488,2,input,2448,0,0,0,0,1
0,0,8489,2,input,2449,0,0,0,0,-1
0,0,8490,2,input,2450,0,0,0,0,-1
0,0,8491,2,input,2451,0,0,0,0,-1
0,0,8492,2,input,2453,0,0,0,0,-1
0,0,8493,2,input,2454,0,0,0,0,-1
0,0,8494,2,input,2455,0,0,0,0,-1
0,0,8495,2,input,2456,0,0,0,0,-1
0,0,8496,2,input,2457,0,0,0,0,-1
0,0,8497,2,input,2458,0,0,0,0,-1
0,0,8498,2,input,2460,0,0,0,0,-1
0,0,8499,2,input,2461,0,0,0,0,-1
0,0,8500,2,input,2463,0,0,0,0,-1
0,0,8501,2,input,2465,0,0,0,0,-1
0,0,8502,2,input,2466,0,0,0,0,-1
0,0,8503,2,input,2469,0,0,0,0,-1
0,0,8504,2,input,2470,0,0,0,0,-1
0,0,8505,2,input,2472,0,0,0,0,-1
0,0,8506,2,input,2473,0,0,0,0,-1
0,0,8507,2,input,2474,0,0,0,0,-1
0,0,8508,2,input,2475,0,0,0,0,-1
0,0,8509,2,input,2477,0,0,0,0,1
0,0,8510,2,input,2478,0,0,0,0,1
0,0,8511,2,input,2479,0,0,0,0,-1
0,0,8512,2,input,2480,0,0,0,0,-1
0,0,8513,2,input,2481,0,0,0,0,-1
0,0,8514,2,input,2483,0,0,0,0,-1
0,0,8515,2,input,2485,0,0,0,0,-1
0,0,8516,2,input,2486,0,0,0,0,-1
0,0,8517,2,input,2489,0,0,0,0,1
0,0,8518,2,input,2490,0,0,0,0,-1
0,0,8519,2,input,2491,0,0,0,0,-1
0,0,8520,2,input,2492,0,0,0,0,-1
0,0,8521,2,input,2493,0,0,0,0,-1
0,0,8522,2,input,2495,0,0,0,0,-1
0,0,8523,2,input,2497,0,0,0,0,-1
0,0,8524,2,input,2500,0,0,0,0,-1
0,0,8525,2,input,2502,0,0,0,0,-1
0,0,8526,2,input,2503,0,0,0,0,1
0,0,8527,2,input,2505,0,0,0,0,-1
0,0,8528,2,input,2507,0,0,0,0,-1
0,0,8529,2,input,2508,0,0,0,0,1
0,0,8530,2,input,2510,0,0,0,0,-1
0,0,8531,2,input,2511,0,0,0,0,-1
0,0,8532,2,input,2512,0,0,0,0,1
0,0,8533,2,input,2513,0,0,0,0,-1
0,0,8534,2,input,2514,0,0,0,0,1
0,0,8535,2,input,2518,0,0,0,0,-1
0,0,8536,2,input,2520,0,0,0,0,-1
0,0,8537,2,input,2521,0,0,0,0,-1
0,0,8538,2,input,2522,0,0,0,0,-1
0,0,8539,2,input,2523,0,0,0,0,-1
0,0,8540,2,input,2525,0,0,0,0,1
0,0,8541,2,input,2529,0,0,0,0,-1
0,0,8542,2,input,2530,0,0,0,0,1
0,0,8543,2,input,2532,0,0,0,0,-1
0,0,8544,2,input,2533,0,0,0,0,-1
0,0,8545,2,input,2534,0,0,0,0,-1
0,0,8546,2,input,2535,0,0,0,0,-1
0,0,8547,2,input,2536,0,0,0,0,-1
0,0,8548,2,input,2537,0,0,0,0,-1
0,0,8549,2,input,2538,0,0,0,0,-1
0,0,8550,2,input,2539,0,0,0,0,1
0,0,8551,2,input,2541,0,0,0,0,-1
0,0,8552,2,input,2543,0,0,0,0,-1
0,0,8553,2,input,2545,0,0,0,0,-1
0,0,8554,2,input,2546,0,0,0,0,-1
0,0,8555,2,input,2547,0,0,0,0,1
0,0,8556,2,input,2548,0,0,0,0,1
0,0,8557,2,input,2549,0,0,0,0,-1
0,0,8558,2,input,2550,0,0,0,0,-1
0,0,8559,2,input,2551,0,0,0,0,-1
0,0,8560,2,input,2555,0,0,0,0,-1
0,0,8561,2,input,2557,0,0,0,0,-1
0,0,8562,2,input,2558,0,0,0,0,-1
0,0,8563,2,input,2560,0,0,0,0,-1
0,0,8564,2,input,2562,0,0,0,0,1
0,0,8565,2,input,2566,0,0,0,0,-1
0,0,8566,2,input,2567,0,0,0,0,-1
0,0,8567,2,input,2568,0,0,0,0,1
0,0,8568,2,input,2569,0,0,0,0,-1
0,0,8569,2,input,2570,0,0,0,0,-1
0,0,8570,2,input,2572,0,0,0,0,-1
0,0,8571,2,input,2575,0,0,0,0,1
0,0,8572,2,input,2576,0,0,0,0,-1
0,0,8573,2,input,2577,0,0,0,0,-1
0,0,8574,2,input,2579,0,0,0,0,-1
0,0,8575,2,input,2581,0,0,0,0,1
0,0,8576,2,input,2582,0,0,0,0,-1
0,0,8577,2,input,2583,0,0,0,0,1
0,0,8578,2,input,2584,0,0,0,0,-1
0,0,8579,2,input,2585,0,0,0,0,-1
0,0,8580,2,input,2586,0,0,0,0,-1
0,0,8581,2,input,2587,0,0,0,0,-1
0,0,8582,2,input,2589,0,0,0,0,-1
0,0,8583,2,input,2590,0,0,0,0,-1
0,0,8584,2,input,2591,0,0,0,0,-1
0,0,8585,2,input,2593,0,0,0,0,-1
0,0,8586,2,input,2595,0,0,0,0,-1
0,0,8587,2,input,2597,0,0,0,0,-1
0,0,8588,2,input,2598,0,0,0,0,-1
0,0,8589,2,input,2602,0,0,0,0,-1
0,0,8590,2,input,2604,0,0,0,0,-1
0,0,8591,2,input,2605,0,0,0,0,1
0,0,8592,2,input,2608,0,0,0,0,-1
0,0,8593,2,input,2609,0,0,0,0,-1
0,0,8594,2,input,2612,0,0,0,0,-1
0,0,8595,2,input,2613,0,0,0,0,-1
0,0,8596,2,input,2614,0,0,0,0,-1
0,0,8597,2,input,2615,0,0,0,0,-1
0,0,8598,2,input,2618,0,0,0,0,-1
0,0,8599,2,input,2620,0,0,0,0,-1
0,0,8600,2,input,2621,0,0,0,0,-1
0,0,8601,2,input,2622,0,0,0,0,-1
0,0,8602,2,input,2623,0,0,0,0,-1
0,0,8603,2,input,2628,0,0,0,0,-1
0,0,8604,2,input,2629,0,0,0,0,-1
0,0,8605,2,input,2630,0,0,0,0,-1
0,0,8606,2,input,2632,0,0,0,0,1
0,0,8607,2,input,2633,0,0,0,0,-1
0,0,8608,2,input,2634,0,0,0,0,-1
0,0,8609,2,input,2636,0,0,0,0,1
0,0,8610,2,input,2637,0,0,0,0,-1
0,0,8611,2,input,2638,0,0,0,0,-1
0,0,8612,2,input,2639,0,0,0,0,-1
0,0,8613,2,input,2640,0,0,0,0,-1
0,0,8614,2,input,2641,0,0,0,0,-1
0,0,8615,2,input,2642,0,0,0,0,-1
0,0,8616,2,input,2645,0,0,0,0,-1
0,0,8617,2,input,2646,0,0,0,0,-1
0,0,8618,2,input,2647,0,0,0,0,-1
0,0,8619,2,input,2648,0,0,0,0,-1
0,0,8620,2,input,2649,0,0,0,0,-1
0,0,8621,2,input,2650,0,0,0,0,-1
0,0,8622,2,input,2651,0,0,0,0,-1
0,0,8623,2,input,2652,0,0,0,0,-1
0,0,8624,2,input,2653,0,0,0,0,-1
0,0,8625,2,input,2654,0,0,0,0,-1
0,0,8626,2,input,2656,0,0,0,0,-1
0,0,8627,2,input,2657,0,0,0,0,-1
0,0,8628,2,input,2658,0,0,0,0,1
0,0,8629,2,input,2659,0,0,0,0,-1
0,0,8630,2,input,2660,0,0,0,0,-1
0,0,8631,2,input,2661,0,0,0,0,-1
0,0,8632,2,input,2663,0,0,0,0,-1
0,0,8633,2,input,2664,0,0,0,0,-1
0,0,8634,2,input,2665,0,0,0,0,-1
0,0,8635,2,input,2666,0,0,0,0,-1
0,0,8636,2,input,2667,0,0,0,0,-1
0,0,8637,2,input,2668,0,0,0,0,-1
0,0,8638,2,input,2669,0,0,0,0,-1
0,0,8639,2,input,2670,0,0,0,0,-1
0,0,8640,2,input,2671,0,0,0,0,-1
0,0,8641,2,input,2672,0,0,0,0,-1
0,0,8642,2,input,2673,0,0,0,0,-1
0,0,8643,2,input,2674,0,0,0,0,-1
0,0,8644,2,input,2675,0,0,0,0,-1
0,0,8645,2,input,2677,0,0,0,0,-1
0,0,8646,2,input,2679,0,0,0,0,-1
0,0,8647,2,input,2680,0,0,0,0,-1
0,0,8648,2,input,2681,0,0,0,0,-1
0,0,8649,2,input,2682,0,0,0,0,-1
0,0,8650,2,input,2683,0,0,0,0,-1
0,0,8651,2,input,2685,0,0,0,0,-1
0,0,8652,2,input,2686,0,0,0,0,-1
0,0,8653,2,input,2687,0,0,0,0,-1
0,0,8654,2,input,2690,0,0,0,0,-1
0,0,8655,2,input,2691,0,0,0,0,-1
0,0,8656,2,input,2693,0,0,0,0,-1
0,0,8657,2,input,2694,0,0,0,0,-1
0,0,8658,2,input,2695,0,0,0,0,-1
0,0,8659,2,input,2696,0,0,0,0,-1
0,0,8660,2,input,2697,0,0,0,0,-1
0,0,8661,2,input,2698,0,0,0,0,-1
0,0,8662,2,input,2699,0,0,0,0,-1
0,0,8663,2,input,2700,0,0,0,0,-1
0,0,8664,2,input,2701,0,0,0,0,-1
0,0,8665,2,input,2704,0,0,0,0,1
0,0,8666,2,input,2706,0,0,0,0,-1
0,0,8667,2,input,2707,0,0,0,0,-1
0,0,8668,2,input,2709,0,0,0,0,-1
0,0,8669,2,input,2711,0,0,0,0,-1
0,0,8670,2,input,2712,0,0,0,0,-1
0,0,8671,2,input,2714,0,0,0,0,-1
0,0,8672,2,input,2715,0,0,0,0,-1
0,0,8673,2,input,2716,0,0,0,0,-1
0,0,8674,2,input,2717,0,0,0,0,-1
0,0,8675,2,input,2718,0,0,0,0,1
0,0,8676,2,input,2720,0,0,0,0,-1
0,0,8677,2,input,2721,0,0,0,0,-1
0,0,8678,2,input,2724,0,0,0,0,-1
0,0,8679,2,input,2725,0,0,0,0,-1
0,0,8680,2,input,2726,0,0,0,0,-1
0,0,8681,2,input,2728,0,0,0,0,-1
0,0,8682,2,input,2729,0,0,0,0,-1
0,0,8683,2,input,2733,0,0,0,0,-1
0,0,8684,2,input,2734,0,0,0,0,1
0,0,8685,2,input,2735,0,0,0,0,-1
0,0,8686,2,input,2736,0,0,0,0,1
0,0,8687,2,input,2738,0,0,0,0,-1
0,0,8688,2,input,2740,0,0,0,0,-1
0,0,8689,2,input,2741,0,0,0,0,-1
0,0,8690,2,input,2742,0,0,0,0,-1
0,0,8691,2,input,2743,0,0,0,0,-1
0,0,8692,2,input,2744,0,0,0,0,-1
0,0,8693,2,input,2745,0,0,0,0,1
0,0,8694,2,input,2746,0,0,0,0,-1
0,0,8695,2,input,2748,0,0,0,0,-1
0,0,8696,2,input,2750,0,0,0,0,-1
0,0,8697,2,input,2751,0,0,0,0,-1
0,0,8698,2,input,2752,0,0,0,0,-1
0,0,8699,2,input,2753,0,0,0,0,-1
0,0,8700,2,input,2754,0,0,0,0,1
0,0,8701,2,input,2756,0,0,0,0,-1
0,0,8702,2,input,2758,0,0,0,0,-1
0,0,8703,2,input,2761,0,0,0,0,-1
0,0,8704,2,input,2763,0,0,0,0,-1
0,0,8705,2,input,2766,0,0,0,0,-1
0,0,8706,2,input,2767,0,0,0,0,-1
0,0,8707,2,input,2769,0,0,0,0,-1
0,0,8708,2,input,2772,0,0,0,0,-1
0,0,8709,2,input,2774,0,0,0,0,-1
0,0,8710,2,input,2776,0,0,0,0,-1
0,0,8711,2,input,2777,0,0,0,0,-1
0,0,8712,2,input,2780,0,0,0,0,-1
0,0,8713,2,input,2781,0,0,0,0,1
0,0,8714,2,input,2783,0,0,0,0,-1
0,0,8715,2,input,2785,0,0,0,0,-1
0,0,8716,2,input,2786,0,0,0,0,-1
0,0,8717,2,input,2787,0,0,0,0,1
0,0,8718,2,input,2788,0,0,0,0,-1
0,0,8719,2,input,2789,0,0,0,0,-1
0,0,8720,2,input,2790,0,0,0,0,-1
0,0,8721,2,input,2792,0,0,0,0,-1
0,0,8722,2,input,2793,0,0,0,0,-1
0,0,8723,2,input,2795,0,0,0,0,1
0,0,8724,2,input,2797,0,0,0,0,-1
0,0,8725,2,input,2799,0,0,0,0,-1
0,0,8726,2,input,2800,0,0,0,0,-1
0,0,8727,2,input,2801,0,0,0,0,-1
0,0,8728,2,input,2802,0,0,0,0,-1
0,0,8729,2,input,2804,0,0,0,0,1
0,0,8730,2,input,2805,0,0,0,0,-1
0,0,8731,2,input,2806,0,0,0,0,-1
0,0,8732,2,input,2808,0,0,0,0,-1
0,0,8733,2,input,2810,0,0,0,0,-1
0,0,8734,2,input,2811,0,0,0,0,-1
0,0,8735,2,input,2812,0,0,0,0,-1
0,0,8736,2,input,2813,0,0,0,0,-1
0,0,8737,2,input,2814,0,0,0,0,-1
0,0,8738,2,input,2817,0,0,0,0,-1
0,0,8739,2,input,2821,0,0,0,0,-1
0,0,8740,2,input,2823,0,0,0,0,-1
0,0,8741,2,input,2824,0,0,0,0,-1
0,0,8742,2,input,2825,0,0,0,0,-1
0,0,8743,2,input,2826,0,0,0,0,-1
0,0,8744,2,input,2827,0,0,0,0,-1
0,0,8745,2,input,2828,0,0,0,0,-1
0,0,8746,2,input,2829,0,0,0,0,-1
0,0,8747,2,input,2830,0,0,0,0,-1
0,0,8748,2,input,2831,0,0,0,0,-1
0,0,8749,2,input,2833,0,0,0,0,-1
0,0,8750,2,input,2834,0,0,0,0,-1
0,0,8751,2,input,2835,0,0,0,0,-1
0,0,8752,2,input,2836,0,0,0,0,-1
0,0,8753,2,input,2837,0,0,0,0,-1
0,0,8754,2,input,2838,0,0,0,0,-1
0,0,8755,2,input,2839,0,0,0,0,1
0,0,8756,2,input,2841,0,0,0,0,-1
0,0,8757,2,input,2842,0,0,0,0,-1
0,0,8758,2,input,2843,0,0,0,0,-1
0,0,8759,2,input,2844,0,0,0,0,-1
0,0,8760,2,input,2845,0,0,0,0,-1
0,0,8761,2,input,2846,0,0,0,0,-1
0,0,8762,2,input,2847,0,0,0,0,-1
0,0,8763,2,input,2848,0,0,0,0,-1
0,0,8764,2,input,2849,0,0,0,0,-1
0,0,8765,2,input,2850,0,0,0,0,-1
0,0,8766,2,input,2853,0,0,0,0,-1
0,0,8767,2,input,2854,0,0,0,0,-1
0,0,8768,2,input,2855,0,0,0,0,-1
0,0,8769,2,input,2856,0,0,0,0,-1
0,0,8770,2,input,2857,0,0,0,0,-1
0,0,8771,2,input,2858,0,0,0,0,-1
0,0,8772,2,input,2860,0,0,0,0,-1
0,0,8773,2,input,2861,0,0,0,0,-1
0,0,8774,2,input,2863,0,0,0,0,-1
0,0,8775,2,input,2864,0,0,0,0,-1
0,0,8776,2,input,2865,0,0,0,0,-1
0,0,8777,2,input,2866,0,0,0,0,-1
0,0,8778,2,input,2867,0,0,0,0,-1
0,0,8779,2,input,2868,0,0,0,0,-1
0,0,8780,2,input,2869,0,0,0,0,-1
0,0,8781,2,input,2870,0,0,0,0,-1
0,0,8782,2,input,2871,0,0,0,0,-1
0,0,8783,2,input,2872,0,0,0,0,-1
0,0,8784,2,input,2874,0,0,0,0,-1
0,0,8785,2,input,2875,0,0,0,0,-1
0,0,8786,2,input,2876,0,0,0,0,-1
0,0,8787,2,input,2878,0,0,0,0,-1
0,0,8788,2,input,2879,0,0,0,0,-1
0,0,8789,2,input,2881,0,0,0,0,-1
0,0,8790,2,input,2883,0,0,0,0,-1
0,0,8791,2,input,2884,0,0,0,0,-1
0,0,8792,2,input,2885,0,0,0,0,-1
0,0,8793,2,input,2886,0,0,0,0,-1
0,0,8794,2,input,2887,0,0,0,0,-1
0,0,8795,2,input,2888,0,0,0,0,1
0,0,8796,2,input,2889,0,0,0,0,-1
0,0,8797,2,input,2890,0,0,0,0,-1
0,0,8798,2,input,2891,0,0,0,0,-1
0,0,8799,2,input,2892,0,0,0,0,-1
0,0,8800,2,input,2893,0,0,0,0,-1
0,0,8801,2,input,2895,0,0,0,0,-1
0,0,8802,2,input,2896,0,0,0,0,-1
0,0,8803,2,input,2897,0,0,0,0,-1
0,0,8804,2,input,2900,0,0,0,0,-1
0,0,8805,2,input,2901,0,0,0,0,-1
0,0,8806,2,input,2902,0,0,0,0,-1
0,0,8807,2,input,2903,0,0,0,0,-1
0,0,8808,2,input,2904,0,0,0,0,-1
0,0,8809,2,input,2905,0,0,0,0,-1
0,0,8810,2,input,2907,0,0,0,0,-1
0,0,8811,2,input,2908,0,0,0,0,-1
0,0,8812,2,input,2910,0,0,0,0,-1
0,0,8813,2,input,2911,0,0,0,0,-1
0,0,8814,2,input,2912,0,0,0,0,-1
0,0,8815,2,input,2913,0,0,0,0,-1
0,0,8816,2,input,2914,0,0,0,0,1
0,0,8817,2,input,2916,0,0,0,0,-1
0,0,8818,2,input,2917,0,0,0,0,-1
0,0,8819,2,input,2920,0,0,0,0,-1
0,0,8820,2,input,2921,0,0,0,0,-1
0,0,8821,2,input,2922,0,0,0,0,-1
0,0,8822,2,input,2923,0,0,0,0,-1
0,0,8823,2,input,2924,0,0,0,0,-1
0,0,8824,2,input,2925,0,0,0,0,-1
0,0,8825,2,input,2928,0,0,0,0,-1
0,0,8826,2,input,2929,0,0,0,0,-1
0,0,8827,2,input,2931,0,0,0,0,-1
0,0,8828,2,input,2932,0,0,0,0,-1
0,0,8829,2,input,2936,0,0,0,0,-1
0,0,8830,2,input,2937,0,0,0,0,-1
0,0,8831,2,input,2939,0,0,0,0,-1
0,0,8832,2,input,2941,0,0,0,0,-1
0,0,8833,2,input,2942,0,0,0,0,-1
0,0,8834,2,input,2943,0,0,0,0,-1
0,0,8835,2,input,2944,0,0,0,0,-1
0,0,8836,2,input,2946,0,0,0,0,-1
0,0,8837,2,input,2947,0,0,0,0,-1
0,0,8838,2,input,2948,0,0,0,0,-1
0,0,8839,2,input,2949,0,0,0,0,1
0,0,8840,2,input,2951,0,0,0,0,-1
0,0,8841,2,input,2953,0,0,0,0,-1
0,0,8842,2,input,2954,0,0,0,0,1
0,0,8843,2,input,2955,0,0,0,0,-1
0,0,8844,2,input,2956,0,0,0,0,1
0,0,8845,2,input,2957,0,0,0,0,-1
0,0,8846,2,input,2958,0,0,0,0,-1
0,0,8847,2,input,2959,0,0,0,0,-1
0,0,8848,2,input,2960,0,0,0,0,-1
0,0,8849,2,input,2962,0,0,0,0,-1
0,0,8850,2,input,2963,0,0,0,0,1
0,0,8851,2,input,2964,0,0,0,0,-1
0,0,8852,2,input,2966,0,0,0,0,-1
0,0,8853,2,input,2967,0,0,0,0,1
0,0,8854,2,input,2968,0,0,0,0,1
0,0,8855,2,input,2969,0,0,0,0,1
0,0,8856,2,input,2972,0,0,0,0,-1
0,0,8857,2,input,2973,0,0,0,0,1
0,0,8858,2,input,2975,0,0,0,0,-1
0,0,8859,2,input,2976,0,0,0,0,-1
0,0,8860,2,input,2977,0,0,0,0,-1
0,0,8861,2,input,2979,0,0,0,0,-1
0,0,8862,2,input,2981,0,0,0,0,-1
0,0,8863,2,input,2982,0,0,0,0,-1
0,0,8864,2,input,2984,0,0,0,0,-1
0,0,8865,2,input,2985,0,0,0,0,-1
0,0,8866,2,input,2986,0,0,0,0,-1
0,0,8867,2,input,2988,0,0,0,0,-1
0,0,8868,2,input,2989,0,0,0,0,-1
0,0,8869,2,input,2992,0,0,0,0,-1
0,0,8870,2,input,2995,0,0,0,0,1
0,0,8871,2,input,2996,0,0,0,0,-1
0,0,8872,2,input,2998,0,0,0,0,-1
0,0,8873,2,input,2999,0,0,0,0,-1
0,0,8874,2,input,3000,0,0,0,0,1
0,0,8875,2,input,3001,0,0,0,0,-1
0,0,8876,2,input,3002,0,0,0,0,1
0,0,8877,2,input,3004,0,0,0,0,-1
0,0,8878,2,input,3005,0,0,0,0,-1
0,0,8879,2,input,3006,0,0,0,0,-1
0,0,8880,2,input,3007,0,0,0,0,-1
0,0,8881,2,input,3008,0,0,0,0,-1
0,0,8882,2,input,3009,0,0,0,0,-1
0,0,8883,2,input,3010,0,0,0,0,-1
0,0,8884,2,input,3012,0,0,0,0,-1
0,0,8885,2,input,3013,0,0,0,0,-1
0,0,8886,2,input,3014,0,0,0,0,-1
0,0,8887,2,input,3015,0,0,0,0,-1
0,0,8888,2,input,3016,0,0,0,0,1
0,0,8889,2,input,3017,0,0,0,0,-1
0,0,8890,2,input,3018,0,0,0,0,-1
0,0,8891,2,input,3019,0,0,0,0,1
0,0,8892,2,input,3020,0,0,0,0,-1
0,0,8893,2,input,3021,0,0,0,0,-1
0,0,8894,2,input,3022,0,0,0,0,1
0,0,8895,2,input,3023,0,0,0,0,-1
0,0,8896,2,input,3024,0,0,0,0,-1
0,0,8897,2,input,3026,0,0,0,0,-1
0,0,8898,2,input,3027,0,0,0,0,-1
0,0,8899,2,input,3028,0,0,0,0,-1
0,0,8900,2,input,3029,0,0,0,0,-1
0,0,8901,2,input,3030,0,0,0,0,1
0,0,8902,2,input,3031,0,0,0,0,-1
0,0,8903,2,input,3032,0,0,0,0,1
0,0,8904,2,input,3034,0,0,0,0,-1
0,0,8905,2,input,3035,0,0,0,0,-1
0,0,8906,2,input,3036,0,0,0,0,-1
0,0,8907,2,input,3037,0,0,0,0,-1
0,0,8908,2,input,3038,0,0,0,0,-1
0,0,8909,2,input,3040,0,0,0,0,-1
0,0,8910,2,input,3041,0,0,0,0,-1
0,0,8911,2,input,3043,0,0,0,0,-1
0,0,8912,2,input,3044,0,0,0,0,-1
0,0,8913,2,input,3045,0,0,0,0,-1
0,0,8914,2,input,3046,0,0,0,0,1
0,0,8915,2,input,3048,0,0,0,0,-1
0,0,8916,2,input,3050,0,0,0,0,-1
0,0,8917,2,input,3051,0,0,0,0,-1
0,0,8918,2,input,3052,0,0,0,0,-1
0,0,8919,2,input,3053,0,0,0,0,-1
0,0,8920,2,input,3054,0,0,0,0,-1
0,0,8921,2,input,3055,0,0,0,0,-1
0,0,8922,2,input,3056,0,0,0,0,-1
0,0,8923,2,input,3058,0,0,0,0,-1
0,0,8924,2,input,3059,0,0,0,0,-1
0,0,8925,2,input,3060,0,0,0,0,1
0,0,8926,2,input,3061,0,0,0,0,-1
0,0,8927,2,input,3062,0,0,0,0,-1
0,0,8928,2,input,3063,0,0,0,0,1
0,0,8929,2,input,3065,0,0,0,0,-1
0,0,8930,2,input,3067,0,0,0,0,-1
0,0,8931,2,input,3068,0,0,0,0,-1
0,0,8932,2,input,3069,0,0,0,0,-1
0,0,8933,2,input,3070,0,0,0,0,-1
0,0,8934,2,input,3072,0,0,0,0,-1
0,0,8935,2,input,3073,0,0,0,0,-1
0,0,8936,2,input,3074,0,0,0,0,-1
0,0,8937,2,input,3075,0,0,0,0,-1
0,0,8938,2,input,3076,0,0,0,0,-1
0,0,8939,2,input,3077,0,0,0,0,-1
0,0,8940,2,input,3078,0,0,0,0,1
0,0,8941,2,input,3079,0,0,0,0,-1
0,0,8942,2,input,3082,0,0,0,0,1
0,0,8943,2,input,3083,0,0,0,0,-1
0,0,8944,2,input,3085,0,0,0,0,-1
0,0,8945,2,input,3086,0,0,0,0,-1
0,0,8946,2,input,3087,0,0,0,0,-1
0,0,8947,2,input,3088,0,0,0,0,-1
0,0,8948,2,input,3090,0,0,0,0,-1
0,0,8949,2,input,3091,0,0,0,0,1
0,0,8950,2,input,3092,0,0,0,0,-1
0,0,8951,2,input,3093,0,0,0,0,-1
0,0,8952,2,input,3094,0,0,0,0,-1
0,0,8953,2,input,3095,0,0,0,0,-1
0,0,8954,2,input,3097,0,0,0,0,-1
0,0,8955,2,input,3098,0,0,0,0,1
0,0,8956,2,input,3100,0,0,0,0,-1
0,0,8957,2,input,3101,0,0,0,0,1
0,0,8958,2,input,3102,0,0,0,0,1
0,0,8959,2,input,3103,0,0,0,0,1
0,0,8960,2,input,3104,0,0,0,0,-1
0,0,8961,2,input,3105,0,0,0,0,1
0,0,8962,2,input,3106,0,0,0,0,1
0,0,8963,2,input,3107,0,0,0,0,1
0,0,8964,2,input,3108,0,0,0,0,-1
0,0,8965,2,input,3109,0,0,0,0,-1
0,0,8966,2,input,3110,0,0,0,0,1
0,0,8967,2,input,3111,0,0,0,0,1
0,0,8968,2,input,3113,0,0,0,0,-1
0,0,8969,2,input,3114,0,0,0,0,1
0,0,8970,2,input,3118,0,0,0,0,1
0,0,8971,2,input,3119,0,0,0,0,1
0,0,8972,2,input,3120,0,0,0,0,-1
0,0,8973,2,input,3122,0,0,0,0,-1
0,0,8974,2,input,3123,0,0,0,0,-1
0,0,8975,2,input,3124,0,0,0,0,-1
0,0,8976,2,input,3125,0,0,0,0,-1
0,0,8977,2,input,3127,0,0,0,0,-1
0,0,8978,2,input,3128,0,0,0,0,-1
0,0,8979,2,input,3130,0,0,0,0,-1
0,0,8980,2,input,3131,0,0,0,0,-1
0,0,8981,2,input,3132,0,0,0,0,-1
0,0,8982,2,input,3133,0,0,0,0,-1
0,0,8983,2,input,3134,0,0,0,0,1
0,0,8984,2,input,3136,0,0,0,0,-1
0,0,8985,2,input,3137,0,0,0,0,1
0,0,8986,2,input,3138,0,0,0,0,-1
0,0,8987,2,input,3140,0,0,0,0,-1
0,0,8988,2,input,3143,0,0,0,0,-1
0,0,8989,2,input,3144,0,0,0,0,-1
0,0,8990,2,input,3145,0,0,0,0,-1
0,0,8991,2,input,3146,0,0,0,0,1
0,0,8992,2,input,3147,0,0,0,0,-1
0,0,8993,2,input,3148,0,0,0,0,-1
0,0,8994,2,input,3149,0,0,0,0,1
0,0,8995,2,input,3150,0,0,0,0,-1
0,0,8996,2,input,3151,0,0,0,0,-1
0,0,8997,2,input,3152,0,0,0,0,1
0,0,8998,2,input,3153,0,0,0,0,1
0,0,8999,2,input,3154,0,0,0,0,-1
0,0,9000,2,input,3155,0,0,0,0,-1
0,0,9001,2,input,3157,0,0,0,0,-1
0,0,9002,2,input,3158,0,0,0,0,-1
0,0,9003,2,input,3159,0,0,0,0,-1
0,0,9004,2,input,3160,0,0,0,0,-1
0,0,9005,2,input,3161,0,0,0,0,1
0,0,9006,2,input,3162,0,0,0,0,-1
0,0,9007,2,input,3163,0,0,0,0,1
0,0,9008,2,input,3164,0,0,0,0,-1
0,0,9009,2,input,3165,0,0,0,0,1
0,0,9010,2,input,3166,0,0,0,0,-1
0,0,9011,2,input,3167,0,0,0,0,-1
0,0,9012,2,input,3168,0,0,0,0,-1
0,0,9013,2,input,3169,0,0,0,0,-1
0,0,9014,2,input,3170,0,0,0,0,1
0,0,9015,2,input,3171,0,0,0,0,-1
0,0,9016,2,input,3173,0,0,0,0,-1
0,0,9017,2,input,3175,0,0,0,0,-1
0,0,9018,2,input,3176,0,0,0,0,-1
0,0,9019,2,input,3177,0,0,0,0,1
0,0,9020,2,input,3178,0,0,0,0,-1
0,0,9021,2,input,3179,0,0,0,0,1
0,0,9022,2,input,3180,0,0,0,0,-1
0,0,9023,2,input,3181,0,0,0,0,-1
0,0,9024,2,input,3183,0,0,0,0,-1
0,0,9025,2,input,3184,0,0,0,0,1
0,0,9026,2,input,3185,0,0,0,0,1
0,0,9027,2,input,3186,0,0,0,0,-1
0,0,9028,2,input,3187,0,0,0,0,-1
0,0,9029,2,input,3188,0,0,0,0,-1
0,0,9030,2,input,3189,0,0,0,0,-1
0,0,9031,2,input,3190,0,0,0,0,-1
0,0,9032,2,input,3191,0,0,0,0,-1
0,0,9033,2,input,3193,0,0,0,0,1
0,0,9034,2,input,3194,0,0,0,0,-1
0,0,9035,2,input,3197,0,0,0,0,1
0,0,9036,2,input,3198,0,0,0,0,1
0,0,9037,2,input,3199,0,0,0,0,-1
0,0,9038,2,input,3200,0,0,0,0,-1
0,0,9039,2,input,3203,0,0,0,0,-1
0,0,9040,2,input,3204,0,0,0,0,-1
0,0,9041,2,input,3208,0,0,0,0,-1
0,0,9042,2,input,3209,0,0,0,0,-1
0,0,9043,2,input,3210,0,0,0,0,-1
0,0,9044,2,input,3211,0,0,0,0,-1
0,0,9045,2,input,3213,0,0,0,0,1
0,0,9046,2,input,3214,0,0,0,0,-1
0,0,9047,2,input,3215,0,0,0,0,1
0,0,9048,2,input,3218,0,0,0,0,-1
0,0,9049,2,input,3219,0,0,0,0,1
0,0,9050,2,input,3220,0,0,0,0,-1
0,0,9051,2,input,3221,0,0,0,0,-1
0,0,9052,2,input,3222,0,0,0,0,-1
0,0,9053,2,input,3223,0,0,0,0,1
0,0,9054,2,input,3228,0,0,0,0,-1
0,0,9055,2,input,3229,0,0,0,0,1
0,0,9056,2,input,3230,0,0,0,0,1
0,0,9057,2,input,3231,0,0,0,0,1
0,0,9058,2,input,3232,0,0,0,0,-1
0,0,9059,2,input,3233,0,0,0,0,-1
0,0,9060,2,input,3234,0,0,0,0,-1
0,0,9061,2,input,3236,0,0,0,0,-1
0,0,9062,2,input,3237,0,0,0,0,-1
0,0,9063,2,input,3238,0,0,0,0,-1
0,0,9064,2,input,3239,0,0,0,0,-1
0,0,9065,2,input,3240,0,0,0,0,-1
0,0,9066,2,input,3241,0,0,0,0,-1
0,0,9067,2,input,3242,0,0,0,0,-1
0,0,9068,2,input,3243,0,0,0,0,-1
0,0,9069,2,input,3244,0,0,0,0,-1
0,0,9070,2,input,3247,0,0,0,0,1
0,0,9071,2,input,3248,0,0,0,0,-1
0,0,9072,2,input,3249,0,0,0,0,1
0,0,9073,2,input,3250,0,0,0,0,-1
0,0,9074,2,input,3251,0,0,0,0,1
0,0,9075,2,input,3252,0,0,0,0,1
0,0,9076,2,input,3253,0,0,0,0,-1
0,0,9077,2,input,3254,0,0,0,0,-1
0,0,9078,2,input,3255,0,0,0,0,-1
0,0,9079,2,input,3256,0,0,0,0,-1
0,0,9080,2,input,3257,0,0,0,0,-1
0,0,9081,2,input,3259,0,0,0,0,1
0,0,9082,2,input,3260,0,0,0,0,-1
0,0,9083,2,input,3261,0,0,0,0,-1
0,0,9084,2,input,3262,0,0,0,0,-1
0,0,9085,2,input,3263,0,0,0,0,1
0,0,9086,2,input,3264,0,0,0,0,-1
0,0,9087,2,input,3266,0,0,0,0,-1
0,0,9088,2,input,3267,0,0,0,0,1
0,0,9089,2,input,3268,0,0,0,0,-1
0,0,9090,2,input,3269,0,0,0,0,-1
0,0,9091,2,input,3270,0,0,0,0,-1
0,0,9092,2,input,3271,0,0,0,0,-1
0,0,9093,2,input,3273,0,0,0,0,-1
0,0,9094,2,input,3274,0,0,0,0,-1
0,0,9095,2,input,3275,0,0,0,0,1
0,0,9096,2,input,3276,0,0,0,0,-1
0,0,9097,2,input,3277,0,0,0,0,-1
0,0,9098,2,input,3278,0,0,0,0,-1
0,0,9099,2,input,3281,0,0,0,0,-1
0,0,9100,2,input,3282,0,0,0,0,-1
0,0,9101,2,input,3283,0,0,0,0,-1
0,0,9102,2,input,3285,0,0,0,0,-1
0,0,9103,2,input,3287,0,0,0,0,-1
0,0,9104,2,input,3291,0,0,0,0,-1
0,0,9105,2,input,3292,0,0,0,0,-1
0,0,9106,2,input,3293,0,0,0,0,-1
0,0,9107,2,input,3294,0,0,0,0,-1
0,0,9108,2,input,3297,0,0,0,0,-1
0,0,9109,2,input,3299,0,0,0,0,-1
0,0,9110,2,input,3300,0,0,0,0,-1
0,0,9111,2,input,3301,0,0,0,0,-1
0,0,9112,2,input,3302,0,0,0,0,-1
0,0,9113,2,input,3303,0,0,0,0,1
0,0,9114,2,input,3306,0,0,0,0,1
0,0,9115,2,input,3308,0,0,0,0,-1
0,0,9116,2,input,3310,0,0,0,0,-1
0,0,9117,2,input,3311,0,0,0,0,-1
0,0,9118,2,input,3312,0,0,0,0,-1
0,0,9119,2,input,3313,0,0,0,0,1
0,0,9120,2,input,3316,0,0,0,0,1
0,0,9121,2,input,3317,0,0,0,0,-1
0,0,9122,2,input,3318,0,0,0,0,-1
0,0,9123,2,input,3319,0,0,0,0,-1
0,0,9124,2,input,3320,0,0,0,0,-1
0,0,9125,2,input,3321,0,0,0,0,-1
0,0,9126,2,input,3323,0,0,0,0,-1
0,0,9127,2,input,3324,0,0,0,0,1
0,0,9128,2,input,3325,0,0,0,0,1
0,0,9129,2,input,3326,0,0,0,0,1
0,0,9130,2,input,3327,0,0,0,0,1
0,0,9131,2,input,3328,0,0,0,0,-1
0,0,9132,2,input,3330,0,0,0,0,1
0,0,9133,2,input,3331,0,0,0,0,-1
0,0,9134,2,input,3334,0,0,0,0,-1
0,0,9135,2,input,3335,0,0,0,0,1
0,0,9136,2,input,3337,0,0,0,0,-1
0,0,9137,2,input,3339,0,0,0,0,1
0,0,9138,2,input,3340,0,0,0,0,1
0,0,9139,2,input,3343,0,0,0,0,1
0,0,9140,2,input,3344,0,0,0,0,-1
0,0,9141,2,input,3345,0,0,0,0,-1
0,0,9142,2,input,3346,0,0,0,0,-1
0,0,9143,2,input,3347,0,0,0,0,-1
0,0,9144,2,input,3349,0,0,0,0,1
0,0,9145,2,input,3350,0,0,0,0,-1
0,0,9146,2,input,3351,0,0,0,0,-1
0,0,9147,2,input,3352,0,0,0,0,-1
0,0,9148,2,input,3353,0,0,0,0,-1
0,0,9149,2,input,3355,0,0,0,0,-1
0,0,9150,2,input,3356,0,0,0,0,1
0,0,9151,2,input,3357,0,0,0,0,-1
0,0,9152,2,input,3358,0,0,0,0,-1
0,0,9153,2,input,3359,0,0,0,0,-1
0,0,9154,2,input,3360,0,0,0,0,-1
0,0,9155,2,input,3361,0,0,0,0,-1
0,0,9156,2,input,3362,0,0,0,0,-1
0,0,9157,2,input,3363,0,0,0,0,-1
0,0,9158,2,input,3366,0,0,0,0,-1
0,0,9159,2,input,3367,0,0,0,0,-1
0,0,9160,2,input,3369,0,0,0,0,1
0,0,9161,2,input,3371,0,0,0,0,-1
0,0,9162,2,input,3374,0,0,0,0,-1
0,0,9163,2,input,3375,0,0,0,0,-1
0,0,9164,2,input,3377,0,0,0,0,-1
0,0,9165,2,input,3378,0,0,0,0,-1
0,0,9166,2,input,3379,0,0,0,0,-1
0,0,9167,2,input,3380,0,0,0,0,-1
0,0,9168,2,input,3382,0,0,0,0,-1
0,0,9169,2,input,3384,0,0,0,0,-1
0,0,9170,2,input,3385,0,0,0,0,1
0,0,9171,2,input,3386,0,0,0,0,-1
0,0,9172,2,input,3387,0,0,0,0,1
0,0,9173,2,input,3388,0,0,0,0,-1
0,0,9174,2,input,3389,0,0,0,0,-1
0,0,9175,2,input,3390,0,0,0,0,-1
0,0,9176,2,input,3391,0,0,0,0,-1
0,0,9177,2,input,3394,0,0,0,0,-1
0,0,9178,2,input,3395,0,0,0,0,1
0,0,9179,2,input,3398,0,0,0,0,-1
0,0,9180,2,input,3399,0,0,0,0,-1
0,0,9181,2,input,3401,0,0,0,0,-1
0,0,9182,2,input,3402,0,0,0,0,-1
0,0,9183,2,input,3404,0,0,0,0,1
0,0,9184,2,input,3405,0,0,0,0,-1
0,0,9185,2,input,3406,0,0,0,0,-1
0,0,9186,2,input,3412,0,0,0,0,1
0,0,9187,2,input,3413,0,0,0,0,-1
0,0,9188,2,input,3414,0,0,0,0,-1
0,0,9189,2,input,3415,0,0,0,0,1
0,0,9190,2,input,3416,0,0,0,0,-1
0,0,9191,2,input,3417,0,0,0,0,1
0,0,9192,2,input,3418,0,0,0,0,1
0,0,9193,2,input,3419,0,0,0,0,-1
0,0,9194,2,input,3420,0,0,0,0,-1
0,0,9195,2,input,3422,0,0,0,0,1
0,0,9196,2,input,3423,0,0,0,0,1
0,0,9197,2,input,3424,0,0,0,0,-1
0,0,9198,2,input,3425,0,0,0,0,-1
0,0,9199,2,input,3426,0,0,0,0,1
0,0,9200,2,input,3427,0,0,0,0,-1
0,0,9201,2,input,3428,0,0,0,0,1
0,0,9202,2,input,3429,0,0,0,0,-1
0,0,9203,2,input,3430,0,0,0,0,-1
0,0,9204,2,input,3431,0,0,0,0,-1
0,0,9205,2,input,3432,0,0,0,0,-1
0,0,9206,2,input,3434,0,0,0,0,-1
0,0,9207,2,input,3435,0,0,0,0,1
0,0,9208,2,input,3438,0,0,0,0,-1
0,0,9209,2,input,3439,0,0,0,0,-1
0,0,9210,2,input,3441,0,0,0,0,-1
0,0,9211,2,input,3442,0,0,0,0,1
0,0,9212,2,input,3443,0,0,0,0,-1
0,0,9213,2,input,3444,0,0,0,0,1
0,0,9214,2,input,3445,0,0,0,0,1
0,0,9215,2,input,3446,0,0,0,0,-1
0,0,9216,2,input,3447,0,0,0,0,-1
0,0,9217,2,input,3448,0,0,0,0,-1
0,0,9218,2,input,3451,0,0,0,0,-1
0,0,9219,2,input,3452,0,0,0,0,-1
0,0,9220,2,input,3453,0,0,0,0,-1
0,0,9221,2,input,3455,0,0,0,0,1
0,0,9222,2,input,3456,0,0,0,0,1
0,0,9223,2,input,3457,0,0,0,0,1
0,0,9224,2,input,3458,0,0,0,0,1
0,0,9225,2,input,3459,0,0,0,0,-1
0,0,9226,2,input,3462,0,0,0,0,-1
0,0,9227,2,input,3464,0,0,0,0,-1
0,0,9228,2,input,3465,0,0,0,0,-1
0,0,9229,2,input,3466,0,0,0,0,-1
0,0,9230,2,input,3467,0,0,0,0,-1
0,0,9231,2,input,3468,0,0,0,0,-1
0,0,9232,2,input,3470,0,0,0,0,1
0,0,9233,2,input,3471,0,0,0,0,1
0,0,9234,2,input,3472,0,0,0,0,1
0,0,9235,2,input,3473,0,0,0,0,-1
0,0,9236,2,input,3474,0,0,0,0,1
0,0,9237,2,input,3478,0,0,0,0,-1
0,0,9238,2,input,3479,0,0,0,0,-1
0,0,9239,2,input,3480,0,0,0,0,-1
0,0,9240,2,input,3482,0,0,0,0,-1
0,0,9241,2,input,3483,0,0,0,0,-1
0,0,9242,2,input,3484,0,0,0,0,-1
0,0,9243,2,input,3486,0,0,0,0,1
0,0,9244,2,input,3487,0,0,0,0,-1
0,0,9245,2,input,3488,0,0,0,0,-1
0,0,9246,2,input,3489,0,0,0,0,-1
0,0,9247,2,input,3492,0,0,0,0,-1
0,0,9248,2,input,3495,0,0,0,0,-1
0,0,9249,2,input,3496,0,0,0,0,-1
0,0,9250,2,input,3497,0,0,0,0,-1
0,0,9251,2,input,3498,0,0,0,0,-1
0,0,9252,2,input,3499,0,0,0,0,-1
0,0,9253,2,input,3500,0,0,0,0,-1
0,0,9254,2,input,3502,0,0,0,0,1
0,0,9255,2,input,3503,0,0,0,0,-1
0,0,9256,2,input,3504,0,0,0,0,1
0,0,9257,2,input,3506,0,0,0,0,-1
0,0,9258,2,input,3507,0,0,0,0,-1
0,0,9259,2,input,3509,0,0,0,0,-1
0,0,9260,2,input,3510,0,0,0,0,-1
0,0,9261,2,input,3513,0,0,0,0,-1
0,0,9262,2,input,3514,0,0,0,0,-1
0,0,9263,2,input,3516,0,0,0,0,-1
0,0,9264,2,input,3517,0,0,0,0,-1
0,0,9265,2,input,3518,0,0,0,0,-1
0,0,9266,2,input,3519,0,0,0,0,-1
0,0,9267,2,input,3520,0,0,0,0,-1
0,0,9268,2,input,3522,0,0,0,0,-1
0,0,9269,2,input,3523,0,0,0,0,1
0,0,9270,2,input,3526,0,0,0,0,-1
0,0,9271,2,input,3527,0,0,0,0,1
0,0,9272,2,input,3528,0,0,0,0,-1
0,0,9273,2,input,3529,0,0,0,0,-1
0,0,9274,2,input,3530,0,0,0,0,-1
0,0,9275,2,input,3532,0,0,0,0,1
0,0,9276,2,input,3533,0,0,0,0,1
0,0,9277,2,input,3534,0,0,0,0,-1
0,0,9278,2,input,3535,0,0,0,0,-1
0,0,9279,2,input,3536,0,0,0,0,1
0,0,9280,2,input,3537,0,0,0,0,-1
0,0,9281,2,input,3538,0,0,0,0,1
0,0,9282,2,input,3539,0,0,0,0,-1
0,0,9283,2,input,3540,0,0,0,0,-1
0,0,9284,2,input,3541,0,0,0,0,1
0,0,9285,2,input,3542,0,0,0,0,-1
0,0,9286,2,input,3543,0,0,0,0,1
0,0,9287,2,input,3544,0,0,0,0,-1
0,0,9288,2,input,3545,0,0,0,0,-1
0,0,9289,2,input,3547,0,0,0,0,-1
0,0,9290,2,input,3548,0,0,0,0,-1
0,0,9291,2,input,3549,0,0,0,0,1
0,0,9292,2,input,3551,0,0,0,0,-1
0,0,9293,2,input,3553,0,0,0,0,-1
0,0,9294,2,input,3556,0,0,0,0,-1
0,0,9295,2,input,3557,0,0,0,0,-1
0,0,9296,2,input,3558,0,0,0,0,-1
0,0,9297,2,input,3560,0,0,0,0,-1
0,0,9298,2,input,3561,0,0,0,0,-1
0,0,9299,2,input,3562,0,0,0,0,1
0,0,9300,2,input,3563,0,0,0,0,1
0,0,9301,2,input,3564,0,0,0,0,1
0,0,9302,2,input,3565,0,0,0,0,1
0,0,9303,2,input,3567,0,0,0,0,-1
0,0,9304,2,input,3569,0,0,0,0,-1
0,0,9305,2,input,3570,0,0,0,0,-1
0,0,9306,2,input,3572,0,0,0,0,1
0,0,9307,2,input,3573,0,0,0,0,-1
0,0,9308,2,input,3574,0,0,0,0,-1
0,0,9309,2,input,3575,0,0,0,0,-1
0,0,9310,2,input,3576,0,0,0,0,-1
0,0,9311,2,input,3577,0,0,0,0,1
0,0,9312,2,input,3579,0,0,0,0,-1
0,0,9313,2,input,3580,0,0,0,0,-1
0,0,9314,2,input,3581,0,0,0,0,-1
0,0,9315,2,input,3585,0,0,0,0,-1
0,0,9316,2,input,3586,0,0,0,0,1
0,0,9317,2,input,3587,0,0,0,0,-1
0,0,9318,2,input,3591,0,0,0,0,-1
0,0,9319,2,input,3592,0,0,0,0,1
0,0,9320,2,input,3593,0,0,0,0,-1
0,0,9321,2,input,3594,0,0,0,0,-1
0,0,9322,2,input,3597,0,0,0,0,-1
0,0,9323,2,input,3599,0,0,0,0,-1
0,0,9324,2,input,3600,0,0,0,0,-1
0,0,9325,2,input,3601,0,0,0,0,-1
0,0,9326,2,input,3602,0,0,0,0,-1
0,0,9327,2,input,3603,0,0,0,0,-1
0,0,9328,2,input,3604,0,0,0,0,-1
0,0,9329,2,input,3605,0,0,0,0,1
0,0,9330,2,input,3606,0,0,0,0,-1
0,0,9331,2,input,3607,0,0,0,0,1
0,0,9332,2,input,3609,0,0,0,0,-1
0,0,9333,2,input,3610,0,0,0,0,1
0,0,9334,2,input,3611,0,0,0,0,-1
0,0,9335,2,input,3612,0,0,0,0,1
0,0,9336,2,input,3613,0,0,0,0,-1
0,0,9337,2,input,3614,0,0,0,0,-1
0,0,9338,2,input,3615,0,0,0,0,-1
0,0,9339,2,input,3618,0,0,0,0,-1
0,0,9340,2,input,3619,0,0,0,0,-1
0,0,9341,2,input,3620,0,0,0,0,-1
0,0,9342,2,input,3621,0,0,0,0,-1
0,0,9343,2,input,3623,0,0,0,0,-1
0,0,9344,2,input,3624,0,0,0,0,1
0,0,9345,2,input,3625,0,0,0,0,1
0,0,9346,2,input,3631,0,0,0,0,1
0,0,9347,2,input,3632,0,0,0,0,-1
0,0,9348,2,input,3634,0,0,0,0,1
0,0,9349,2,input,3635,0,0,0,0,-1
0,0,9350,2,input,3636,0,0,0,0,-1
0,0,9351,2,input,3637,0,0,0,0,-1
0,0,9352,2,input,3638,0,0,0,0,-1
0,0,9353,2,input,3640,0,0,0,0,-1
0,0,9354,2,input,3641,0,0,0,0,-1
0,0,9355,2,input,3643,0,0,0,0,-1
0,0,9356,2,input,3645,0,0,0,0,-1
0,0,9357,2,input,3646,0,0,0,0,-1
0,0,9358,2,input,3647,0,0,0,0,-1
0,0,9359,2,input,3648,0,0,0,0,1
0,0,9360,2,input,3649,0,0,0,0,1
0,0,9361,2,input,3650,0,0,0,0,-1
0,0,9362,2,input,3651,0,0,0,0,-1
0,0,9363,2,input,3652,0,0,0,0,1
0,0,9364,2,input,3653,0,0,0,0,-1
0,0,9365,2,input,3654,0,0,0,0,-1
0,0,9366,2,input,3659,0,0,0,0,-1
0,0,9367,2,input,3660,0,0,0,0,1
0,0,9368,2,input,3662,0,0,0,0,-1
0,0,9369,2,input,3665,0,0,0,0,-1
0,0,9370,2,input,3666,0,0,0,0,-1
0,0,9371,2,input,3667,0,0,0,0,-1
0,0,9372,2,input,3668,0,0,0,0,-1
0,0,9373,2,input,3672,0,0,0,0,-1
0,0,9374,2,input,3673,0,0,0,0,-1
0,0,9375,2,input,3674,0,0,0,0,-1
0,0,9376,2,input,3675,0,0,0,0,-1
0,0,9377,2,input,3677,0,0,0,0,-1
0,0,9378,2,input,3678,0,0,0,0,-1
0,0,9379,2,input,3679,0,0,0,0,-1
0,0,9380,2,input,3681,0,0,0,0,-1
0,0,9381,2,input,3682,0,0,0,0,1
0,0,9382,2,input,3683,0,0,0,0,-1
0,0,9383,2,input,3684,0,0,0,0,-1
0,0,9384,2,input,3687,0,0,0,0,-1
0,0,9385,2,input,3688,0,0,0,0,-1
0,0,9386,2,input,3690,0,0,0,0,-1
0,0,9387,2,input,3691,0,0,0,0,1
0,0,9388,2,input,3692,0,0,0,0,-1
0,0,9389,2,input,3693,0,0,0,0,-1
0,0,9390,2,input,3695,0,0,0,0,-1
0,0,9391,2,input,3697,0,0,0,0,-1
0,0,9392,2,input,3698,0,0,0,0,-1
0,0,9393,2,input,3699,0,0,0,0,-1
0,0,9394,2,input,3701,0,0,0,0,-1
0,0,9395,2,input,3703,0,0,0,0,-1
0,0,9396,2,input,3704,0,0,0,0,-1
0,0,9397,2,input,3706,0,0,0,0,1
0,0,9398,2,input,3707,0,0,0,0,-1
0,0,9399,2,input,3709,0,0,0,0,-1
0,0,9400,2,input,3715,0,0,0,0,-1
0,0,9401,2,input,3716,0,0,0,0,-1
0,0,9402,2,input,3719,0,0,0,0,-1
0,0,9403,2,input,3720,0,0,0,0,-1
0,0,9404,2,input,3721,0,0,0,0,-1
0,0,9405,2,input,3722,0,0,0,0,-1
0,0,9406,2,input,3723,0,0,0,0,-1
0,0,9407,2,input,3724,0,0,0,0,-1
0,0,9408,2,input,3725,0,0,0,0,-1
0,0,9409,2,input,3728,0,0,0,0,1
0,0,9410,2,input,3729,0,0,0,0,-1
0,0,9411,2,input,3730,0,0,0,0,-1
0,0,9412,2,input,3731,0,0,0,0,-1
0,0,9413,2,input,3732,0,0,0,0,-1
0,0,9414,2,input,3733,0,0,0,0,-1
0,0,9415,2,input,3735,0,0,0,0,-1
0,0,9416,2,input,3736,0,0,0,0,-1
0,0,9417,2,input,3738,0,0,0,0,-1
0,0,9418,2,input,3739,0,0,0,0,-1
0,0,9419,2,input,3740,0,0,0,0,-1
0,0,9420,2,input,3746,0,0,0,0,-1
0,0,9421,2,input,3747,0,0,0,0,-1
0,0,9422,2,input,3748,0,0,0,0,-1
0,0,9423,2,input,3749,0,0,0,0,-1
0,0,9424,2,input,3750,0,0,0,0,-1
0,0,9425,2,input,3752,0,0,0,0,-1
0,0,9426,2,input,3753,0,0,0,0,-1
0,0,9427,2,input,3754,0,0,0,0,-1
0,0,9428,2,input,3756,0,0,0,0,-1
0,0,9429,2,input,3758,0,0,0,0,1
0,0,9430,2,input,3759,0,0,0,0,-1
0,0,9431,2,input,3760,0,0,0,0,-1
0,0,9432,2,input,3763,0,0,0,0,-1
0,0,9433,2,input,3765,0,0,0,0,-1
0,0,9434,2,input,3766,0,0,0,0,-1
0,0,9435,2,input,3767,0,0,0,0,-1
0,0,9436,2,input,3769,0,0,0,0,-1
0,0,9437,2,input,3770,0,0,0,0,-1
0,0,9438,2,input,3771,0,0,0,0,-1
0,0,9439,2,input,3772,0,0,0,0,-1
0,0,9440,2,input,3773,0,0,0,0,1
0,0,9441,2,input,3774,0,0,0,0,1
0,0,9442,2,input,3775,0,0,0,0,-1
0,0,9443,2,input,3776,0,0,0,0,1
0,0,9444,2,input,3780,0,0,0,0,-1
0,0,9445,2,input,3781,0,0,0,0,-1
0,0,9446,2,input,3783,0,0,0,0,1
0,0,9447,2,input,3785,0,0,0,0,-1
0,0,9448,2,input,3787,0,0,0,0,-1
0,0,9449,2,input,3788,0,0,0,0,-1
0,0,9450,2,input,3790,0,0,0,0,-1
0,0,9451,2,input,3791,0,0,0,0,-1
0,0,9452,2,input,3793,0,0,0,0,-1
0,0,9453,2,input,3794,0,0,0,0,1
0,0,9454,2,input,3795,0,0,0,0,-1
0,0,9455,2,input,3796,0,0,0,0,-1
0,0,9456,2,input,3797,0,0,0,0,1
0,0,9457,2,input,3798,0,0,0,0,-1
0,0,9458,2,input,3799,0,0,0,0,-1
0,0,9459,2,input,3800,0,0,0,0,-1
0,0,9460,2,input,3801,0,0,0,0,-1
0,0,9461,2,input,3802,0,0,0,0,-1
0,0,9462,2,input,3803,0,0,0,0,-1
0,0,9463,2,input,3805,0,0,0,0,1
0,0,9464,2,input,3806,0,0,0,0,-1
0,0,9465,2,input,3807,0,0,0,0,-1
0,0,9466,2,input,3809,0,0,0,0,-1
0,0,9467,2,input,3812,0,0,0,0,-1
0,0,9468,2,input,3813,0,0,0,0,-1
0,0,9469,2,input,3814,0,0,0,0,-1
0,0,9470,2,input,3815,0,0,0,0,-1
0,0,9471,2,input,3816,0,0,0,0,-1
0,0,9472,2,input,3817,0,0,0,0,-1
0,0,9473,2,input,3818,0,0,0,0,-1
0,0,9474,2,input,3819,0,0,0,0,1
0,0,9475,2,input,3821,0,0,0,0,-1
0,0,9476,2,input,3822,0,0,0,0,-1
0,0,9477,2,input,3823,0,0,0,0,-1
0,0,9478,2,input,3825,0,0,0,0,-1
0,0,9479,2,input,3826,0,0,0,0,-1
0,0,9480,2,input,3827,0,0,0,0,-1
0,0,9481,2,input,3829,0,0,0,0,-1
0,0,9482,2,input,3830,0,0,0,0,-1
0,0,9483,2,input,3832,0,0,0,0,-1
0,0,9484,2,input,3834,0,0,0,0,-1
0,0,9485,2,input,3835,0,0,0,0,-1
0,0,9486,2,input,3836,0,0,0,0,1
0,0,9487,2,input,3837,0,0,0,0,-1
0,0,9488,2,input,3838,0,0,0,0,-1
0,0,9489,2,input,3840,0,0,0,0,-1
0,0,9490,2,input,3841,0,0,0,0,-1
0,0,9491,2,input,3842,0,0,0,0,-1
0,0,9492,2,input,3844,0,0,0,0,-1
0,0,9493,2,input,3845,0,0,0,0,-1
0,0,9494,2,input,3846,0,0,0,0,-1
0,0,9495,2,input,3847,0,0,0,0,-1
0,0,9496,2,input,3848,0,0,0,0,-1
0,0,9497,2,input,3849,0,0,0,0,-1
0,0,9498,2,input,3852,0,0,0,0,1
0,0,9499,2,input,3853,0,0,0,0,-1
0,0,9500,2,input,3854,0,0,0,0,-1
0,0,9501,2,input,3856,0,0,0,0,-1
0,0,9502,2,input,3857,0,0,0,0,-1
0,0,9503,2,input,3858,0,0,0,0,-1
0,0,9504,2,input,3859,0,0,0,0,-1
0,0,9505,2,input,3860,0,0,0,0,-1
0,0,9506,2,input,3861,0,0,0,0,-1
0,0,9507,2,input,3862,0,0,0,0,-1
0,0,9508,2,input,3863,0,0,0,0,1
0,0,9509,2,input,3864,0,0,0,0,-1
0,0,9510,2,input,3865,0,0,0,0,-1
0,0,9511,2,input,3867,0,0,0,0,-1
0,0,9512,2,input,3868,0,0,0,0,-1
0,0,9513,2,input,3869,0,0,0,0,-1
0,0,9514,2,input,3870,0,0,0,0,-1
0,0,9515,2,input,3871,0,0,0,0,-1
0,0,9516,2,input,3872,0,0,0,0,-1
0,0,9517,2,input,3874,0,0,0,0,-1
0,0,9518,2,input,3876,0,0,0,0,-1
0,0,9519,2,input,3877,0,0,0,0,-1
0,0,9520,2,input,3878,0,0,0,0,-1
0,0,9521,2,input,3879,0,0,0,0,-1
0,0,9522,2,input,3880,0,0,0,0,-1
0,0,9523,2,input,3884,0,0,0,0,-1
0,0,9524,2,input,3885,0,0,0,0,-1
0,0,9525,2,input,3886,0,0,0,0,-1
0,0,9526,2,input,3887,0,0,0,0,-1
0,0,9527,2,input,3888,0,0,0,0,-1
0,0,9528,2,input,3889,0,0,0,0,-1
0,0,9529,2,input,3891,0,0,0,0,-1
0,0,9530,2,input,3892,0,0,0,0,-1
0,0,9531,2,input,3894,0,0,0,0,-1
0,0,9532,2,input,3895,0,0,0,0,-1
0,0,9533,2,input,3896,0,0,0,0,-1
0,0,9534,2,input,3898,0,0,0,0,-1
0,0,9535,2,input,3900,0,0,0,0,-1
0,0,9536,2,input,3902,0,0,0,0,-1
0,0,9537,2,input,3903,0,0,0,0,-1
0,0,9538,2,input,3907,0,0,0,0,-1
0,0,9539,2,input,3908,0,0,0,0,-1
0,0,9540,2,input,3909,0,0,0,0,-1
0,0,9541,2,input,3911,0,0,0,0,-1
0,0,9542,2,input,3912,0,0,0,0,1
0,0,9543,2,input,3913,0,0,0,0,-1
0,0,9544,2,input,3914,0,0,0,0,-1
0,0,9545,2,input,3915,0,0,0,0,-1
0,0,9546,2,input,3916,0,0,0,0,-1
0,0,9547,2,input,3919,0,0,0,0,-1
0,0,9548,2,input,3920,0,0,0,0,-1
0,0,9549,2,input,3922,0,0,0,0,-1
0,0,9550,2,input,3923,0,0,0,0,-1
0,0,9551,2,input,3924,0,0,0,0,-1
0,0,9552,2,input,3925,0,0,0,0,-1
0,0,9553,2,input,3927,0,0,0,0,-1
0,0,9554,2,input,3928,0,0,0,0,-1
0,0,9555,2,input,3931,0,0,0,0,-1
0,0,9556,2,input,3932,0,0,0,0,-1
0,0,9557,2,input,3933,0,0,0,0,-1
0,0,9558,2,input,3934,0,0,0,0,-1
0,0,9559,2,input,3935,0,0,0,0,-1
0,0,9560,2,input,3936,0,0,0,0,-1
0,0,9561,2,input,3937,0,0,0,0,-1
0,0,9562,2,input,3938,0,0,0,0,1
0,0,9563,2,input,3939,0,0,0,0,-1
0,0,9564,2,input,3940,0,0,0,0,-1
0,0,9565,2,input,3941,0,0,0,0,-1
0,0,9566,2,input,3942,0,0,0,0,1
0,0,9567,2,input,3944,0,0,0,0,-1
0,0,9568,2,input,3945,0,0,0,0,-1
0,0,9569,2,input,3946,0,0,0,0,-1
0,0,9570,2,input,3947,0,0,0,0,-1
0,0,9571,2,input,3948,0,0,0,0,-1
0,0,9572,2,input,3949,0,0,0,0,-1
0,0,9573,2,input,3950,0,0,0,0,-1
0,0,9574,2,input,3952,0,0,0,0,-1
0,0,9575,2,input,3953,0,0,0,0,-1
0,0,9576,2,input,3955,0,0,0,0,-1
0,0,9577,2,input,3956,0,0,0,0,-1
0,0,9578,2,input,3959,0,0,0,0,-1
0,0,9579,2,input,3960,0,0,0,0,-1
0,0,9580,2,input,3962,0,0,0,0,-1
0,0,9581,2,input,3963,0,0,0,0,-1
0,0,9582,2,input,3965,0,0,0,0,-1
0,0,9583,2,input,3966,0,0,0,0,-1
0,0,9584,2,input,3967,0,0,0,0,-1
0,0,9585,2,input,3969,0,0,0,0,-1
0,0,9586,2,input,3970,0,0,0,0,-1
0,0,9587,2,input,3971,0,0,0,0,-1
0,0,9588,2,input,3972,0,0,0,0,-1
0,0,9589,2,input,3973,0,0,0,0,-1
0,0,9590,2,input,3975,0,0,0,0,-1
0,0,9591,2,input,3976,0,0,0,0,-1
0,0,9592,2,input,3977,0,0,0,0,-1
0,0,9593,2,input,3978,0,0,0,0,-1
0,0,9594,2,input,3979,0,0,0,0,-1
0,0,9595,2,input,3980,0,0,0,0,-1
0,0,9596,2,input,3981,0,0,0,0,-1
0,0,9597,2,input,3982,0,0,0,0,-1
0,0,9598,2,input,3984,0,0,0,0,1
0,0,9599,2,input,3985,0,0,0,0,-1
0,0,9600,2,input,3986,0,0,0,0,-1
0,0,9601,2,input,3987,0,0,0,0,-1
0,0,9602,2,input,3990,0,0,0,0,-1
0,0,9603,2,input,3991,0,0,0,0,1
0,0,9604,2,input,3992,0,0,0,0,-1
0,0,9605,2,input,3994,0,0,0,0,-1
0,0,9606,2,input,3995,0,0,0,0,-1
0,0,9607,2,input,3996,0,0,0,0,-1
0,0,9608,2,input,3999,0,0,0,0,-1
0,0,9609,2,input,4000,0,0,0,0,-1
0,0,9610,2,input,4001,0,0,0,0,-1
0,0,9611,2,input,4002,0,0,0,0,-1
0,0,9612,2,input,4004,0,0,0,0,-1
0,0,9613,2,input,4005,0,0,0,0,-1
0,0,9614,2,input,4006,0,0,0,0,-1
0,0,9615,2,input,4007,0,0,0,0,-1
0,0,9616,2,input,4008,0,0,0,0,-1
0,0,9617,2,input,4009,0,0,0,0,-1
0,0,9618,2,input,4011,0,0,0,0,-1
0,0,9619,2,input,4012,0,0,0,0,-1
0,0,9620,2,input,4013,0,0,0,0,-1
0,0,9621,2,input,4014,0,0,0,0,1
0,0,9622,2,input,4015,0,0,0,0,-1
0,0,9623,2,input,4016,0,0,0,0,-1
0,0,9624,2,input,4018,0,0,0,0,-1
0,0,9625,2,input,4020,0,0,0,0,-1
0,0,9626,2,input,4021,0,0,0,0,-1
0,0,9627,2,input,4022,0,0,0,0,-1
0,0,9628,2,input,4023,0,0,0,0,-1
0,0,9629,2,input,4024,0,0,0,0,1
0,0,9630,2,input,4028,0,0,0,0,-1
0,0,9631,2,input,4030,0,0,0,0,-1
0,0,9632,2,input,4031,0,0,0,0,-1
0,0,9633,2,input,4032,0,0,0,0,-1
0,0,9634,2,input,4036,0,0,0,0,-1
0,0,9635,2,input,4037,0,0,0,0,-1
0,0,9636,2,input,4038,0,0,0,0,-1
0,0,9637,2,input,4041,0,0,0,0,-1
0,0,9638,2,input,4044,0,0,0,0,-1
0,0,9639,2,input,4045,0,0,0,0,-1
0,0,9640,2,input,4046,0,0,0,0,-1
0,0,9641,2,input,4047,0,0,0,0,-1
0,0,9642,2,input,4048,0,0,0,0,-1
0,0,9643,2,input,4050,0,0,0,0,-1
0,0,9644,2,input,4051,0,0,0,0,1
0,0,9645,2,input,4052,0,0,0,0,-1
0,0,9646,2,input,4053,0,0,0,0,-1
0,0,9647,2,input,4055,0,0,0,0,-1
0,0,9648,2,input,4056,0,0,0,0,-1
0,0,9649,2,input,4057,0,0,0,0,-1
0,0,9650,2,input,4058,0,0,0,0,-1
0,0,9651,2,input,4059,0,0,0,0,-1
0,0,9652,2,input,4060,0,0,0,0,-1
0,0,9653,2,input,4061,0,0,0,0,-1
0,0,9654,2,input,4062,0,0,0,0,1
0,0,9655,2,input,4063,0,0,0,0,-1
0,0,9656,2,input,4065,0,0,0,0,-1
0,0,9657,2,input,4066,0,0,0,0,1
0,0,9658,2,input,4067,0,0,0,0,-1
0,0,9659,2,input,4068,0,0,0,0,-1
0,0,9660,2,input,4069,0,0,0,0,-1
0,0,9661,2,input,4072,0,0,0,0,-1
0,0,9662,2,input,4074,0,0,0,0,-1
0,0,9663,2,input,4075,0,0,0,0,-1
0,0,9664,2,input,4076,0,0,0,0,-1
0,0,9665,2,input,4077,0,0,0,0,-1
0,0,9666,2,input,4079,0,0,0,0,-1
0,0,9667,2,input,4080,0,0,0,0,-1
0,0,9668,2,input,4081,0,0,0,0,-1
0,0,9669,2,input,4082,0,0,0,0,-1
0,0,9670,2,input,4083,0,0,0,0,-1
0,0,9671,2,input,4084,0,0,0,0,1
0,0,9672,2,input,4085,0,0,0,0,-1
0,0,9673,2,input,4087,0,0,0,0,1
0,0,9674,2,input,4088,0,0,0,0,-1
0,0,9675,2,input,4089,0,0,0,0,-1
0,0,9676,2,input,4090,0,0,0,0,-1
0,0,9677,2,input,4091,0,0,0,0,-1
0,0,9678,2,input,4093,0,0,0,0,-1
0,0,9679,2,input,4094,0,0,0,0,-1
0,0,9680,2,input,4095,0,0,0,0,-1
0,0,9681,2,input,4096,0,0,0,0,-1
0,0,9682,2,input,4097,0,0,0,0,-1
0,0,9683,2,input,4098,0,0,0,0,-1
0,0,9684,2,input,4099,0,0,0,0,-1
0,0,9685,2,input,4100,0,0,0,0,-1
0,0,9686,2,input,4101,0,0,0,0,-1
0,0,9687,2,input,4102,0,0,0,0,1
0,0,9688,2,input,4103,0,0,0,0,1
0,0,9689,2,input,4104,0,0,0,0,-1
0,0,9690,2,input,4106,0,0,0,0,-1
0,0,9691,2,input,4107,0,0,0,0,-1
0,0,9692,2,input,4108,0,0,0,0,-1
0,0,9693,2,input,4109,0,0,0,0,-1
0,0,9694,2,input,4110,0,0,0,0,-1
0,0,9695,2,input,4111,0,0,0,0,-1
0,0,9696,2,input,4112,0,0,0,0,1
0,0,9697,2,input,4113,0,0,0,0,-1
0,0,9698,2,input,4114,0,0,0,0,1
0,0,9699,2,input,4115,0,0,0,0,-1
0,0,9700,2,input,4117,0,0,0,0,-1
0,0,9701,2,input,4118,0,0,0,0,-1
0,0,9702,2,input,4119,0,0,0,0,-1
0,0,9703,2,input,4120,0,0,0,0,-1
0,0,9704,2,input,4121,0,0,0,0,-1
0,0,9705,2,input,4122,0,0,0,0,1
0,0,9706,2,input,4123,0,0,0,0,1
0,0,9707,2,input,4124,0,0,0,0,-1
0,0,9708,2,input,4126,0,0,0,0,-1
0,0,9709,2,input,4129,0,0,0,0,1
0,0,9710,2,input,4130,0,0,0,0,-1
0,0,9711,2,input,4131,0,0,0,0,-1
0,0,9712,2,input,4132,0,0,0,0,-1
0,0,9713,2,input,4133,0,0,0,0,1
0,0,9714,2,input,4134,0,0,0,0,1
0,0,9715,2,input,4136,0,0,0,0,-1
0,0,9716,2,input,4137,0,0,0,0,-1
0,0,9717,2,input,4138,0,0,0,0,1
0,0,9718,2,input,4142,0,0,0,0,1
0,0,9719,2,input,4145,0,0,0,0,-1
0,0,9720,2,input,4147,0,0,0,0,-1
0,0,9721,2,input,4149,0,0,0,0,-1
0,0,9722,2,input,4150,0,0,0,0,1
0,0,9723,2,input,4151,0,0,0,0,-1
0,0,9724,2,input,4152,0,0,0,0,-1
0,0,9725,2,input,4153,0,0,0,0,-1
0,0,9726,2,input,4154,0,0,0,0,-1
0,0,9727,2,input,4155,0,0,0,0,-1
0,0,9728,2,input,4156,0,0,0,0,-1
0,0,9729,2,input,4158,0,0,0,0,1
0,0,9730,2,input,4159,0,0,0,0,-1
0,0,9731,2,input,4160,0,0,0,0,-1
0,0,9732,2,input,4162,0,0,0,0,-1
0,0,9733,2,input,4163,0,0,0,0,-1
0,0,9734,2,input,4164,0,0,0,0,-1
0,0,9735,2,input,4167,0,0,0,0,-1
0,0,9736,2,input,4168,0,0,0,0,-1
0,0,9737,2,input,4169,0,0,0,0,-1
0,0,9738,2,input,4170,0,0,0,0,-1
0,0,9739,2,input,4171,0,0,0,0,-1
0,0,9740,2,input,4172,0,0,0,0,-1
0,0,9741,2,input,4173,0,0,0,0,1
0,0,9742,2,input,4174,0,0,0,0,-1
0,0,9743,2,input,4175,0,0,0,0,-1
0,0,9744,2,input,4176,0,0,0,0,1
0,0,9745,2,input,4177,0,0,0,0,1
0,0,9746,2,input,4178,0,0,0,0,-1
0,0,9747,2,input,4179,0,0,0,0,-1
0,0,9748,2,input,4181,0,0,0,0,-1
0,0,9749,2,input,4182,0,0,0,0,-1
0,0,9750,2,input,4183,0,0,0,0,-1
0,0,9751,2,input,4184,0,0,0,0,-1
0,0,9752,2,input,4185,0,0,0,0,-1
0,0,9753,2,input,4186,0,0,0,0,-1
0,0,9754,2,input,4187,0,0,0,0,1
0,0,9755,2,input,4188,0,0,0,0,1
0,0,9756,2,input,4189,0,0,0,0,1
0,0,9757,2,input,4190,0,0,0,0,-1
0,0,9758,2,input,4191,0,0,0,0,-1
0,0,9759,2,input,4193,0,0,0,0,-1
0,0,9760,2,input,4195,0,0,0,0,-1
0,0,9761,2,input,4197,0,0,0,0,1
0,0,9762,2,input,4198,0,0,0,0,-1
0,0,9763,2,input,4199,0,0,0,0,-1
0,0,9764,2,input,4200,0,0,0,0,-1
0,0,9765,2,input,4202,0,0,0,0,1
0,0,9766,2,input,4203,0,0,0,0,1
0,0,9767,2,input,4205,0,0,0,0,-1
0,0,9768,2,input,4207,0,0,0,0,-1
0,0,9769,2,input,4208,0,0,0,0,1
0,0,9770,2,input,4210,0,0,0,0,-1
0,0,9771,2,input,4211,0,0,0,0,-1
0,0,9772,2,input,4212,0,0,0,0,-1
0,0,9773,2,input,4213,0,0,0,0,-1
0,0,9774,2,input,4214,0,0,0,0,-1
0,0,9775,2,input,4217,0,0,0,0,1
0,0,9776,2,input,4221,0,0,0,0,1
0,0,9777,2,input,4223,0,0,0,0,-1
0,0,9778,2,input,4224,0,0,0,0,-1
0,0,9779,2,input,4226,0,0,0,0,-1
0,0,9780,2,input,4228,0,0,0,0,-1
0,0,9781,2,input,4229,0,0,0,0,1
0,0,9782,2,input,4230,0,0,0,0,1
0,0,9783,2,input,4231,0,0,0,0,-1
0,0,9784,2,input,4232,0,0,0,0,1
0,0,9785,2,input,4234,0,0,0,0,-1
0,0,9786,2,input,4235,0,0,0,0,-1
0,0,9787,2,input,4236,0,0,0,0,-1
0,0,9788,2,input,4238,0,0,0,0,-1
0,0,9789,2,input,4239,0,0,0,0,-1
0,0,9790,2,input,4242,0,0,0,0,1
0,0,9791,2,input,4243,0,0,0,0,-1
0,0,9792,2,input,4246,0,0,0,0,-1
0,0,9793,2,input,4249,0,0,0,0,-1
0,0,9794,2,input,4250,0,0,0,0,1
0,0,9795,2,input,4251,0,0,0,0,1
0,0,9796,2,input,4253,0,0,0,0,1
0,0,9797,2,input,4254,0,0,0,0,-1
0,0,9798,2,input,4256,0,0,0,0,1
0,0,9799,2,input,4257,0,0,0,0,1
0,0,9800,2,input,4258,0,0,0,0,-1
0,0,9801,2,input,4259,0,0,0,0,-1
0,0,9802,2,input,4260,0,0,0,0,-1
0,0,9803,2,input,4263,0,0,0,0,1
0,0,9804,2,input,4264,0,0,0,0,-1
0,0,9805,2,input,4265,0,0,0,0,-1
0,0,9806,2,input,4266,0,0,0,0,1
0,0,9807,2,input,4268,0,0,0,0,-1
0,0,9808,2,input,4269,0,0,0,0,1
0,0,9809,2,input,4270,0,0,0,0,1
0,0,9810,2,input,4272,0,0,0,0,-1
0,0,9811,2,input,4273,0,0,0,0,1
0,0,9812,2,input,4274,0,0,0,0,1
0,0,9813,2,input,4275,0,0,0,0,-1
0,0,9814,2,input,4276,0,0,0,0,-1
0,0,9815,2,input,4277,0,0,0,0,-1
0,0,9816,2,input,4278,0,0,0,0,-1
0,0,9817,2,input,4279,0,0,0,0,-1
0,0,9818,2,input,4280,0,0,0,0,-1
0,0,9819,2,input,4283,0,0,0,0,-1
0,0,9820,2,input,4284,0,0,0,0,-1
0,0,9821,2,input,4285,0,0,0,0,-1
0,0,9822,2,input,4286,0,0,0,0,1
0,0,9823,2,input,4287,0,0,0,0,-1
0,0,9824,2,input,4289,0,0,0,0,1
0,0,9825,2,input,4290,0,0,0,0,-1
0,0,9826,2,input,4291,0,0,0,0,-1
0,0,9827,2,input,4292,0,0,0,0,-1
0,0,9828,2,input,4293,0,0,0,0,-1
0,0,9829,2,input,4295,0,0,0,0,1
0,0,9830,2,input,4297,0,0,0,0,-1
0,0,9831,2,input,4299,0,0,0,0,-1
0,0,9832,2,input,4301,0,0,0,0,1
0,0,9833,2,input,4302,0,0,0,0,-1
0,0,9834,2,input,4303,0,0,0,0,-1
0,0,9835,2,input,4306,0,0,0,0,-1
0,0,9836,2,input,4307,0,0,0,0,-1
0,0,9837,2,input,4311,0,0,0,0,-1
0,0,9838,2,input,4312,0,0,0,0,-1
0,0,9839,2,input,4313,0,0,0,0,-1
0,0,9840,2,input,4314,0,0,0,0,-1
0,0,9841,2,input,4316,0,0,0,0,1
0,0,9842,2,input,4318,0,0,0,0,-1
0,0,9843,2,input,4319,0,0,0,0,-1
0,0,9844,2,input,4320,0,0,0,0,-1
0,0,9845,2,input,4321,0,0,0,0,-1
0,0,9846,2,input,4322,0,0,0,0,-1
0,0,9847,2,input,4323,0,0,0,0,-1
0,0,9848,2,input,4324,0,0,0,0,-1
0,0,9849,2,input,4327,0,0,0,0,-1
0,0,9850,2,input,4328,0,0,0,0,-1
0,0,9851,2,input,4329,0,0,0,0,-1
0,0,9852,2,input,4330,0,0,0,0,-1
0,0,9853,2,input,4331,0,0,0,0,1
0,0,9854,2,input,4332,0,0,0,0,-1
0,0,9855,2,input,4333,0,0,0,0,-1
0,0,9856,2,input,4334,0,0,0,0,-1
0,0,9857,2,input,4335,0,0,0,0,-1
0,0,9858,2,input,4338,0,0,0,0,-1
0,0,9859,2,input,4339,0,0,0,0,-1
0,0,9860,2,input,4340,0,0,0,0,-1
0,0,9861,2,input,4341,0,0,0,0,-1
0,0,9862,2,input,4342,0,0,0,0,-1
0,0,9863,2,input,4343,0,0,0,0,-1
0,0,9864,2,input,4344,0,0,0,0,-1
0,0,9865,2,input,4345,0,0,0,0,1
0,0,9866,2,input,4347,0,0,0,0,-1
0,0,9867,2,input,4349,0,0,0,0,1
0,0,9868,2,input,4350,0,0,0,0,-1
0,0,9869,2,input,4351,0,0,0,0,-1
0,0,9870,2,input,4352,0,0,0,0,-1
0,0,9871,2,input,4354,0,0,0,0,-1
0,0,9872,2,input,4355,0,0,0,0,-1
0,0,9873,2,input,4356,0,0,0,0,-1
0,0,9874,2,input,4357,0,0,0,0,-1
0,0,9875,2,input,4358,0,0,0,0,-1
0,0,9876,2,input,4359,0,0,0,0,-1
0,0,9877,2,input,4360,0,0,0,0,-1
0,0,9878,2,input,4361,0,0,0,0,-1
0,0,9879,2,input,4362,0,0,0,0,1
0,0,9880,2,input,4363,0,0,0,0,-1
0,0,9881,2,input,4364,0,0,0,0,-1
0,0,9882,2,input,4365,0,0,0,0,-1
0,0,9883,2,input,4366,0,0,0,0,-1
0,0,9884,2,input,4367,0,0,0,0,-1
0,0,9885,2,input,4368,0,0,0,0,1
0,0,9886,2,input,4369,0,0,0,0,1
0,0,9887,2,input,4370,0,0,0,0,-1
0,0,9888,2,input,4372,0,0,0,0,-1
0,0,9889,2,input,4373,0,0,0,0,-1
0,0,9890,2,input,4375,0,0,0,0,1
0,0,9891,2,input,4376,0,0,0,0,1
0,0,9892,2,input,4377,0,0,0,0,-1
0,0,9893,2,input,4379,0,0,0,0,1
0,0,9894,2,input,4380,0,0,0,0,-1
0,0,9895,2,input,4381,0,0,0,0,-1
0,0,9896,2,input,4382,0,0,0,0,-1
0,0,9897,2,input,4385,0,0,0,0,-1
0,0,9898,2,input,4386,0,0,0,0,-1
0,0,9899,2,input,4387,0,0,0,0,-1
0,0,9900,2,input,4388,0,0,0,0,-1
0,0,9901,2,input,4389,0,0,0,0,-1
0,0,9902,2,input,4390,0,0,0,0,-1
0,0,9903,2,input,4392,0,0,0,0,-1
0,0,9904,2,input,4393,0,0,0,0,-1
0,0,9905,2,input,4394,0,0,0,0,-1
0,0,9906,2,input,4395,0,0,0,0,-1
0,0,9907,2,input,4396,0,0,0,0,-1
0,0,9908,2,input,4398,0,0,0,0,1
0,0,9909,2,input,4399,0,0,0,0,-1
0,0,9910,2,input,4403,0,0,0,0,-1
0,0,9911,2,input,4404,0,0,0,0,-1
0,0,9912,2,input,4405,0,0,0,0,-1
0,0,9913,2,input,4407,0,0,0,0,-1
0,0,9914,2,input,4408,0,0,0,0,1
0,0,9915,2,input,4411,0,0,0,0,-1
0,0,9916,2,input,4413,0,0,0,0,-1
0,0,9917,2,input,4416,0,0,0,0,-1
0,0,9918,2,input,4417,0,0,0,0,-1
0,0,9919,2,input,4418,0,0,0,0,-1
0,0,9920,2,input,4419,0,0,0,0,-1
0,0,9921,2,input,4420,0,0,0,0,-1
0,0,9922,2,input,4422,0,0,0,0,-1
0,0,9923,2,input,4423,0,0,0,0,1
0,0,9924,2,input,4425,0,0,0,0,-1
0,0,9925,2,input,4428,0,0,0,0,-1
0,0,9926,2,input,4429,0,0,0,0,-1
0,0,9927,2,input,4430,0,0,0,0,1
0,0,9928,2,input,4431,0,0,0,0,-1
0,0,9929,2,input,4434,0,0,0,0,-1
0,0,9930,2,input,4435,0,0,0,0,-1
0,0,9931,2,input,4439,0,0,0,0,-1
0,0,9932,2,input,4441,0,0,0,0,-1
0,0,9933,2,input,4442,0,0,0,0,-1
0,0,9934,2,input,4443,0,0,0,0,1
0,0,9935,2,input,4444,0,0,0,0,-1
0,0,9936,2,input,4445,0,0,0,0,-1
0,0,9937,2,input,4446,0,0,0,0,-1
0,0,9938,2,input,4449,0,0,0,0,-1
0,0,9939,2,input,4450,0,0,0,0,-1
0,0,9940,2,input,4451,0,0,0,0,1
0,0,9941,2,input,4452,0,0,0,0,-1
0,0,9942,2,input,4453,0,0,0,0,1
0,0,9943,2,input,4455,0,0,0,0,-1
0,0,9944,2,input,4456,0,0,0,0,1
0,0,9945,2,input,4457,0,0,0,0,-1
0,0,9946,2,input,4458,0,0,0,0,1
0,0,9947,2,input,4460,0,0,0,0,-1
0,0,9948,2,input,4461,0,0,0,0,-1
0,0,9949,2,input,4462,0,0,0,0,-1
0,0,9950,2,input,4463,0,0,0,0,-1
0,0,9951,2,input,4464,0,0,0,0,-1
0,0,9952,2,input,4465,0,0,0,0,1
0,0,9953,2,input,4466,0,0,0,0,-1
0,0,9954,2,input,4467,0,0,0,0,1
0,0,9955,2,input,4468,0,0,0,0,1
0,0,9956,2,input,4469,0,0,0,0,-1
0,0,9957,2,input,4471,0,0,0,0,-1
0,0,9958,2,input,4474,0,0,0,0,1
0,0,9959,2,input,4475,0,0,0,0,-1
0,0,9960,2,input,4476,0,0,0,0,-1
0,0,9961,2,input,4477,0,0,0,0,1
0,0,9962,2,input,4478,0,0,0,0,-1
0,0,9963,2,input,4479,0,0,0,0,-1
0,0,9964,2,input,4480,0,0,0,0,-1
0,0,9965,2,input,4481,0,0,0,0,-1
0,0,9966,2,input,4483,0,0,0,0,-1
0,0,9967,2,input,4484,0,0,0,0,-1
0,0,9968,2,input,4485,0,0,0,0,-1
0,0,9969,2,input,4486,0,0,0,0,-1
0,0,9970,2,input,4488,0,0,0,0,-1
0,0,9971,2,input,4489,0,0,0,0,-1
0,0,9972,2,input,4490,0,0,0,0,-1
0,0,9973,2,input,4492,0,0,0,0,-1
0,0,9974,2,input,4493,0,0,0,0,-1
0,0,9975,2,input,4494,0,0,0,0,-1
0,0,9976,2,input,4495,0,0,0,0,1
0,0,9977,2,input,4496,0,0,0,0,-1
0,0,9978,2,input,4497,0,0,0,0,-1
0,0,9979,2,input,4498,0,0,0,0,-1
0,0,9980,2,input,4500,0,0,0,0,-1
0,0,9981,2,input,4501,0,0,0,0,-1
0,0,9982,2,input,4502,0,0,0,0,-1
0,0,9983,2,input,4503,0,0,0,0,1
0,0,9984,2,input,4504,0,0,0,0,-1
0,0,9985,2,input,4505,0,0,0,0,-1
0,0,9986,2,input,4507,0,0,0,0,-1
0,0,9987,2,input,4508,0,0,0,0,1
0,0,9988,2,input,4510,0,0,0,0,-1
0,0,9989,2,input,4511,0,0,0,0,-1
0,0,9990,2,input,4514,0,0,0,0,-1
0,0,9991,2,input,4517,0,0,0,0,-1
0,0,9992,2,input,4518,0,0,0,0,-1
0,0,9993,2,input,4519,0,0,0,0,-1
0,0,9994,2,input,4520,0,0,0,0,-1
0,0,9995,2,input,4522,0,0,0,0,-1
0,0,9996,2,input,4523,0,0,0,0,-1
0,0,9997,2,input,4524,0,0,0,0,-1
0,0,9998,2,input,4526,0,0,0,0,-1
0,0,9999,2,input,4527,0,0,0,0,1
0,0,10000,2,input,4528,0,0,0,0,-1
0,0,10001,2,input,4531,0,0,0,0,-1
0,0,10002,2,input,4532,0,0,0,0,-1
0,0,10003,2,input,4533,0,0,0,0,-1
0,0,10004,2,input,4534,0,0,0,0,-1
0,0,10005,2,input,4535,0,0,0,0,-1
0,0,10006,2,input,4536,0,0,0,0,-1
0,0,10007,2,input,4537,0,0,0,0,1
0,0,10008,2,input,4538,0,0,0,0,-1
0,0,10009,2,input,4539,0,0,0,0,1
0,0,10010,2,input,4541,0,0,0,0,-1
0,0,10011,2,input,4542,0,0,0,0,-1
0,0,10012,2,input,4543,0,0,0,0,-1
0,0,10013,2,input,4544,0,0,0,0,1
0,0,10014,2,input,4545,0,0,0,0,1
0,0,10015,2,input,4546,0,0,0,0,1
0,0,10016,2,input,4549,0,0,0,0,-1
0,0,10017,2,input,4550,0,0,0,0,-1
0,0,10018,2,input,4551,0,0,0,0,-1
0,0,10019,2,input,4553,0,0,0,0,-1
0,0,10020,2,input,4554,0,0,0,0,-1
0,0,10021,2,input,4555,0,0,0,0,-1
0,0,10022,2,input,4557,0,0,0,0,-1
0,0,10023,2,input,4558,0,0,0,0,-1
0,0,10024,2,input,4559,0,0,0,0,-1
0,0,10025,2,input,4562,0,0,0,0,-1
0,0,10026,2,input,4565,0,0,0,0,-1
0,0,10027,2,input,4566,0,0,0,0,-1
0,0,10028,2,input,4568,0,0,0,0,-1
0,0,10029,2,input,4569,0,0,0,0,1
0,0,10030,2,input,4570,0,0,0,0,-1
0,0,10031,2,input,4571,0,0,0,0,-1
0,0,10032,2,input,4574,0,0,0,0,-1
0,0,10033,2,input,4575,0,0,0,0,1
0,0,10034,2,input,4576,0,0,0,0,1
0,0,10035,2,input,4577,0,0,0,0,-1
0,0,10036,2,input,4578,0,0,0,0,1
0,0,10037,2,input,4579,0,0,0,0,-1
0,0,10038,2,input,4581,0,0,0,0,-1
0,0,10039,2,input,4584,0,0,0,0,-1
0,0,10040,2,input,4586,0,0,0,0,-1
0,0,10041,2,input,4587,0,0,0,0,1
0,0,10042,2,input,4588,0,0,0,0,-1
0,0,10043,2,input,4590,0,0,0,0,-1
0,0,10044,2,input,4591,0,0,0,0,-1
0,0,10045,2,input,4592,0,0,0,0,-1
0,0,10046,2,input,4593,0,0,0,0,-1
0,0,10047,2,input,4596,0,0,0,0,1
0,0,10048,2,input,4597,0,0,0,0,-1
0,0,10049,2,input,4599,0,0,0,0,-1
0,0,10050,2,input,4600,0,0,0,0,-1
0,0,10051,2,input,4604,0,0,0,0,1
0,0,10052,2,input,4605,0,0,0,0,-1
0,0,10053,2,input,4606,0,0,0,0,1
0,0,10054,2,input,4609,0,0,0,0,-1
0,0,10055,2,input,4610,0,0,0,0,-1
0,0,10056,2,input,4611,0,0,0,0,-1
0,0,10057,2,input,4612,0,0,0,0,-1
0,0,10058,2,input,4613,0,0,0,0,-1
0,0,10059,2,input,4614,0,0,0,0,-1
0,0,10060,2,input,4615,0,0,0,0,-1
0,0,10061,2,input,4616,0,0,0,0,-1
0,0,10062,2,input,4617,0,0,0,0,-1
0,0,10063,2,input,4618,0,0,0,0,1
0,0,10064,2,input,4620,0,0,0,0,1
0,0,10065,2,input,4621,0,0,0,0,-1
0,0,10066,2,input,4624,0,0,0,0,-1
0,0,10067,2,input,4625,0,0,0,0,-1
0,0,10068,2,input,4626,0,0,0,0,-1
0,0,10069,2,input,4627,0,0,0,0,1
0,0,10070,2,input,4628,0,0,0,0,-1
0,0,10071,2,input,4630,0,0,0,0,-1
0,0,10072,2,input,4631,0,0,0,0,1
0,0,10073,2,input,4633,0,0,0,0,-1
0,0,10074,2,input,4635,0,0,0,0,-1
0,0,10075,2,input,4636,0,0,0,0,-1
0,0,10076,2,input,4637,0,0,0,0,-1
0,0,10077,2,input,4638,0,0,0,0,1
0,0,10078,2,input,4639,0,0,0,0,1
0,0,10079,2,input,4640,0,0,0,0,-1
0,0,10080,2,input,4641,0,0,0,0,-1
0,0,10081,2,input,4644,0,0,0,0,-1
0,0,10082,2,input,4645,0,0,0,0,-1
0,0,10083,2,input,4646,0,0,0,0,-1
0,0,10084,2,input,4647,0,0,0,0,-1
0,0,10085,2,input,4648,0,0,0,0,-1
0,0,10086,2,input,4649,0,0,0,0,-1
0,0,10087,2,input,4650,0,0,0,0,-1
0,0,10088,2,input,4652,0,0,0,0,-1
0,0,10089,2,input,4653,0,0,0,0,-1
0,0,10090,2,input,4654,0,0,0,0,-1
0,0,10091,2,input,4655,0,0,0,0,1
0,0,10092,2,input,4656,0,0,0,0,-1
0,0,10093,2,input,4658,0,0,0,0,-1
0,0,10094,2,input,4659,0,0,0,0,1
0,0,10095,2,input,4662,0,0,0,0,-1
0,0,10096,2,input,4663,0,0,0,0,-1
0,0,10097,2,input,4665,0,0,0,0,-1
0,0,10098,2,input,4668,0,0,0,0,1
0,0,10099,2,input,4670,0,0,0,0,-1
0,0,10100,2,input,4676,0,0,0,0,-1
0,0,10101,2,input,4677,0,0,0,0,-1
0,0,10102,2,input,4678,0,0,0,0,-1
0,0,10103,2,input,4679,0,0,0,0,-1
0,0,10104,2,input,4683,0,0,0,0,1
0,0,10105,2,input,4684,0,0,0,0,-1
0,0,10106,2,input,4685,0,0,0,0,-1
0,0,10107,2,input,4686,0,0,0,0,-1
0,0,10108,2,input,4687,0,0,0,0,-1
0,0,10109,2,input,4688,0,0,0,0,-1
0,0,10110,2,input,4689,0,0,0,0,-1
0,0,10111,2,input,4690,0,0,0,0,-1
0,0,10112,2,input,4691,0,0,0,0,-1
0,0,10113,2,input,4692,0,0,0,0,-1
0,0,10114,2,input,4693,0,0,0,0,-1
0,0,10115,2,input,4694,0,0,0,0,-1
0,0,10116,2,input,4696,0,0,0,0,-1
0,0,10117,2,input,4697,0,0,0,0,1
0,0,10118,2,input,4698,0,0,0,0,1
0,0,10119,2,input,4700,0,0,0,0,-1
0,0,10120,2,input,4701,0,0,0,0,-1
0,0,10121,2,input,4703,0,0,0,0,-1
0,0,10122,2,input,4704,0,0,0,0,1
0,0,10123,2,input,4705,0,0,0,0,-1
0,0,10124,2,input,4706,0,0,0,0,-1
0,0,10125,2,input,4707,0,0,0,0,-1
0,0,10126,2,input,4708,0,0,0,0,-1
0,0,10127,2,input,4709,0,0,0,0,-1
0,0,10128,2,input,4711,0,0,0,0,-1
0,0,10129,2,input,4715,0,0,0,0,1
0,0,10130,2,input,4716,0,0,0,0,-1
0,0,10131,2,input,4717,0,0,0,0,1
0,0,10132,2,input,4718,0,0,0,0,-1
0,0,10133,2,input,4719,0,0,0,0,-1
0,0,10134,2,input,4720,0,0,0,0,-1
0,0,10135,2,input,4721,0,0,0,0,-1
0,0,10136,2,input,4723,0,0,0,0,-1
0,0,10137,2,input,4724,0,0,0,0,1
0,0,10138,2,input,4725,0,0,0,0,-1
0,0,10139,2,input,4726,0,0,0,0,-1
0,0,10140,2,input,4727,0,0,0,0,-1
0,0,10141,2,input,4728,0,0,0,0,-1
0,0,10142,2,input,4729,0,0,0,0,-1
0,0,10143,2,input,4730,0,0,0,0,-1
0,0,10144,2,input,4732,0,0,0,0,-1
0,0,10145,2,input,4733,0,0,0,0,-1
0,0,10146,2,input,4736,0,0,0,0,-1
0,0,10147,2,input,4737,0,0,0,0,-1
0,0,10148,2,input,4739,0,0,0,0,-1
0,0,10149,2,input,4740,0,0,0,0,1
0,0,10150,2,input,4742,0,0,0,0,-1
0,0,10151,2,input,4743,0,0,0,0,-1
0,0,10152,2,input,4745,0,0,0,0,-1
0,0,10153,2,input,4746,0,0,0,0,-1
0,0,10154,2,input,4747,0,0,0,0,-1
0,0,10155,2,input,4748,0,0,0,0,-1
0,0,10156,2,input,4749,0,0,0,0,-1
0,0,10157,2,input,4750,0,0,0,0,1
0,0,10158,2,input,4751,0,0,0,0,1
0,0,10159,2,input,4752,0,0,0,0,1
0,0,10160,2,input,4753,0,0,0,0,-1
0,0,10161,2,input,4756,0,0,0,0,1
0,0,10162,2,input,4757,0,0,0,0,-1
0,0,10163,2,input,4758,0,0,0,0,1
0,0,10164,2,input,4759,0,0,0,0,1
0,0,10165,2,input,4760,0,0,0,0,-1
0,0,10166,2,input,4762,0,0,0,0,-1
0,0,10167,2,input,4764,0,0,0,0,-1
0,0,10168,2,input,4767,0,0,0,0,-1
0,0,10169,2,input,4769,0,0,0,0,-1
0,0,10170,2,input,4771,0,0,0,0,-1
0,0,10171,2,input,4772,0,0,0,0,-1
0,0,10172,2,input,4773,0,0,0,0,-1
0,0,10173,2,input,4774,0,0,0,0,-1
0,0,10174,2,input,4775,0,0,0,0,-1
0,0,10175,2,input,4776,0,0,0,0,-1
0,0,10176,2,input,4777,0,0,0,0,-1
0,0,10177,2,input,4778,0,0,0,0,-1
0,0,10178,2,input,4782,0,0,0,0,-1
0,0,10179,2,input,4783,0,0,0,0,-1
0,0,10180,2,input,4786,0,0,0,0,-1
0,0,10181,2,input,4787,0,0,0,0,1
0,0,10182,2,input,4788,0,0,0,0,-1
0,0,10183,2,input,4789,0,0,0,0,-1
0,0,10184,2,input,4790,0,0,0,0,-1
0,0,10185,2,input,4791,0,0,0,0,-1
0,0,10186,2,input,4792,0,0,0,0,1
0,0,10187,2,input,4793,0,0,0,0,-1
0,0,10188,2,input,4794,0,0,0,0,-1
0,0,10189,2,input,4796,0,0,0,0,-1
0,0,10190,2,input,4797,0,0,0,0,-1
0,0,10191,2,input,4798,0,0,0,0,-1
0,0,10192,2,input,4799,0,0,0,0,-1
0,0,10193,2,input,4801,0,0,0,0,-1
0,0,10194,2,input,4802,0,0,0,0,-1
0,0,10195,2,input,4804,0,0,0,0,-1
0,0,10196,2,input,4805,0,0,0,0,-1
0,0,10197,2,input,4806,0,0,0,0,-1
0,0,10198,2,input,4807,0,0,0,0,1
0,0,10199,2,input,4808,0,0,0,0,1
0,0,10200,2,input,4809,0,0,0,0,-1
0,0,10201,2,input,4810,0,0,0,0,-1
0,0,10202,2,input,4813,0,0,0,0,-1
0,0,10203,2,input,4814,0,0,0,0,-1
0,0,10204,2,input,4815,0,0,0,0,-1
0,0,10205,2,input,4816,0,0,0,0,-1
0,0,10206,2,input,4817,0,0,0,0,-1
0,0,10207,2,input,4818,0,0,0,0,1
0,0,10208,2,input,4819,0,0,0,0,-1
0,0,10209,2,input,4820,0,0,0,0,-1
0,0,10210,2,input,4821,0,0,0,0,1
0,0,10211,2,input,4822,0,0,0,0,-1
0,0,10212,2,input,4823,0,0,0,0,-1
0,0,10213,2,input,4824,0,0,0,0,1
0,0,10214,2,input,4825,0,0,0,0,-1
0,0,10215,2,input,4827,0,0,0,0,-1
0,0,10216,2,input,4828,0,0,0,0,-1
0,0,10217,2,input,4830,0,0,0,0,-1
0,0,10218,2,input,4831,0,0,0,0,-1
0,0,10219,2,input,4832,0,0,0,0,1
0,0,10220,2,input,4833,0,0,0,0,-1
0,0,10221,2,input,4837,0,0,0,0,-1
0,0,10222,2,input,4839,0,0,0,0,-1
0,0,10223,2,input,4841,0,0,0,0,-1
0,0,10224,2,input,4844,0,0,0,0,-1
0,0,10225,2,input,4845,0,0,0,0,1
0,0,10226,2,input,4846,0,0,0,0,-1
0,0,10227,2,input,4847,0,0,0,0,-1
0,0,10228,2,input,4848,0,0,0,0,-1
0,0,10229,2,input,4849,0,0,0,0,-1
0,0,10230,2,input,4850,0,0,0,0,-1
0,0,10231,2,input,4853,0,0,0,0,-1
0,0,10232,2,input,4855,0,0,0,0,-1
0,0,10233,2,input,4856,0,0,0,0,-1
0,0,10234,2,input,4857,0,0,0,0,-1
0,0,10235,2,input,4858,0,0,0,0,-1
0,0,10236,2,input,4859,0,0,0,0,-1
0,0,10237,2,input,4860,0,0,0,0,-1
0,0,10238,2,input,4861,0,0,0,0,-1
0,0,10239,2,input,4862,0,0,0,0,-1
0,0,10240,2,input,4863,0,0,0,0,-1
0,0,10241,2,input,4864,0,0,0,0,-1
0,0,10242,2,input,4865,0,0,0,0,-1
0,0,10243,2,input,4866,0,0,0,0,-1
0,0,10244,2,input,4868,0,0,0,0,-1
0,0,10245,2,input,4869,0,0,0,0,-1
0,0,10246,2,input,4870,0,0,0,0,-1
0,0,10247,2,input,4871,0,0,0,0,-1
0,0,10248,2,input,4873,0,0,0,0,1
0,0,10249,2,input,4875,0,0,0,0,-1
0,0,10250,2,input,4876,0,0,0,0,1
0,0,10251,2,input,4877,0,0,0,0,-1
0,0,10252,2,input,4878,0,0,0,0,-1
0,0,10253,2,input,4880,0,0,0,0,-1
0,0,10254,2,input,4881,0,0,0,0,-1
0,0,10255,2,input,4882,0,0,0,0,-1
0,0,10256,2,input,4883,0,0,0,0,-1
0,0,10257,2,input,4887,0,0,0,0,1
0,0,10258,2,input,4888,0,0,0,0,-1
0,0,10259,2,input,4891,0,0,0,0,-1
0,0,10260,2,input,4893,0,0,0,0,-1
0,0,10261,2,input,4894,0,0,0,0,-1
0,0,10262,2,input,4895,0,0,0,0,-1
0,0,10263,2,input,4896,0,0,0,0,-1
0,0,10264,2,input,4897,0,0,0,0,-1
0,0,10265,2,input,4898,0,0,0,0,-1
0,0,10266,2,input,4901,0,0,0,0,-1
0,0,10267,2,input,4902,0,0,0,0,-1
0,0,10268,2,input,4903,0,0,0,0,-1
0,0,10269,2,input,4904,0,0,0,0,-1
0,0,10270,2,input,4906,0,0,0,0,-1
0,0,10271,2,input,4909,0,0,0,0,-1
0,0,10272,2,input,4910,0,0,0,0,-1
0,0,10273,2,input,4911,0,0,0,0,-1
0,0,10274,2,input,4912,0,0,0,0,-1
0,0,10275,2,input,4913,0,0,0,0,-1
0,0,10276,2,input,4914,0,0,0,0,1
0,0,10277,2,input,4916,0,0,0,0,-1
0,0,10278,2,input,4917,0,0,0,0,-1
0,0,10279,2,input,4918,0,0,0,0,-1
0,0,10280,2,input,4919,0,0,0,0,-1
0,0,10281,2,input,4920,0,0,0,0,1
0,0,10282,2,input,4921,0,0,0,0,1
0,0,10283,2,input,4924,0,0,0,0,-1
0,0,10284,2,input,4925,0,0,0,0,-1
0,0,10285,2,input,4926,0,0,0,0,-1
0,0,10286,2,input,4927,0,0,0,0,-1
0,0,10287,2,input,4928,0,0,0,0,1
0,0,10288,2,input,4929,0,0,0,0,-1
0,0,10289,2,input,4930,0,0,0,0,-1
0,0,10290,2,input,4932,0,0,0,0,-1
0,0,10291,2,input,4933,0,0,0,0,-1
0,0,10292,2,input,4934,0,0,0,0,-1
0,0,10293,2,input,4935,0,0,0,0,-1
0,0,10294,2,input,4936,0,0,0,0,1
0,0,10295,2,input,4938,0,0,0,0,-1
0,0,10296,2,input,4941,0,0,0,0,-1
0,0,10297,2,input,4943,0,0,0,0,-1
0,0,10298,2,input,4944,0,0,0,0,-1
0,0,10299,2,input,4945,0,0,0,0,-1
0,0,10300,2,input,4946,0,0,0,0,-1
0,0,10301,2,input,4947,0,0,0,0,-1
0,0,10302,2,input,4948,0,0,0,0,-1
0,0,10303,2,input,4949,0,0,0,0,-1
0,0,10304,2,input,4950,0,0,0,0,1
0,0,10305,2,input,4951,0,0,0,0,-1
0,0,10306,2,input,4953,0,0,0,0,1
0,0,10307,2,input,4955,0,0,0,0,-1
0,0,10308,2,input,4956,0,0,0,0,-1
0,0,10309,2,input,4957,0,0,0,0,-1
0,0,10310,2,input,4958,0,0,0,0,-1
0,0,10311,2,input,4959,0,0,0,0,1
0,0,10312,2,input,4961,0,0,0,0,-1
0,0,10313,2,input,4962,0,0,0,0,1
0,0,10314,2,input,4963,0,0,0,0,-1
0,0,10315,2,input,4964,0,0,0,0,-1
0,0,10316,2,input,4965,0,0,0,0,-1
0,0,10317,2,input,4966,0,0,0,0,1
0,0,10318,2,input,4967,0,0,0,0,-1
0,0,10319,2,input,4968,0,0,0,0,-1
0,0,10320,2,input,4969,0,0,0,0,-1
0,0,10321,2,input,4970,0,0,0,0,-1
0,0,10322,2,input,4971,0,0,0,0,-1
0,0,10323,2,input,4972,0,0,0,0,-1
0,0,10324,2,input,4973,0,0,0,0,-1
0,0,10325,2,input,4974,0,0,0,0,-1
0,0,10326,2,input,4976,0,0,0,0,-1
0,0,10327,2,input,4977,0,0,0,0,-1
0,0,10328,2,input,4978,0,0,0,0,-1
0,0,10329,2,input,4979,0,0,0,0,-1
0,0,10330,2,input,4981,0,0,0,0,1
0,0,10331,2,input,4982,0,0,0,0,-1
0,0,10332,2,input,4983,0,0,0,0,-1
0,0,10333,2,input,4984,0,0,0,0,-1
0,0,10334,2,input,4985,0,0,0,0,-1
0,0,10335,2,input,4986,0,0,0,0,-1
0,0,10336,2,input,4987,0,0,0,0,-1
0,0,10337,2,input,4989,0,0,0,0,-1
0,0,10338,2,input,4990,0,0,0,0,-1
0,0,10339,2,input,4991,0,0,0,0,-1
0,0,10340,2,input,4993,0,0,0,0,-1
0,0,10341,2,input,4994,0,0,0,0,-1
0,0,10342,2,input,4995,0,0,0,0,-1
0,0,10343,2,input,4998,0,0,0,0,-1
0,0,10344,2,input,4999,0,0,0,0,-1
0,0,10345,2,input,5000,0,0,0,0,-1
0,0,10346,2,input,5001,0,0,0,0,-1
0,0,10347,2,input,5003,0,0,0,0,-1
0,0,10348,2,input,5005,0,0,0,0,-1
0,0,10349,2,input,5006,0,0,0,0,-1
0,0,10350,2,input,5009,0,0,0,0,-1
0,0,10351,2,input,5010,0,0,0,0,-1
0,0,10352,2,input,5011,0,0,0,0,-1
0,0,10353,2,input,5012,0,0,0,0,1
0,0,10354,2,input,5013,0,0,0,0,-1
0,0,10355,2,input,5014,0,0,0,0,-1
0,0,10356,2,input,5015,0,0,0,0,1
0,0,10357,2,input,5016,0,0,0,0,-1
0,0,10358,2,input,5017,0,0,0,0,-1
0,0,10359,2,input,5018,0,0,0,0,-1
0,0,10360,2,input,5019,0,0,0,0,-1
0,0,10361,2,input,5020,0,0,0,0,-1
0,0,10362,2,input,5021,0,0,0,0,-1
0,0,10363,2,input,5022,0,0,0,0,-1
0,0,10364,2,input,5023,0,0,0,0,-1
0,0,10365,2,input,5024,0,0,0,0,-1
0,0,10366,2,input,5025,0,0,0,0,-1
0,0,10367,2,input,5026,0,0,0,0,-1
0,0,10368,2,input,5027,0,0,0,0,-1
0,0,10369,2,input,5029,0,0,0,0,-1
0,0,10370,2,input,5030,0,0,0,0,-1
0,0,10371,2,input,5031,0,0,0,0,-1
0,0,10372,2,input,5032,0,0,0,0,-1
0,0,10373,2,input,5033,0,0,0,0,-1
0,0,10374,2,input,5035,0,0,0,0,-1
0,0,10375,2,input,5037,0,0,0,0,-1
0,0,10376,2,input,5038,0,0,0,0,1
0,0,10377,2,input,5039,0,0,0,0,-1
0,0,10378,2,input,5040,0,0,0,0,-1
0,0,10379,2,input,5041,0,0,0,0,1
0,0,10380,2,input,5042,0,0,0,0,-1
0,0,10381,2,input,5043,0,0,0,0,1
0,0,10382,2,input,5045,0,0,0,0,-1
0,0,10383,2,input,5047,0,0,0,0,1
0,0,10384,2,input,5048,0,0,0,0,1
0,0,10385,2,input,5053,0,0,0,0,-1
0,0,10386,2,input,5054,0,0,0,0,-1
0,0,10387,2,input,5055,0,0,0,0,-1
0,0,10388,2,input,5056,0,0,0,0,-1
0,0,10389,2,input,5059,0,0,0,0,1
0,0,10390,2,input,5060,0,0,0,0,-1
0,0,10391,2,input,5061,0,0,0,0,-1
0,0,10392,2,input,5062,0,0,0,0,-1
0,0,10393,2,input,5063,0,0,0,0,-1
0,0,10394,2,input,5065,0,0,0,0,-1
0,0,10395,2,input,5068,0,0,0,0,-1
0,0,10396,2,input,5069,0,0,0,0,-1
0,0,10397,2,input,5071,0,0,0,0,-1
0,0,10398,2,input,5074,0,0,0,0,-1
0,0,10399,2,input,5076,0,0,0,0,-1
0,0,10400,2,input,5077,0,0,0,0,-1
0,0,10401,2,input,5079,0,0,0,0,-1
0,0,10402,2,input,5080,0,0,0,0,-1
0,0,10403,2,input,5081,0,0,0,0,-1
0,0,10404,2,input,5083,0,0,0,0,-1
0,0,10405,2,input,5084,0,0,0,0,-1
0,0,10406,2,input,5085,0,0,0,0,-1
0,0,10407,2,input,5086,0,0,0,0,1
0,0,10408,2,input,5087,0,0,0,0,-1
0,0,10409,2,input,5089,0,0,0,0,-1
0,0,10410,2,input,5092,0,0,0,0,-1
0,0,10411,2,input,5094,0,0,0,0,-1
0,0,10412,2,input,5095,0,0,0,0,-1
0,0,10413,2,input,5096,0,0,0,0,-1
0,0,10414,2,input,5099,0,0,0,0,-1
0,0,10415,2,input,5100,0,0,0,0,-1
0,0,10416,2,input,5101,0,0,0,0,-1
0,0,10417,2,input,5103,0,0,0,0,-1
0,0,10418,2,input,5104,0,0,0,0,-1
0,0,10419,2,input,5105,0,0,0,0,-1
0,0,10420,2,input,5106,0,0,0,0,-1
0,0,10421,2,input,5107,0,0,0,0,-1
0,0,10422,2,input,5108,0,0,0,0,1
0,0,10423,2,input,5109,0,0,0,0,-1
0,0,10424,2,input,5112,0,0,0,0,-1
0,0,10425,2,input,5113,0,0,0,0,-1
0,0,10426,2,input,5115,0,0,0,0,-1
0,0,10427,2,input,5116,0,0,0,0,-1
0,0,10428,2,input,5117,0,0,0,0,-1
0,0,10429,2,input,5118,0,0,0,0,-1
0,0,10430,2,input,5119,0,0,0,0,1
0,0,10431,2,input,5121,0,0,0,0,-1
0,0,10432,2,input,5122,0,0,0,0,1
0,0,10433,2,input,5123,0,0,0,0,-1
0,0,10434,2,input,5125,0,0,0,0,-1
0,0,10435,2,input,5126,0,0,0,0,-1
0,0,10436,2,input,5127,0,0,0,0,1
0,0,10437,2,input,5128,0,0,0,0,-1
0,0,10438,2,input,5129,0,0,0,0,-1
0,0,10439,2,input,5131,0,0,0,0,1
0,0,10440,2,input,5132,0,0,0,0,1
0,0,10441,2,input,5133,0,0,0,0,1
0,0,10442,2,input,5134,0,0,0,0,-1
0,0,10443,2,input,5135,0,0,0,0,1
0,0,10444,2,input,5136,0,0,0,0,-1
0,0,10445,2,input,5137,0,0,0,0,-1
0,0,10446,2,input,5139,0,0,0,0,-1
0,0,10447,2,input,5140,0,0,0,0,-1
0,0,10448,2,input,5142,0,0,0,0,-1
0,0,10449,2,input,5143,0,0,0,0,-1
0,0,10450,2,input,5144,0,0,0,0,-1
0,0,10451,2,input,5145,0,0,0,0,-1
0,0,10452,2,input,5146,0,0,0,0,-1
0,0,10453,2,input,5148,0,0,0,0,1
0,0,10454,2,input,5149,0,0,0,0,-1
0,0,10455,2,input,5150,0,0,0,0,-1
0,0,10456,2,input,5151,0,0,0,0,-1
0,0,10457,2,input,5152,0,0,0,0,-1
0,0,10458,2,input,5153,0,0,0,0,1
0,0,10459,2,input,5154,0,0,0,0,-1
0,0,10460,2,input,5155,0,0,0,0,-1
0,0,10461,2,input,5156,0,0,0,0,-1
0,0,10462,2,input,5157,0,0,0,0,1
0,0,10463,2,input,5159,0,0,0,0,-1
0,0,10464,2,input,5160,0,0,0,0,-1
0,0,10465,2,input,5162,0,0,0,0,-1
0,0,10466,2,input,5164,0,0,0,0,-1
0,0,10467,2,input,5165,0,0,0,0,-1
0,0,10468,2,input,5166,0,0,0,0,-1
0,0,10469,2,input,5167,0,0,0,0,-1
0,0,10470,2,input,5168,0,0,0,0,1
0,0,10471,2,input,5169,0,0,0,0,-1
0,0,10472,2,input,5170,0,0,0,0,-1
0,0,10473,2,input,5171,0,0,0,0,-1
0,0,10474,2,input,5173,0,0,0,0,1
0,0,10475,2,input,5175,0,0,0,0,-1
0,0,10476,2,input,5176,0,0,0,0,-1
0,0,10477,2,input,5177,0,0,0,0,-1
0,0,10478,2,input,5178,0,0,0,0,-1
0,0,10479,2,input,5180,0,0,0,0,-1
0,0,10480,2,input,5182,0,0,0,0,-1
0,0,10481,2,input,5184,0,0,0,0,-1
0,0,10482,2,input,5185,0,0,0,0,-1
0,0,10483,2,input,5187,0,0,0,0,-1
0,0,10484,2,input,5188,0,0,0,0,1
0,0,10485,2,input,5189,0,0,0,0,-1
0,0,10486,2,input,5190,0,0,0,0,1
0,0,10487,2,input,5191,0,0,0,0,-1
0,0,10488,2,input,5192,0,0,0,0,-1
0,0,10489,2,input,5193,0,0,0,0,1
0,0,10490,2,input,5194,0,0,0,0,-1
0,0,10491,2,input,5195,0,0,0,0,1
0,0,10492,2,input,5196,0,0,0,0,-1
0,0,10493,2,input,5197,0,0,0,0,1
0,0,10494,2,input,5198,0,0,0,0,-1
0,0,10495,2,input,5199,0,0,0,0,-1
0,0,10496,2,input,5200,0,0,0,0,1
0,0,10497,2,input,5203,0,0,0,0,-1
0,0,10498,2,input,5206,0,0,0,0,-1
0,0,10499,2,input,5207,0,0,0,0,1
0,0,10500,2,input,5208,0,0,0,0,1
0,0,10501,2,input,5209,0,0,0,0,1
0,0,10502,2,input,5211,0,0,0,0,-1
0,0,10503,2,input,5212,0,0,0,0,-1
0,0,10504,2,input,5214,0,0,0,0,-1
0,0,10505,2,input,5215,0,0,0,0,-1
0,0,10506,2,input,5219,0,0,0,0,1
0,0,10507,2,input,5220,0,0,0,0,-1
0,0,10508,2,input,5222,0,0,0,0,-1
0,0,10509,2,input,5223,0,0,0,0,1
0,0,10510,2,input,5226,0,0,0,0,1
0,0,10511,2,input,5227,0,0,0,0,1
0,0,10512,2,input,5229,0,0,0,0,1
0,0,10513,2,input,5230,0,0,0,0,-1
0,0,10514,2,input,5232,0,0,0,0,1
0,0,10515,2,input,5233,0,0,0,0,-1
0,0,10516,2,input,5234,0,0,0,0,1
0,0,10517,2,input,5236,0,0,0,0,-1
0,0,10518,2,input,5237,0,0,0,0,1
0,0,10519,2,input,5238,0,0,0,0,-1
0,0,10520,2,input,5239,0,0,0,0,1
0,0,10521,2,input,5240,0,0,0,0,-1
0,0,10522,2,input,5241,0,0,0,0,1
0,0,10523,2,input,5242,0,0,0,0,1
0,0,10524,2,input,5243,0,0,0,0,1
0,0,10525,2,input,5245,0,0,0,0,1
0,0,10526,2,input,5247,0,0,0,0,-1
0,0,10527,2,input,5248,0,0,0,0,-1
0,0,10528,2,input,5249,0,0,0,0,-1
0,0,10529,2,input,5251,0,0,0,0,-1
0,0,10530,2,input,5252,0,0,0,0,-1
0,0,10531,2,input,5254,0,0,0,0,1
0,0,10532,2,input,5255,0,0,0,0,1
0,0,10533,2,input,5256,0,0,0,0,1
0,0,10534,2,input,5258,0,0,0,0,-1
0,0,10535,2,input,5259,0,0,0,0,1
0,0,10536,2,input,5260,0,0,0,0,-1
0,0,10537,2,input,5261,0,0,0,0,-1
0,0,10538,2,input,5262,0,0,0,0,-1
0,0,10539,2,input,5263,0,0,0,0,1
0,0,10540,2,input,5264,0,0,0,0,-1
0,0,10541,2,input,5265,0,0,0,0,-1
0,0,10542,2,input,5266,0,0,0,0,1
0,0,10543,2,input,5267,0,0,0,0,-1
0,0,10544,2,input,5268,0,0,0,0,-1
0,0,10545,2,input,5269,0,0,0,0,1
0,0,10546,2,input,5270,0,0,0,0,-1
0,0,10547,2,input,5271,0,0,0,0,-1
0,0,10548,2,input,5272,0,0,0,0,-1
0,0,10549,2,input,5273,0,0,0,0,-1
0,0,10550,2,input,5274,0,0,0,0,1
0,0,10551,2,input,5275,0,0,0,0,-1
0,0,10552,2,input,5276,0,0,0,0,1
0,0,10553,2,input,5277,0,0,0,0,1
0,0,10554,2,input,5278,0,0,0,0,-1
0,0,10555,2,input,5280,0,0,0,0,1
0,0,10556,2,input,5282,0,0,0,0,-1
0,0,10557,2,input,5284,0,0,0,0,-1
0,0,10558,2,input,5285,0,0,0,0,1
0,0,10559,2,input,5286,0,0,0,0,1
0,0,10560,2,input,5287,0,0,0,0,-1
0,0,10561,2,input,5288,0,0,0,0,1
0,0,10562,2,input,5289,0,0,0,0,1
0,0,10563,2,input,5290,0,0,0,0,1
0,0,10564,2,input,5291,0,0,0,0,-1
0,0,10565,2,input,5292,0,0,0,0,-1
0,0,10566,2,input,5293,0,0,0,0,-1
0,0,10567,2,input,5294,0,0,0,0,1
0,0,10568,2,input,5296,0,0,0,0,-1
0,0,10569,2,input,5297,0,0,0,0,-1
0,0,10570,2,input,5298,0,0,0,0,1
0,0,10571,2,input,5299,0,0,0,0,-1
0,0,10572,2,input,5300,0,0,0,0,-1
0,0,10573,2,input,5301,0,0,0,0,-1
0,0,10574,2,input,5303,0,0,0,0,-1
0,0,10575,2,input,5304,0,0,0,0,-1
0,0,10576,2,input,5305,0,0,0,0,1
0,0,10577,2,input,5306,0,0,0,0,-1
0,0,10578,2,input,5308,0,0,0,0,-1
0,0,10579,2,input,5309,0,0,0,0,-1
0,0,10580,2,input,5311,0,0,0,0,-1
0,0,10581,2,input,5312,0,0,0,0,1
0,0,10582,2,input,5313,0,0,0,0,1
0,0,10583,2,input,5315,0,0,0,0,-1
0,0,10584,2,input,5316,0,0,0,0,1
0,0,10585,2,input,5317,0,0,0,0,-1
0,0,10586,2,input,5319,0,0,0,0,-1
0,0,10587,2,input,5320,0,0,0,0,-1
0,0,10588,2,input,5322,0,0,0,0,-1
0,0,10589,2,input,5323,0,0,0,0,-1
0,0,10590,2,input,5324,0,0,0,0,1
0,0,10591,2,input,5325,0,0,0,0,1
0,0,10592,2,input,5326,0,0,0,0,-1
0,0,10593,2,input,5328,0,0,0,0,1
0,0,10594,2,input,5329,0,0,0,0,-1
0,0,10595,2,input,5330,0,0,0,0,-1
0,0,10596,2,input,5332,0,0,0,0,1
0,0,10597,2,input,5333,0,0,0,0,-1
0,0,10598,2,input,5334,0,0,0,0,-1
0,0,10599,2,input,5335,0,0,0,0,1
0,0,10600,2,input,5336,0,0,0,0,-1
0,0,10601,2,input,5337,0,0,0,0,-1
0,0,10602,2,input,5338,0,0,0,0,-1
0,0,10603,2,input,5339,0,0,0,0,-1
0,0,10604,2,input,5340,0,0,0,0,1
0,0,10605,2,input,5341,0,0,0,0,1
0,0,10606,2,input,5342,0,0,0,0,-1
0,0,10607,2,input,5343,0,0,0,0,1
0,0,10608,2,input,5346,0,0,0,0,1
0,0,10609,2,input,5347,0,0,0,0,-1
0,0,10610,2,input,5348,0,0,0,0,-1
0,0,10611,2,input,5350,0,0,0,0,-1
0,0,10612,2,input,5351,0,0,0,0,-1
0,0,10613,2,input,5352,0,0,0,0,-1
0,0,10614,2,input,5354,0,0,0,0,-1
0,0,10615,2,input,5355,0,0,0,0,1
0,0,10616,2,input,5356,0,0,0,0,-1
0,0,10617,2,input,5358,0,0,0,0,-1
0,0,10618,2,input,5359,0,0,0,0,-1
0,0,10619,2,input,5360,0,0,0,0,1
0,0,10620,2,input,5361,0,0,0,0,-1
0,0,10621,2,input,5362,0,0,0,0,-1
0,0,10622,2,input,5363,0,0,0,0,-1
0,0,10623,2,input,5364,0,0,0,0,-1
0,0,10624,2,input,5365,0,0,0,0,-1
0,0,10625,2,input,5366,0,0,0,0,-1
0,0,10626,2,input,5367,0,0,0,0,-1
0,0,10627,2,input,5368,0,0,0,0,-1
0,0,10628,2,input,5369,0,0,0,0,1
0,0,10629,2,input,5370,0,0,0,0,1
0,0,10630,2,input,5371,0,0,0,0,-1
0,0,10631,2,input,5372,0,0,0,0,1
0,0,10632,2,input,5374,0,0,0,0,1
0,0,10633,2,input,5376,0,0,0,0,1
0,0,10634,2,input,5377,0,0,0,0,1
0,0,10635,2,input,5378,0,0,0,0,-1
0,0,10636,2,input,5379,0,0,0,0,1
0,0,10637,2,input,5380,0,0,0,0,-1
0,0,10638,2,input,5381,0,0,0,0,-1
0,0,10639,2,input,5382,0,0,0,0,-1
0,0,10640,2,input,5383,0,0,0,0,-1
0,0,10641,2,input,5384,0,0,0,0,-1
0,0,10642,2,input,5385,0,0,0,0,-1
0,0,10643,2,input,5386,0,0,0,0,-1
0,0,10644,2,input,5387,0,0,0,0,-1
0,0,10645,2,input,5388,0,0,0,0,-1
0,0,10646,2,input,5391,0,0,0,0,-1
0,0,10647,2,input,5392,0,0,0,0,1
0,0,10648,2,input,5394,0,0,0,0,1
0,0,10649,2,input,5395,0,0,0,0,-1
0,0,10650,2,input,5396,0,0,0,0,-1
0,0,10651,2,input,5397,0,0,0,0,-1
0,0,10652,2,input,5399,0,0,0,0,-1
0,0,10653,2,input,5400,0,0,0,0,-1
0,0,10654,2,input,5401,0,0,0,0,-1
0,0,10655,2,input,5402,0,0,0,0,-1
0,0,10656,2,input,5405,0,0,0,0,-1
0,0,10657,2,input,5407,0,0,0,0,1
0,0,10658,2,input,5409,0,0,0,0,1
0,0,10659,2,input,5410,0,0,0,0,-1
0,0,10660,2,input,5411,0,0,0,0,-1
0,0,10661,2,input,5412,0,0,0,0,-1
0,0,10662,2,input,5414,0,0,0,0,-1
0,0,10663,2,input,5415,0,0,0,0,1
0,0,10664,2,input,5417,0,0,0,0,-1
0,0,10665,2,input,5418,0,0,0,0,1
0,0,10666,2,input,5420,0,0,0,0,-1
0,0,10667,2,input,5422,0,0,0,0,1
0,0,10668,2,input,5423,0,0,0,0,-1
0,0,10669,2,input,5425,0,0,0,0,1
0,0,10670,2,input,5426,0,0,0,0,-1
0,0,10671,2,input,5427,0,0,0,0,-1
0,0,10672,2,input,5428,0,0,0,0,-1
0,0,10673,2,input,5429,0,0,0,0,-1
0,0,10674,2,input,5430,0,0,0,0,1
0,0,10675,2,input,5432,0,0,0,0,-1
0,0,10676,2,input,5433,0,0,0,0,-1
0,0,10677,2,input,5434,0,0,0,0,-1
0,0,10678,2,input,5435,0,0,0,0,-1
0,0,10679,2,input,5436,0,0,0,0,-1
0,0,10680,2,input,5437,0,0,0,0,1
0,0,10681,2,input,5438,0,0,0,0,1
0,0,10682,2,input,5439,0,0,0,0,-1
0,0,10683,2,input,5440,0,0,0,0,1
0,0,10684,2,input,5441,0,0,0,0,-1
0,0,10685,2,input,5442,0,0,0,0,1
0,0,10686,2,input,5443,0,0,0,0,-1
0,0,10687,2,input,5444,0,0,0,0,-1
0,0,10688,2,input,5446,0,0,0,0,1
0,0,10689,2,input,5447,0,0,0,0,1
0,0,10690,2,input,5448,0,0,0,0,-1
0,0,10691,2,input,5450,0,0,0,0,1
0,0,10692,2,input,5451,0,0,0,0,-1
0,0,10693,2,input,5452,0,0,0,0,-1
0,0,10694,2,input,5453,0,0,0,0,1
0,0,10695,2,input,5454,0,0,0,0,-1
0,0,10696,2,input,5455,0,0,0,0,-1
0,0,10697,2,input,5456,0,0,0,0,1
0,0,10698,2,input,5457,0,0,0,0,-1
0,0,10699,2,input,5460,0,0,0,0,-1
0,0,10700,2,input,5461,0,0,0,0,1
0,0,10701,2,input,5462,0,0,0,0,-1
0,0,10702,2,input,5464,0,0,0,0,-1
0,0,10703,2,input,5465,0,0,0,0,-1
0,0,10704,2,input,5466,0,0,0,0,-1
0,0,10705,2,input,5467,0,0,0,0,1
0,0,10706,2,input,5469,0,0,0,0,1
0,0,10707,2,input,5470,0,0,0,0,-1
0,0,10708,2,input,5471,0,0,0,0,-1
0,0,10709,2,input,5472,0,0,0,0,-1
0,0,10710,2,input,5473,0,0,0,0,-1
0,0,10711,2,input,5474,0,0,0,0,-1
0,0,10712,2,input,5475,0,0,0,0,1
0,0,10713,2,input,5476,0,0,0,0,-1
0,0,10714,2,input,5477,0,0,0,0,1
0,0,10715,2,input,5478,0,0,0,0,-1
0,0,10716,2,input,5479,0,0,0,0,-1
0,0,10717,2,input,5480,0,0,0,0,-1
0,0,10718,2,input,5481,0,0,0,0,-1
0,0,10719,2,input,5482,0,0,0,0,1
0,0,10720,2,input,5483,0,0,0,0,1
0,0,10721,2,input,5484,0,0,0,0,1
0,0,10722,2,input,5486,0,0,0,0,1
0,0,10723,2,input,5487,0,0,0,0,-1
0,0,10724,2,input,5489,0,0,0,0,-1
0,0,10725,2,input,5490,0,0,0,0,-1
0,0,10726,2,input,5491,0,0,0,0,-1
0,0,10727,2,input,5492,0,0,0,0,-1
0,0,10728,2,input,5493,0,0,0,0,-1
0,0,10729,2,input,5494,0,0,0,0,-1
0,0,10730,2,input,5495,0,0,0,0,-1
0,0,10731,2,input,5497,0,0,0,0,1
0,0,10732,2,input,5499,0,0,0,0,-1
0,0,10733,2,input,5500,0,0,0,0,1
0,0,10734,2,input,5501,0,0,0,0,-1
0,0,10735,2,input,5502,0,0,0,0,-1
0,0,10736,2,input,5503,0,0,0,0,-1
0,0,10737,2,input,5504,0,0,0,0,1
0,0,10738,2,input,5505,0,0,0,0,1
0,0,10739,2,input,5506,0,0,0,0,1
0,0,10740,2,input,5507,0,0,0,0,-1
0,0,10741,2,input,5508,0,0,0,0,-1
0,0,10742,2,input,5509,0,0,0,0,-1
0,0,10743,2,input,5510,0,0,0,0,-1
0,0,10744,2,input,5511,0,0,0,0,-1
0,0,10745,2,input,5512,0,0,0,0,-1
0,0,10746,2,input,5514,0,0,0,0,1
0,0,10747,2,input,5515,0,0,0,0,-1
0,0,10748,2,input,5516,0,0,0,0,1
0,0,10749,2,input,5518,0,0,0,0,1
0,0,10750,2,input,5519,0,0,0,0,-1
0,0,10751,2,input,5521,0,0,0,0,-1
0,0,10752,2,input,5522,0,0,0,0,1
0,0,10753,2,input,5524,0,0,0,0,-1
0,0,10754,2,input,5525,0,0,0,0,1
0,0,10755,2,input,5526,0,0,0,0,-1
0,0,10756,2,input,5527,0,0,0,0,-1
0,0,10757,2,input,5528,0,0,0,0,1
0,0,10758,2,input,5529,0,0,0,0,-1
0,0,10759,2,input,5530,0,0,0,0,-1
0,0,10760,2,input,5533,0,0,0,0,-1
0,0,10761,2,input,5534,0,0,0,0,-1
0,0,10762,2,input,5535,0,0,0,0,-1
0,0,10763,2,input,5536,0,0,0,0,-1
0,0,10764,2,input,5537,0,0,0,0,-1
0,0,10765,2,input,5538,0,0,0,0,-1
0,0,10766,2,input,5539,0,0,0,0,-1
0,0,10767,2,input,5540,0,0,0,0,-1
0,0,10768,2,input,5541,0,0,0,0,1
0,0,10769,2,input,5544,0,0,0,0,-1
0,0,10770,2,input,5545,0,0,0,0,-1
0,0,10771,2,input,5546,0,0,0,0,-1
0,0,10772,2,input,5547,0,0,0,0,1
0,0,10773,2,input,5548,0,0,0,0,-1
0,0,10774,2,input,5549,0,0,0,0,-1
0,0,10775,2,input,5550,0,0,0,0,-1
0,0,10776,2,input,5552,0,0,0,0,1
0,0,10777,2,input,5553,0,0,0,0,-1
0,0,10778,2,input,5554,0,0,0,0,-1
0,0,10779,2,input,5555,0,0,0,0,-1
0,0,10780,2,input,5556,0,0,0,0,-1
0,0,10781,2,input,5557,0,0,0,0,1
0,0,10782,2,input,5559,0,0,0,0,-1
0,0,10783,2,input,5561,0,0,0,0,-1
0,0,10784,2,input,5562,0,0,0,0,1
0,0,10785,2,input,5563,0,0,0,0,-1
0,0,10786,2,input,5564,0,0,0,0,1
0,0,10787,2,input,5565,0,0,0,0,1
0,0,10788,2,input,5566,0,0,0,0,-1
0,0,10789,2,input,5568,0,0,0,0,-1
0,0,10790,2,input,5569,0,0,0,0,-1
0,0,10791,2,input,5570,0,0,0,0,-1
0,0,10792,2,input,5571,0,0,0,0,-1
0,0,10793,2,input,5572,0,0,0,0,-1
0,0,10794,2,input,5573,0,0,0,0,-1
0,0,10795,2,input,5574,0,0,0,0,1
0,0,10796,2,input,5575,0,0,0,0,1
0,0,10797,2,input,5578,0,0,0,0,-1
0,0,10798,2,input,5580,0,0,0,0,-1
0,0,10799,2,input,5581,0,0,0,0,1
0,0,10800,2,input,5582,0,0,0,0,-1
0,0,10801,2,input,5583,0,0,0,0,-1
0,0,10802,2,input,5584,0,0,0,0,-1
0,0,10803,2,input,5585,0,0,0,0,-1
0,0,10804,2,input,5586,0,0,0,0,-1
0,0,10805,2,input,5587,0,0,0,0,-1
0,0,10806,2,input,5588,0,0,0,0,-1
0,0,10807,2,input,5589,0,0,0,0,1
0,0,10808,2,input,5590,0,0,0,0,-1
0,0,10809,2,input,5591,0,0,0,0,-1
0,0,10810,2,input,5592,0,0,0,0,1
0,0,10811,2,input,5594,0,0,0,0,-1
0,0,10812,2,input,5595,0,0,0,0,-1
0,0,10813,2,input,5596,0,0,0,0,-1
0,0,10814,2,input,5598,0,0,0,0,-1
0,0,10815,2,input,5599,0,0,0,0,-1
0,0,10816,2,input,5600,0,0,0,0,-1
0,0,10817,2,input,5601,0,0,0,0,-1
0,0,10818,2,input,5602,0,0,0,0,-1
0,0,10819,2,input,5603,0,0,0,0,1
0,0,10820,2,input,5604,0,0,0,0,-1
0,0,10821,2,input,5605,0,0,0,0,1
0,0,10822,2,input,5606,0,0,0,0,-1
0,0,10823,2,input,5607,0,0,0,0,-1
0,0,10824,2,input,5608,0,0,0,0,-1
0,0,10825,2,input,5610,0,0,0,0,1
0,0,10826,2,input,5611,0,0,0,0,1
0,0,10827,2,input,5612,0,0,0,0,1
0,0,10828,2,input,5613,0,0,0,0,1
0,0,10829,2,input,5614,0,0,0,0,1
0,0,10830,2,input,5615,0,0,0,0,-1
0,0,10831,2,input,5616,0,0,0,0,1
0,0,10832,2,input,5617,0,0,0,0,-1
0,0,10833,2,input,5618,0,0,0,0,1
0,0,10834,2,input,5619,0,0,0,0,-1
0,0,10835,2,input,5620,0,0,0,0,-1
0,0,10836,2,input,5622,0,0,0,0,-1
0,0,10837,2,input,5623,0,0,0,0,-1
0,0,10838,2,input,5625,0,0,0,0,1
0,0,10839,2,input,5626,0,0,0,0,1
0,0,10840,2,input,5627,0,0,0,0,-1
0,0,10841,2,input,5628,0,0,0,0,-1
0,0,10842,2,input,5630,0,0,0,0,-1
0,0,10843,2,input,5631,0,0,0,0,-1
0,0,10844,2,input,5632,0,0,0,0,1
0,0,10845,2,input,5633,0,0,0,0,-1
0,0,10846,2,input,5634,0,0,0,0,1
0,0,10847,2,input,5635,0,0,0,0,-1
0,0,10848,2,input,5636,0,0,0,0,-1
0,0,10849,2,input,5638,0,0,0,0,-1
0,0,10850,2,input,5639,0,0,0,0,-1
0,0,10851,2,input,5640,0,0,0,0,-1
0,0,10852,2,input,5642,0,0,0,0,-1
0,0,10853,2,input,5643,0,0,0,0,-1
0,0,10854,2,input,5644,0,0,0,0,-1
0,0,10855,2,input,5645,0,0,0,0,-1
0,0,10856,2,input,5646,0,0,0,0,1
0,0,10857,2,input,5647,0,0,0,0,-1
0,0,10858,2,input,5648,0,0,0,0,1
0,0,10859,2,input,5649,0,0,0,0,-1
0,0,10860,2,input,5651,0,0,0,0,-1
0,0,10861,2,input,5652,0,0,0,0,-1
0,0,10862,2,input,5653,0,0,0,0,-1
0,0,10863,2,input,5655,0,0,0,0,1
0,0,10864,2,input,5656,0,0,0,0,-1
0,0,10865,2,input,5657,0,0,0,0,-1
0,0,10866,2,input,5658,0,0,0,0,-1
0,0,10867,2,input,5660,0,0,0,0,-1
0,0,10868,2,input,5661,0,0,0,0,-1
0,0,10869,2,input,5662,0,0,0,0,-1
0,0,10870,2,input,5666,0,0,0,0,-1
0,0,10871,2,input,5667,0,0,0,0,-1
0,0,10872,2,input,5670,0,0,0,0,-1
0,0,10873,2,input,5671,0,0,0,0,1
0,0,10874,2,input,5672,0,0,0,0,-1
0,0,10875,2,input,5673,0,0,0,0,-1
0,0,10876,2,input,5674,0,0,0,0,-1
0,0,10877,2,input,5675,0,0,0,0,1
0,0,10878,2,input,5676,0,0,0,0,-1
0,0,10879,2,input,5677,0,0,0,0,-1
0,0,10880,2,input,5679,0,0,0,0,-1
0,0,10881,2,input,5680,0,0,0,0,-1
0,0,10882,2,input,5681,0,0,0,0,-1
0,0,10883,2,input,5682,0,0,0,0,-1
0,0,10884,2,input,5683,0,0,0,0,-1
0,0,10885,2,input,5685,0,0,0,0,-1
0,0,10886,2,input,5686,0,0,0,0,1
0,0,10887,2,input,5687,0,0,0,0,-1
0,0,10888,2,input,5688,0,0,0,0,-1
0,0,10889,2,input,5689,0,0,0,0,-1
0,0,10890,2,input,5692,0,0,0,0,1
0,0,10891,2,input,5693,0,0,0,0,1
0,0,10892,2,input,5695,0,0,0,0,1
0,0,10893,2,input,5697,0,0,0,0,1
0,0,10894,2,input,5698,0,0,0,0,-1
0,0,10895,2,input,5699,0,0,0,0,-1
0,0,10896,2,input,5700,0,0,0,0,-1
0,0,10897,2,input,5701,0,0,0,0,-1
0,0,10898,2,input,5702,0,0,0,0,1
0,0,10899,2,input,5703,0,0,0,0,1
0,0,10900,2,input,5704,0,0,0,0,1
0,0,10901,2,input,5705,0,0,0,0,1
0,0,10902,2,input,5706,0,0,0,0,-1
0,0,10903,2,input,5707,0,0,0,0,1
0,0,10904,2,input,5708,0,0,0,0,-1
0,0,10905,2,input,5709,0,0,0,0,1
0,0,10906,2,input,5710,0,0,0,0,-1
0,0,10907,2,input,5712,0,0,0,0,-1
0,0,10908,2,input,5713,0,0,0,0,-1
0,0,10909,2,input,5715,0,0,0,0,-1
0,0,10910,2,input,5716,0,0,0,0,-1
0,0,10911,2,input,5718,0,0,0,0,-1
0,0,10912,2,input,5719,0,0,0,0,-1
0,0,10913,2,input,5721,0,0,0,0,-1
0,0,10914,2,input,5723,0,0,0,0,-1
0,0,10915,2,input,5724,0,0,0,0,-1
0,0,10916,2,input,5725,0,0,0,0,1
0,0,10917,2,input,5726,0,0,0,0,-1
0,0,10918,2,input,5727,0,0,0,0,-1
0,0,10919,2,input,5728,0,0,0,0,-1
0,0,10920,2,input,5729,0,0,0,0,-1
0,0,10921,2,input,5731,0,0,0,0,-1
0,0,10922,2,input,5732,0,0,0,0,-1
0,0,10923,2,input,5734,0,0,0,0,1
0,0,10924,2,input,5735,0,0,0,0,-1
0,0,10925,2,input,5737,0,0,0,0,-1
0,0,10926,2,input,5739,0,0,0,0,1
0,0,10927,2,input,5740,0,0,0,0,-1
0,0,10928,2,input,5741,0,0,0,0,1
0,0,10929,2,input,5743,0,0,0,0,-1
0,0,10930,2,input,5747,0,0,0,0,-1
0,0,10931,2,input,5748,0,0,0,0,-1
0,0,10932,2,input,5749,0,0,0,0,-1
0,0,10933,2,input,5750,0,0,0,0,-1
0,0,10934,2,input,5751,0,0,0,0,-1
0,0,10935,2,input,5752,0,0,0,0,-1
0,0,10936,2,input,5753,0,0,0,0,1
0,0,10937,2,input,5756,0,0,0,0,1
0,0,10938,2,input,5757,0,0,0,0,-1
0,0,10939,2,input,5758,0,0,0,0,1
0,0,10940,2,input,5759,0,0,0,0,-1
0,0,10941,2,input,5761,0,0,0,0,-1
0,0,10942,2,input,5762,0,0,0,0,1
0,0,10943,2,input,5763,0,0,0,0,1
0,0,10944,2,input,5764,0,0,0,0,-1
0,0,10945,2,input,5765,0,0,0,0,1
0,0,10946,2,input,5766,0,0,0,0,-1
0,0,10947,2,input,5767,0,0,0,0,-1
0,0,10948,2,input,5768,0,0,0,0,-1
0,0,10949,2,input,5769,0,0,0,0,-1
0,0,10950,2,input,5770,0,0,0,0,-1
0,0,10951,2,input,5771,0,0,0,0,-1
0,0,10952,2,input,5773,0,0,0,0,-1
0,0,10953,2,input,5774,0,0,0,0,1
0,0,10954,2,input,5775,0,0,0,0,-1
0,0,10955,2,input,5776,0,0,0,0,-1
0,0,10956,2,input,5777,0,0,0,0,-1
0,0,10957,2,input,5778,0,0,0,0,-1
0,0,10958,2,input,5780,0,0,0,0,-1
0,0,10959,2,input,5781,0,0,0,0,-1
0,0,10960,2,input,5782,0,0,0,0,1
0,0,10961,2,input,5783,0,0,0,0,1
0,0,10962,2,input,5786,0,0,0,0,-1
0,0,10963,2,input,5788,0,0,0,0,-1
0,0,10964,2,input,5789,0,0,0,0,-1
0,0,10965,2,input,5791,0,0,0,0,-1
0,0,10966,2,input,5793,0,0,0,0,1
0,0,10967,2,input,5794,0,0,0,0,-1
0,0,10968,2,input,5796,0,0,0,0,-1
0,0,10969,2,input,5797,0,0,0,0,-1
0,0,10970,2,input,5798,0,0,0,0,-1
0,0,10971,2,input,5799,0,0,0,0,1
0,0,10972,2,input,5800,0,0,0,0,-1
0,0,10973,2,input,5801,0,0,0,0,-1
0,0,10974,2,input,5803,0,0,0,0,1
0,0,10975,2,input,5804,0,0,0,0,-1
0,0,10976,2,input,5805,0,0,0,0,-1
0,0,10977,2,input,5806,0,0,0,0,1
0,0,10978,2,input,5807,0,0,0,0,-1
0,0,10979,2,input,5809,0,0,0,0,-1
0,0,10980,2,input,5810,0,0,0,0,-1
0,0,10981,2,input,5811,0,0,0,0,-1
0,0,10982,2,input,5812,0,0,0,0,-1
0,0,10983,2,input,5814,0,0,0,0,-1
0,0,10984,2,input,5815,0,0,0,0,-1
0,0,10985,2,input,5816,0,0,0,0,-1
0,0,10986,2,input,5817,0,0,0,0,1
0,0,10987,2,input,5822,0,0,0,0,-1
0,0,10988,2,input,5824,0,0,0,0,-1
0,0,10989,2,input,5825,0,0,0,0,-1
0,0,10990,2,input,5826,0,0,0,0,1
0,0,10991,2,input,5827,0,0,0,0,-1
0,0,10992,2,input,5829,0,0,0,0,-1
0,0,10993,2,input,5830,0,0,0,0,1
0,0,10994,2,input,5831,0,0,0,0,-1
0,0,10995,2,input,5832,0,0,0,0,1
0,0,10996,2,input,5833,0,0,0,0,1
0,0,10997,2,input,5834,0,0,0,0,-1
0,0,10998,2,input,5835,0,0,0,0,-1
0,0,10999,2,input,5836,0,0,0,0,-1
0,0,11000,2,input,5837,0,0,0,0,1
0,0,11001,2,input,5838,0,0,0,0,-1
0,0,11002,2,input,5839,0,0,0,0,-1
0,0,11003,2,input,5840,0,0,0,0,-1
0,0,11004,2,input,5841,0,0,0,0,-1
0,0,11005,2,input,5842,0,0,0,0,-1
0,0,11006,2,input,5843,0,0,0,0,-1
0,0,11007,2,input,5844,0,0,0,0,-1
0,0,11008,2,input,5845,0,0,0,0,-1
0,0,11009,2,input,5847,0,0,0,0,-1
0,0,11010,2,input,5848,0,0,0,0,-1
0,0,11011,2,input,5851,0,0,0,0,-1
0,0,11012,2,input,5853,0,0,0,0,1
0,0,11013,2,input,5854,0,0,0,0,-1
0,0,11014,2,input,5855,0,0,0,0,-1
0,0,11015,2,input,5856,0,0,0,0,-1
0,0,11016,2,input,5857,0,0,0,0,-1
0,0,11017,2,input,5859,0,0,0,0,-1
0,0,11018,2,input,5861,0,0,0,0,-1
0,0,11019,2,input,5862,0,0,0,0,1
0,0,11020,2,input,5863,0,0,0,0,-1
0,0,11021,2,input,5864,0,0,0,0,-1
0,0,11022,2,input,5865,0,0,0,0,-1
0,0,11023,2,input,5867,0,0,0,0,-1
0,0,11024,2,input,5868,0,0,0,0,-1
0,0,11025,2,input,5869,0,0,0,0,-1
0,0,11026,2,input,5873,0,0,0,0,-1
0,0,11027,2,input,5874,0,0,0,0,-1
0,0,11028,2,input,5875,0,0,0,0,-1
0,0,11029,2,input,5876,0,0,0,0,-1
0,0,11030,2,input,5877,0,0,0,0,-1
0,0,11031,2,input,5878,0,0,0,0,-1
0,0,11032,2,input,5879,0,0,0,0,-1
0,0,11033,2,input,5881,0,0,0,0,1
0,0,11034,2,input,5882,0,0,0,0,-1
0,0,11035,2,input,5883,0,0,0,0,-1
0,0,11036,2,input,5884,0,0,0,0,-1
0,0,11037,2,input,5885,0,0,0,0,-1
0,0,11038,2,input,5886,0,0,0,0,-1
0,0,11039,2,input,5887,0,0,0,0,-1
0,0,11040,2,input,5888,0,0,0,0,-1
0,0,11041,2,input,5890,0,0,0,0,1
0,0,11042,2,input,5891,0,0,0,0,1
0,0,11043,2,input,5892,0,0,0,0,-1
0,0,11044,2,input,5894,0,0,0,0,-1
0,0,11045,2,input,5896,0,0,0,0,-1
0,0,11046,2,input,5897,0,0,0,0,-1
0,0,11047,2,input,5898,0,0,0,0,1
0,0,11048,2,input,5899,0,0,0,0,1
0,0,11049,2,input,5900,0,0,0,0,1
0,0,11050,2,input,5901,0,0,0,0,-1
0,0,11051,2,input,5903,0,0,0,0,-1
0,0,11052,2,input,5904,0,0,0,0,-1
0,0,11053,2,input,5906,0,0,0,0,-1
0,0,11054,2,input,5908,0,0,0,0,-1
0,0,11055,2,input,5910,0,0,0,0,1
0,0,11056,2,input,5911,0,0,0,0,1
0,0,11057,2,input,5912,0,0,0,0,1
0,0,11058,2,input,5916,0,0,0,0,-1
0,0,11059,2,input,5917,0,0,0,0,-1
0,0,11060,2,input,5918,0,0,0,0,-1
0,0,11061,2,input,5919,0,0,0,0,-1
0,0,11062,2,input,5922,0,0,0,0,-1
0,0,11063,2,input,5923,0,0,0,0,-1
0,0,11064,2,input,5924,0,0,0,0,-1
0,0,11065,2,input,5926,0,0,0,0,-1
0,0,11066,2,input,5928,0,0,0,0,-1
0,0,11067,2,input,5929,0,0,0,0,-1
0,0,11068,2,input,5930,0,0,0,0,-1
0,0,11069,2,input,5931,0,0,0,0,1
0,0,11070,2,input,5932,0,0,0,0,-1
0,0,11071,2,input,5933,0,0,0,0,-1
0,0,11072,2,input,5935,0,0,0,0,-1
0,0,11073,2,input,5937,0,0,0,0,-1
0,0,11074,2,input,5938,0,0,0,0,-1
0,0,11075,2,input,5939,0,0,0,0,-1
0,0,11076,2,input,5940,0,0,0,0,-1
0,0,11077,2,input,5941,0,0,0,0,1
0,0,11078,2,input,5942,0,0,0,0,-1
0,0,11079,2,input,5943,0,0,0,0,-1
0,0,11080,2,input,5944,0,0,0,0,-1
0,0,11081,2,input,5946,0,0,0,0,1
0,0,11082,2,input,5948,0,0,0,0,-1
0,0,11083,2,input,5949,0,0,0,0,-1
0,0,11084,2,input,5950,0,0,0,0,-1
0,0,11085,2,input,5952,0,0,0,0,-1
0,0,11086,2,input,5954,0,0,0,0,-1
0,0,11087,2,input,5955,0,0,0,0,-1
0,0,11088,2,input,5957,0,0,0,0,-1
0,0,11089,2,input,5958,0,0,0,0,1
0,0,11090,2,input,5959,0,0,0,0,-1
0,0,11091,2,input,5960,0,0,0,0,1
0,0,11092,2,input,5962,0,0,0,0,-1
0,0,11093,2,input,5963,0,0,0,0,1
0,0,11094,2,input,5964,0,0,0,0,-1
0,0,11095,2,input,5965,0,0,0,0,1
0,0,11096,2,input,5966,0,0,0,0,-1
0,0,11097,2,input,5967,0,0,0,0,-1
0,0,11098,2,input,5968,0,0,0,0,-1
0,0,11099,2,input,5970,0,0,0,0,-1
0,0,11100,2,input,5971,0,0,0,0,-1
0,0,11101,2,input,5972,0,0,0,0,-1
0,0,11102,2,input,5975,0,0,0,0,-1
0,0,11103,2,input,5978,0,0,0,0,-1
0,0,11104,2,input,5979,0,0,0,0,-1
0,0,11105,2,input,5980,0,0,0,0,-1
0,0,11106,2,input,5981,0,0,0,0,1
0,0,11107,2,input,5982,0,0,0,0,-1
0,0,11108,2,input,5983,0,0,0,0,-1
0,0,11109,2,input,5984,0,0,0,0,-1
0,0,11110,2,input,5986,0,0,0,0,-1
0,0,11111,2,input,5987,0,0,0,0,-1
0,0,11112,2,input,5988,0,0,0,0,-1
0,0,11113,2,input,5990,0,0,0,0,1
0,0,11114,2,input,5991,0,0,0,0,-1
0,0,11115,2,input,5993,0,0,0,0,-1
0,0,11116,2,input,5996,0,0,0,0,-1
0,0,11117,2,input,5998,0,0,0,0,-1
0,0,11118,2,input,5999,0,0,0,0,-1
0,0,11119,2,input,6001,0,0,0,0,-1
0,0,11120,2,input,6002,0,0,0,0,-1
0,0,11121,2,input,6003,0,0,0,0,-1
0,0,11122,2,input,6004,0,0,0,0,-1
0,0,11123,2,input,6005,0,0,0,0,-1
0,0,11124,2,input,6006,0,0,0,0,-1
0,0,11125,2,input,6007,0,0,0,0,-1
0,0,11126,2,input,6008,0,0,0,0,-1
0,0,11127,2,input,6009,0,0,0,0,1
0,0,11128,2,input,6010,0,0,0,0,-1
0,0,11129,2,input,6011,0,0,0,0,-1
0,0,11130,2,input,6012,0,0,0,0,-1
0,0,11131,2,input,6013,0,0,0,0,-1
0,0,11132,2,input,6014,0,0,0,0,-1
0,0,11133,2,input,6015,0,0,0,0,-1
0,0,11134,2,input,6016,0,0,0,0,-1
0,0,11135,2,input,6019,0,0,0,0,1
0,0,11136,2,input,6020,0,0,0,0,-1
0,0,11137,2,input,6022,0,0,0,0,-1
0,0,11138,2,input,6024,0,0,0,0,-1
0,0,11139,2,input,6025,0,0,0,0,-1
0,0,11140,2,input,6026,0,0,0,0,-1
0,0,11141,2,input,6027,0,0,0,0,1
0,0,11142,2,input,6028,0,0,0,0,-1
0,0,11143,2,input,6029,0,0,0,0,-1
0,0,11144,2,input,6031,0,0,0,0,-1
0,0,11145,2,input,6033,0,0,0,0,-1
0,0,11146,2,input,6034,0,0,0,0,-1
0,0,11147,2,input,6035,0,0,0,0,1
0,0,11148,2,input,6036,0,0,0,0,-1
0,0,11149,2,input,6037,0,0,0,0,-1
0,0,11150,2,input,6038,0,0,0,0,1
0,0,11151,2,input,6039,0,0,0,0,1
0,0,11152,2,input,6041,0,0,0,0,1
0,0,11153,2,input,6044,0,0,0,0,-1
0,0,11154,2,input,6045,0,0,0,0,-1
0,0,11155,2,input,6046,0,0,0,0,-1
0,0,11156,2,input,6047,0,0,0,0,-1
0,0,11157,2,input,6049,0,0,0,0,1
0,0,11158,2,input,6050,0,0,0,0,-1
0,0,11159,2,input,6051,0,0,0,0,-1
0,0,11160,2,input,6052,0,0,0,0,-1
0,0,11161,2,input,6053,0,0,0,0,-1
0,0,11162,2,input,6054,0,0,0,0,-1
0,0,11163,2,input,6055,0,0,0,0,1
0,0,11164,2,input,6056,0,0,0,0,-1
0,0,11165,2,input,6057,0,0,0,0,-1
0,0,11166,2,input,6058,0,0,0,0,-1
0,0,11167,2,input,6059,0,0,0,0,1
0,0,11168,2,input,6060,0,0,0,0,-1
0,0,11169,2,input,6061,0,0,0,0,-1
0,0,11170,2,input,6063,0,0,0,0,-1
0,0,11171,2,input,6064,0,0,0,0,-1
0,0,11172,2,input,6065,0,0,0,0,-1
0,0,11173,2,input,6066,0,0,0,0,-1
0,0,11174,2,input,6067,0,0,0,0,-1
0,0,11175,2,input,6068,0,0,0,0,-1
0,0,11176,2,input,6070,0,0,0,0,-1
0,0,11177,2,input,6071,0,0,0,0,-1
0,0,11178,2,input,6072,0,0,0,0,-1
0,0,11179,2,input,6075,0,0,0,0,1
0,0,11180,2,input,6076,0,0,0,0,-1
0,0,11181,2,input,6080,0,0,0,0,-1
0,0,11182,2,input,6083,0,0,0,0,-1
0,0,11183,2,input,6084,0,0,0,0,1
0,0,11184,2,input,6085,0,0,0,0,-1
0,0,11185,2,input,6086,0,0,0,0,1
0,0,11186,2,input,6088,0,0,0,0,1
0,0,11187,2,input,6090,0,0,0,0,-1
0,0,11188,2,input,6092,0,0,0,0,-1
0,0,11189,2,input,6093,0,0,0,0,1
0,0,11190,2,input,6094,0,0,0,0,-1
0,0,11191,2,input,6095,0,0,0,0,-1
0,0,11192,2,input,6096,0,0,0,0,-1
0,0,11193,2,input,6097,0,0,0,0,1
0,0,11194,2,input,6098,0,0,0,0,-1
0,0,11195,2,input,6099,0,0,0,0,-1
0,0,11196,2,input,6100,0,0,0,0,-1
0,0,11197,2,input,6101,0,0,0,0,-1
0,0,11198,2,input,6102,0,0,0,0,-1
0,0,11199,2,input,6103,0,0,0,0,-1
0,0,11200,2,input,6105,0,0,0,0,-1
0,0,11201,2,input,6106,0,0,0,0,-1
0,0,11202,2,input,6107,0,0,0,0,-1
0,0,11203,2,input,6108,0,0,0,0,-1
0,0,11204,2,input,6109,0,0,0,0,1
0,0,11205,2,input,6110,0,0,0,0,-1
0,0,11206,2,input,6111,0,0,0,0,-1
0,0,11207,2,input,6112,0,0,0,0,-1
0,0,11208,2,input,6113,0,0,0,0,1
0,0,11209,2,input,6114,0,0,0,0,-1
0,0,11210,2,input,6115,0,0,0,0,-1
0,0,11211,2,input,6117,0,0,0,0,-1
0,0,11212,2,input,6118,0,0,0,0,1
0,0,11213,2,input,6119,0,0,0,0,-1
0,0,11214,2,input,6120,0,0,0,0,1
0,0,11215,2,input,6121,0,0,0,0,-1
0,0,11216,2,input,6122,0,0,0,0,1
0,0,11217,2,input,6124,0,0,0,0,-1
0,0,11218,2,input,6126,0,0,0,0,-1
0,0,11219,2,input,6128,0,0,0,0,-1
0,0,11220,2,input,6130,0,0,0,0,-1
0,0,11221,2,input,6131,0,0,0,0,-1
0,0,11222,2,input,6132,0,0,0,0,-1
0,0,11223,2,input,6133,0,0,0,0,-1
0,0,11224,2,input,6134,0,0,0,0,-1
0,0,11225,2,input,6136,0,0,0,0,-1
0,0,11226,2,input,6137,0,0,0,0,1
0,0,11227,2,input,6139,0,0,0,0,-1
0,0,11228,2,input,6141,0,0,0,0,-1
0,0,11229,2,input,6142,0,0,0,0,-1
0,0,11230,2,input,6143,0,0,0,0,-1
0,0,11231,2,input,6144,0,0,0,0,-1
0,0,11232,2,input,6145,0,0,0,0,-1
0,0,11233,2,input,6146,0,0,0,0,-1
0,0,11234,2,input,6147,0,0,0,0,1
0,0,11235,2,input,6148,0,0,0,0,-1
0,0,11236,2,input,6149,0,0,0,0,-1
0,0,11237,2,input,6150,0,0,0,0,1
0,0,11238,2,input,6151,0,0,0,0,-1
0,0,11239,2,input,6154,0,0,0,0,1
0,0,11240,2,input,6157,0,0,0,0,-1
0,0,11241,2,input,6158,0,0,0,0,-1
0,0,11242,2,input,6159,0,0,0,0,-1
0,0,11243,2,input,6160,0,0,0,0,-1
0,0,11244,2,input,6161,0,0,0,0,-1
0,0,11245,2,input,6163,0,0,0,0,-1
0,0,11246,2,input,6164,0,0,0,0,-1
0,0,11247,2,input,6165,0,0,0,0,-1
0,0,11248,2,input,6166,0,0,0,0,-1
0,0,11249,2,input,6167,0,0,0,0,1
0,0,11250,2,input,6168,0,0,0,0,1
0,0,11251,2,input,6169,0,0,0,0,-1
0,0,11252,2,input,6171,0,0,0,0,-1
0,0,11253,2,input,6172,0,0,0,0,-1
0,0,11254,2,input,6173,0,0,0,0,-1
0,0,11255,2,input,6176,0,0,0,0,1
0,0,11256,2,input,6177,0,0,0,0,-1
0,0,11257,2,input,6178,0,0,0,0,-1
0,0,11258,2,input,6179,0,0,0,0,-1
0,0,11259,2,input,6180,0,0,0,0,-1
0,0,11260,2,input,6181,0,0,0,0,1
0,0,11261,2,input,6182,0,0,0,0,1
0,0,11262,2,input,6183,0,0,0,0,1
0,0,11263,2,input,6184,0,0,0,0,-1
0,0,11264,2,input,6186,0,0,0,0,-1
0,0,11265,2,input,6187,0,0,0,0,1
0,0,11266,2,input,6188,0,0,0,0,-1
0,0,11267,2,input,6189,0,0,0,0,-1
0,0,11268,2,input,6192,0,0,0,0,1
0,0,11269,2,input,6193,0,0,0,0,-1
0,0,11270,2,input,6194,0,0,0,0,1
0,0,11271,2,input,6195,0,0,0,0,-1
0,0,11272,2,input,6196,0,0,0,0,-1
0,0,11273,2,input,6199,0,0,0,0,-1
0,0,11274,2,input,6200,0,0,0,0,-1
0,0,11275,2,input,6201,0,0,0,0,-1
0,0,11276,2,input,6203,0,0,0,0,-1
0,0,11277,2,input,6204,0,0,0,0,-1
0,0,11278,2,input,6205,0,0,0,0,-1
0,0,11279,2,input,6206,0,0,0,0,-1
0,0,11280,2,input,6207,0,0,0,0,-1
0,0,11281,2,input,6208,0,0,0,0,-1
0,0,11282,2,input,6209,0,0,0,0,-1
0,0,11283,2,input,6210,0,0,0,0,-1
0,0,11284,2,input,6211,0,0,0,0,-1
0,0,11285,2,input,6213,0,0,0,0,-1
0,0,11286,2,input,6214,0,0,0,0,1
0,0,11287,2,input,6216,0,0,0,0,1
0,0,11288,2,input,6217,0,0,0,0,1
0,0,11289,2,input,6219,0,0,0,0,1
0,0,11290,2,input,6220,0,0,0,0,-1
0,0,11291,2,input,6221,0,0,0,0,1
0,0,11292,2,input,6222,0,0,0,0,-1
0,0,11293,2,input,6223,0,0,0,0,-1
0,0,11294,2,input,6224,0,0,0,0,-1
0,0,11295,2,input,6225,0,0,0,0,-1
0,0,11296,2,input,6226,0,0,0,0,-1
0,0,11297,2,input,6227,0,0,0,0,-1
0,0,11298,2,input,6228,0,0,0,0,-1
0,0,11299,2,input,6231,0,0,0,0,-1
0,0,11300,2,input,6232,0,0,0,0,1
0,0,11301,2,input,6233,0,0,0,0,-1
0,0,11302,2,input,6234,0,0,0,0,-1
0,0,11303,2,input,6238,0,0,0,0,-1
0,0,11304,2,input,6239,0,0,0,0,-1
0,0,11305,2,input,6240,0,0,0,0,-1
0,0,11306,2,input,6241,0,0,0,0,1
0,0,11307,2,input,6242,0,0,0,0,-1
0,0,11308,2,input,6243,0,0,0,0,-1
0,0,11309,2,input,6244,0,0,0,0,-1
0,0,11310,2,input,6246,0,0,0,0,1
0,0,11311,2,input,6247,0,0,0,0,-1
0,0,11312,2,input,6249,0,0,0,0,-1
0,0,11313,2,input,6251,0,0,0,0,1
0,0,11314,2,input,6252,0,0,0,0,-1
0,0,11315,2,input,6254,0,0,0,0,-1
0,0,11316,2,input,6255,0,0,0,0,-1
0,0,11317,2,input,6256,0,0,0,0,1
0,0,11318,2,input,6257,0,0,0,0,-1
0,0,11319,2,input,6258,0,0,0,0,-1
0,0,11320,2,input,6259,0,0,0,0,-1
0,0,11321,2,input,6260,0,0,0,0,-1
0,0,11322,2,input,6261,0,0,0,0,-1
0,0,11323,2,input,6262,0,0,0,0,-1
0,0,11324,2,input,6263,0,0,0,0,-1
0,0,11325,2,input,6264,0,0,0,0,-1
0,0,11326,2,input,6265,0,0,0,0,1
0,0,11327,2,input,6266,0,0,0,0,-1
0,0,11328,2,input,6267,0,0,0,0,1
0,0,11329,2,input,6268,0,0,0,0,-1
0,0,11330,2,input,6269,0,0,0,0,1
0,0,11331,2,input,6270,0,0,0,0,-1
0,0,11332,2,input,6271,0,0,0,0,-1
0,0,11333,2,input,6273,0,0,0,0,-1
0,0,11334,2,input,6274,0,0,0,0,-1
0,0,11335,2,input,6275,0,0,0,0,-1
0,0,11336,2,input,6276,0,0,0,0,-1
0,0,11337,2,input,6277,0,0,0,0,-1
0,0,11338,2,input,6278,0,0,0,0,-1
0,0,11339,2,input,6279,0,0,0,0,1
0,0,11340,2,input,6280,0,0,0,0,-1
0,0,11341,2,input,6282,0,0,0,0,1
0,0,11342,2,input,6284,0,0,0,0,1
0,0,11343,2,input,6285,0,0,0,0,1
0,0,11344,2,input,6286,0,0,0,0,-1
0,0,11345,2,input,6287,0,0,0,0,-1
0,0,11346,2,input,6288,0,0,0,0,-1
0,0,11347,2,input,6290,0,0,0,0,-1
0,0,11348,2,input,6291,0,0,0,0,1
0,0,11349,2,input,6292,0,0,0,0,-1
0,0,11350,2,input,6294,0,0,0,0,-1
0,0,11351,2,input,6295,0,0,0,0,-1
0,0,11352,2,input,6296,0,0,0,0,-1
0,0,11353,2,input,6297,0,0,0,0,-1
0,0,11354,2,input,6298,0,0,0,0,1
0,0,11355,2,input,6301,0,0,0,0,-1
0,0,11356,2,input,6302,0,0,0,0,-1
0,0,11357,2,input,6303,0,0,0,0,1
0,0,11358,2,input,6304,0,0,0,0,-1
0,0,11359,2,input,6305,0,0,0,0,1
0,0,11360,2,input,6306,0,0,0,0,-1
0,0,11361,2,input,6308,0,0,0,0,-1
0,0,11362,2,input,6310,0,0,0,0,1
0,0,11363,2,input,6311,0,0,0,0,-1
0,0,11364,2,input,6312,0,0,0,0,-1
0,0,11365,2,input,6313,0,0,0,0,-1
0,0,11366,2,input,6315,0,0,0,0,-1
0,0,11367,2,input,6316,0,0,0,0,-1
0,0,11368,2,input,6317,0,0,0,0,-1
0,0,11369,2,input,6318,0,0,0,0,-1
0,0,11370,2,input,6319,0,0,0,0,1
0,0,11371,2,input,6321,0,0,0,0,-1
0,0,11372,2,input,6322,0,0,0,0,-1
0,0,11373,2,input,6323,0,0,0,0,-1
0,0,11374,2,input,6325,0,0,0,0,1
0,0,11375,2,input,6327,0,0,0,0,-1
0,0,11376,2,input,6328,0,0,0,0,-1
0,0,11377,2,input,6329,0,0,0,0,-1
0,0,11378,2,input,6333,0,0,0,0,1
0,0,11379,2,input,6334,0,0,0,0,1
0,0,11380,2,input,6335,0,0,0,0,1
0,0,11381,2,input,6336,0,0,0,0,-1
0,0,11382,2,input,6338,0,0,0,0,-1
0,0,11383,2,input,6339,0,0,0,0,-1
0,0,11384,2,input,6340,0,0,0,0,-1
0,0,11385,2,input,6341,0,0,0,0,-1
0,0,11386,2,input,6343,0,0,0,0,-1
0,0,11387,2,input,6344,0,0,0,0,-1
0,0,11388,2,input,6346,0,0,0,0,-1
0,0,11389,2,input,6347,0,0,0,0,-1
0,0,11390,2,input,6348,0,0,0,0,-1
0,0,11391,2,input,6349,0,0,0,0,1
0,0,11392,2,input,6350,0,0,0,0,-1
0,0,11393,2,input,6352,0,0,0,0,1
0,0,11394,2,input,6353,0,0,0,0,-1
0,0,11395,2,input,6354,0,0,0,0,-1
0,0,11396,2,input,6355,0,0,0,0,-1
0,0,11397,2,input,6357,0,0,0,0,-1
0,0,11398,2,input,6358,0,0,0,0,1
0,0,11399,2,input,6361,0,0,0,0,1
0,0,11400,2,input,6362,0,0,0,0,-1
0,0,11401,2,input,6364,0,0,0,0,-1
0,0,11402,2,input,6366,0,0,0,0,-1
0,0,11403,2,input,6367,0,0,0,0,-1
0,0,11404,2,input,6368,0,0,0,0,-1
0,0,11405,2,input,6369,0,0,0,0,1
0,0,11406,2,input,6370,0,0,0,0,-1
0,0,11407,2,input,6371,0,0,0,0,-1
0,0,11408,2,input,6374,0,0,0,0,-1
0,0,11409,2,input,6376,0,0,0,0,-1
0,0,11410,2,input,6377,0,0,0,0,1
0,0,11411,2,input,6379,0,0,0,0,1
0,0,11412,2,input,6380,0,0,0,0,-1
0,0,11413,2,input,6382,0,0,0,0,-1
0,0,11414,2,input,6384,0,0,0,0,1
0,0,11415,2,input,6385,0,0,0,0,1
0,0,11416,2,input,6386,0,0,0,0,1
0,0,11417,2,input,6387,0,0,0,0,-1
0,0,11418,2,input,6388,0,0,0,0,-1
0,0,11419,2,input,6389,0,0,0,0,1
0,0,11420,2,input,6390,0,0,0,0,-1
0,0,11421,2,input,6391,0,0,0,0,-1
0,0,11422,2,input,6392,0,0,0,0,-1
0,0,11423,2,input,6393,0,0,0,0,1
0,0,11424,2,input,6394,0,0,0,0,-1
0,0,11425,2,input,6395,0,0,0,0,1
0,0,11426,2,input,6397,0,0,0,0,1
0,0,11427,2,input,6398,0,0,0,0,1
0,0,11428,2,input,6399,0,0,0,0,-1
0,0,11429,2,input,6400,0,0,0,0,-1
0,0,11430,2,input,6401,0,0,0,0,-1
0,0,11431,2,input,6402,0,0,0,0,-1
0,0,11432,2,input,6403,0,0,0,0,1
0,0,11433,2,input,6404,0,0,0,0,-1
0,0,11434,2,input,6406,0,0,0,0,1
0,0,11435,2,input,6407,0,0,0,0,-1
0,0,11436,2,input,6409,0,0,0,0,1
0,0,11437,2,input,6410,0,0,0,0,-1
0,0,11438,2,input,6411,0,0,0,0,-1
0,0,11439,2,input,6412,0,0,0,0,-1
0,0,11440,2,input,6413,0,0,0,0,-1
0,0,11441,2,input,6415,0,0,0,0,-1
0,0,11442,2,input,6416,0,0,0,0,1
0,0,11443,2,input,6417,0,0,0,0,-1
0,0,11444,2,input,6418,0,0,0,0,-1
0,0,11445,2,input,6420,0,0,0,0,-1
0,0,11446,2,input,6421,0,0,0,0,-1
0,0,11447,2,input,6422,0,0,0,0,1
0,0,11448,2,input,6423,0,0,0,0,1
0,0,11449,2,input,6424,0,0,0,0,-1
0,0,11450,2,input,6425,0,0,0,0,-1
0,0,11451,2,input,6426,0,0,0,0,1
0,0,11452,2,input,6427,0,0,0,0,-1
0,0,11453,2,input,6428,0,0,0,0,-1
0,0,11454,2,input,6429,0,0,0,0,1
0,0,11455,2,input,6431,0,0,0,0,1
0,0,11456,2,input,6432,0,0,0,0,1
0,0,11457,2,input,6433,0,0,0,0,1
0,0,11458,2,input,6434,0,0,0,0,-1
0,0,11459,2,input,6435,0,0,0,0,-1
0,0,11460,2,input,6436,0,0,0,0,-1
0,0,11461,2,input,6437,0,0,0,0,-1
0,0,11462,2,input,6439,0,0,0,0,1
0,0,11463,2,input,6440,0,0,0,0,-1
0,0,11464,2,input,6442,0,0,0,0,-1
0,0,11465,2,input,6443,0,0,0,0,1
0,0,11466,2,input,6444,0,0,0,0,-1
0,0,11467,2,input,6445,0,0,0,0,-1
0,0,11468,2,input,6446,0,0,0,0,-1
0,0,11469,2,input,6448,0,0,0,0,-1
0,0,11470,2,input,6449,0,0,0,0,-1
0,0,11471,2,input,6450,0,0,0,0,1
0,0,11472,2,input,6451,0,0,0,0,-1
0,0,11473,2,input,6452,0,0,0,0,-1
0,0,11474,2,input,6453,0,0,0,0,-1
0,0,11475,2,input,6455,0,0,0,0,-1
0,0,11476,2,input,6456,0,0,0,0,-1
0,0,11477,2,input,6457,0,0,0,0,-1
0,0,11478,2,input,6458,0,0,0,0,-1
0,0,11479,2,input,6459,0,0,0,0,-1
0,0,11480,2,input,6460,0,0,0,0,-1
0,0,11481,2,input,6462,0,0,0,0,1
0,0,11482,2,input,6466,0,0,0,0,-1
0,0,11483,2,input,6467,0,0,0,0,-1
0,0,11484,2,input,6469,0,0,0,0,-1
0,0,11485,2,input,6470,0,0,0,0,1
0,0,11486,2,input,6471,0,0,0,0,1
0,0,11487,2,input,6474,0,0,0,0,-1
0,0,11488,2,input,6475,0,0,0,0,-1
0,0,11489,2,input,6476,0,0,0,0,-1
0,0,11490,2,input,6477,0,0,0,0,1
0,0,11491,2,input,6478,0,0,0,0,-1
0,0,11492,2,input,6479,0,0,0,0,1
0,0,11493,2,input,6480,0,0,0,0,-1
0,0,11494,2,input,6481,0,0,0,0,-1
0,0,11495,2,input,6482,0,0,0,0,-1
0,0,11496,2,input,6483,0,0,0,0,-1
0,0,11497,2,input,6484,0,0,0,0,-1
0,0,11498,2,input,6485,0,0,0,0,-1
0,0,11499,2,input,6486,0,0,0,0,-1
0,0,11500,2,input,6487,0,0,0,0,-1
0,0,11501,2,input,6488,0,0,0,0,1
0,0,11502,2,input,6489,0,0,0,0,-1
0,0,11503,2,input,6490,0,0,0,0,-1
0,0,11504,2,input,6491,0,0,0,0,1
0,0,11505,2,input,6492,0,0,0,0,1
0,0,11506,2,input,6493,0,0,0,0,1
0,0,11507,2,input,6494,0,0,0,0,-1
0,0,11508,2,input,6495,0,0,0,0,-1
0,0,11509,2,input,6498,0,0,0,0,-1
0,0,11510,2,input,6499,0,0,0,0,-1
0,0,11511,2,input,6500,0,0,0,0,1
0,0,11512,2,input,6501,0,0,0,0,-1
0,0,11513,2,input,6502,0,0,0,0,1
0,0,11514,2,input,6503,0,0,0,0,-1
0,0,11515,2,input,6504,0,0,0,0,-1
0,0,11516,2,input,6506,0,0,0,0,-1
0,0,11517,2,input,6507,0,0,0,0,1
0,0,11518,2,input,6508,0,0,0,0,-1
0,0,11519,2,input,6509,0,0,0,0,-1
0,0,11520,2,input,6510,0,0,0,0,-1
0,0,11521,2,input,6511,0,0,0,0,-1
0,0,11522,2,input,6512,0,0,0,0,1
0,0,11523,2,input,6514,0,0,0,0,-1
0,0,11524,2,input,6516,0,0,0,0,-1
0,0,11525,2,input,6517,0,0,0,0,-1
0,0,11526,2,input,6518,0,0,0,0,-1
0,0,11527,2,input,6519,0,0,0,0,-1
0,0,11528,2,input,6520,0,0,0,0,-1
0,0,11529,2,input,6521,0,0,0,0,1
0,0,11530,2,input,6522,0,0,0,0,-1
0,0,11531,2,input,6523,0,0,0,0,1
0,0,11532,2,input,6524,0,0,0,0,1
0,0,11533,2,input,6525,0,0,0,0,1
0,0,11534,2,input,6526,0,0,0,0,1
0,0,11535,2,input,6527,0,0,0,0,-1
0,0,11536,2,input,6528,0,0,0,0,-1
0,0,11537,2,input,6529,0,0,0,0,-1
0,0,11538,2,input,6530,0,0,0,0,-1
0,0,11539,2,input,6531,0,0,0,0,1
0,0,11540,2,input,6532,0,0,0,0,-1
0,0,11541,2,input,6533,0,0,0,0,-1
0,0,11542,2,input,6534,0,0,0,0,-1
0,0,11543,2,input,6535,0,0,0,0,-1
0,0,11544,2,input,6536,0,0,0,0,-1
0,0,11545,2,input,6538,0,0,0,0,-1
0,0,11546,2,input,6539,0,0,0,0,-1
0,0,11547,2,input,6540,0,0,0,0,-1
0,0,11548,2,input,6541,0,0,0,0,-1
0,0,11549,2,input,6542,0,0,0,0,1
0,0,11550,2,input,6543,0,0,0,0,-1
0,0,11551,2,input,6545,0,0,0,0,-1
0,0,11552,2,input,6547,0,0,0,0,-1
0,0,11553,2,input,6548,0,0,0,0,-1
0,0,11554,2,input,6550,0,0,0,0,-1
0,0,11555,2,input,6551,0,0,0,0,1
0,0,11556,2,input,6553,0,0,0,0,-1
0,0,11557,2,input,6554,0,0,0,0,-1
0,0,11558,2,input,6555,0,0,0,0,-1
0,0,11559,2,input,6556,0,0,0,0,-1
0,0,11560,2,input,6557,0,0,0,0,-1
0,0,11561,2,input,6559,0,0,0,0,-1
0,0,11562,2,input,6561,0,0,0,0,-1
0,0,11563,2,input,6562,0,0,0,0,-1
0,0,11564,2,input,6564,0,0,0,0,-1
0,0,11565,2,input,6567,0,0,0,0,1
0,0,11566,2,input,6568,0,0,0,0,-1
0,0,11567,2,input,6570,0,0,0,0,-1
0,0,11568,2,input,6571,0,0,0,0,1
0,0,11569,2,input,6572,0,0,0,0,-1
0,0,11570,2,input,6573,0,0,0,0,-1
0,0,11571,2,input,6577,0,0,0,0,-1
0,0,11572,2,input,6579,0,0,0,0,-1
0,0,11573,2,input,6580,0,0,0,0,-1
0,0,11574,2,input,6582,0,0,0,0,-1
0,0,11575,2,input,6583,0,0,0,0,-1
0,0,11576,2,input,6584,0,0,0,0,-1
0,0,11577,2,input,6587,0,0,0,0,-1
0,0,11578,2,input,6590,0,0,0,0,-1
0,0,11579,2,input,6592,0,0,0,0,-1
0,0,11580,2,input,6593,0,0,0,0,-1
0,0,11581,2,input,6594,0,0,0,0,-1
0,0,11582,2,input,6595,0,0,0,0,-1
0,0,11583,2,input,6596,0,0,0,0,-1
0,0,11584,2,input,6597,0,0,0,0,-1
0,0,11585,2,input,6598,0,0,0,0,1
0,0,11586,2,input,6600,0,0,0,0,1
0,0,11587,2,input,6601,0,0,0,0,1
0,0,11588,2,input,6602,0,0,0,0,-1
0,0,11589,2,input,6603,0,0,0,0,-1
0,0,11590,2,input,6604,0,0,0,0,-1
0,0,11591,2,input,6605,0,0,0,0,1
0,0,11592,2,input,6606,0,0,0,0,-1
0,0,11593,2,input,6607,0,0,0,0,-1
0,0,11594,2,input,6608,0,0,0,0,-1
0,0,11595,2,input,6609,0,0,0,0,-1
0,0,11596,2,input,6611,0,0,0,0,-1
0,0,11597,2,input,6612,0,0,0,0,-1
0,0,11598,2,input,6614,0,0,0,0,-1
0,0,11599,2,input,6615,0,0,0,0,-1
0,0,11600,2,input,6617,0,0,0,0,-1
0,0,11601,2,input,6618,0,0,0,0,-1
0,0,11602,2,input,6619,0,0,0,0,-1
0,0,11603,2,input,6620,0,0,0,0,1
0,0,11604,2,input,6622,0,0,0,0,-1
0,0,11605,2,input,6623,0,0,0,0,-1
0,0,11606,2,input,6624,0,0,0,0,-1
0,0,11607,2,input,6625,0,0,0,0,-1
0,0,11608,2,input,6627,0,0,0,0,-1
0,0,11609,2,input,6628,0,0,0,0,-1
0,0,11610,2,input,6629,0,0,0,0,-1
0,0,11611,2,input,6630,0,0,0,0,1
0,0,11612,2,input,6631,0,0,0,0,-1
0,0,11613,2,input,6632,0,0,0,0,-1
0,0,11614,2,input,6633,0,0,0,0,-1
0,0,11615,2,input,6634,0,0,0,0,-1
0,0,11616,2,input,6636,0,0,0,0,-1
0,0,11617,2,input,6637,0,0,0,0,1
0,0,11618,2,input,6638,0,0,0,0,-1
0,0,11619,2,input,6639,0,0,0,0,-1
0,0,11620,2,input,6640,0,0,0,0,1
0,0,11621,2,input,6641,0,0,0,0,-1
0,0,11622,2,input,6642,0,0,0,0,-1
0,0,11623,2,input,6643,0,0,0,0,-1
0,0,11624,2,input,6644,0,0,0,0,-1
0,0,11625,2,input,6645,0,0,0,0,-1
0,0,11626,2,input,6646,0,0,0,0,-1
0,0,11627,2,input,6647,0,0,0,0,-1
0,0,11628,2,input,6648,0,0,0,0,-1
0,0,11629,2,input,6649,0,0,0,0,1
0,0,11630,2,input,6650,0,0,0,0,-1
0,0,11631,2,input,6652,0,0,0,0,-1
0,0,11632,2,input,6654,0,0,0,0,-1
0,0,11633,2,input,6655,0,0,0,0,-1
0,0,11634,2,input,6656,0,0,0,0,-1
0,0,11635,2,input,6657,0,0,0,0,-1
0,0,11636,2,input,6658,0,0,0,0,-1
0,0,11637,2,input,6659,0,0,0,0,1
0,0,11638,2,input,6660,0,0,0,0,-1
0,0,11639,2,input,6661,0,0,0,0,-1
0,0,11640,2,input,6662,0,0,0,0,-1
0,0,11641,2,input,6663,0,0,0,0,-1
0,0,11642,2,input,6664,0,0,0,0,-1
0,0,11643,2,input,6666,0,0,0,0,-1
0,0,11644,2,input,6667,0,0,0,0,-1
0,0,11645,2,input,6668,0,0,0,0,-1
0,0,11646,2,input,6669,0,0,0,0,-1
0,0,11647,2,input,6670,0,0,0,0,1
0,0,11648,2,input,6671,0,0,0,0,-1
0,0,11649,2,input,6672,0,0,0,0,-1
0,0,11650,2,input,6673,0,0,0,0,-1
0,0,11651,2,input,6674,0,0,0,0,-1
0,0,11652,2,input,6675,0,0,0,0,-1
0,0,11653,2,input,6676,0,0,0,0,-1
0,0,11654,2,input,6677,0,0,0,0,-1
0,0,11655,2,input,6678,0,0,0,0,-1
0,0,11656,2,input,6679,0,0,0,0,1
0,0,11657,2,input,6681,0,0,0,0,-1
0,0,11658,2,input,6682,0,0,0,0,-1
0,0,11659,2,input,6683,0,0,0,0,-1
0,0,11660,2,input,6684,0,0,0,0,-1
0,0,11661,2,input,6685,0,0,0,0,-1
0,0,11662,2,input,6686,0,0,0,0,-1
0,0,11663,2,input,6687,0,0,0,0,-1
0,0,11664,2,input,6690,0,0,0,0,-1
0,0,11665,2,input,6692,0,0,0,0,-1
0,0,11666,2,input,6693,0,0,0,0,-1
0,0,11667,2,input,6695,0,0,0,0,1
0,0,11668,2,input,6696,0,0,0,0,-1
0,0,11669,2,input,6698,0,0,0,0,-1
0,0,11670,2,input,6699,0,0,0,0,1
0,0,11671,2,input,6700,0,0,0,0,-1
0,0,11672,2,input,6701,0,0,0,0,-1
0,0,11673,2,input,6703,0,0,0,0,-1
0,0,11674,2,input,6705,0,0,0,0,-1
0,0,11675,2,input,6707,0,0,0,0,-1
0,0,11676,2,input,6708,0,0,0,0,-1
0,0,11677,2,input,6711,0,0,0,0,-1
0,0,11678,2,input,6712,0,0,0,0,-1
0,0,11679,2,input,6715,0,0,0,0,-1
0,0,11680,2,input,6718,0,0,0,0,-1
0,0,11681,2,input,6720,0,0,0,0,-1
0,0,11682,2,input,6721,0,0,0,0,-1
0,0,11683,2,input,6723,0,0,0,0,-1
0,0,11684,2,input,6725,0,0,0,0,-1
0,0,11685,2,input,6726,0,0,0,0,1
0,0,11686,2,input,6727,0,0,0,0,-1
0,0,11687,2,input,6728,0,0,0,0,1
0,0,11688,2,input,6729,0,0,0,0,1
0,0,11689,2,input,6730,0,0,0,0,-1
0,0,11690,2,input,6731,0,0,0,0,-1
0,0,11691,2,input,6732,0,0,0,0,-1
0,0,11692,2,input,6733,0,0,0,0,1
0,0,11693,2,input,6734,0,0,0,0,-1
0,0,11694,2,input,6735,0,0,0,0,-1
0,0,11695,2,input,6736,0,0,0,0,-1
0,0,11696,2,input,6737,0,0,0,0,-1
0,0,11697,2,input,6739,0,0,0,0,-1
0,0,11698,2,input,6740,0,0,0,0,-1
0,0,11699,2,input,6741,0,0,0,0,-1
0,0,11700,2,input,6742,0,0,0,0,-1
0,0,11701,2,input,6743,0,0,0,0,-1
0,0,11702,2,input,6745,0,0,0,0,-1
0,0,11703,2,input,6746,0,0,0,0,-1
0,0,11704,2,input,6750,0,0,0,0,-1
0,0,11705,2,input,6751,0,0,0,0,-1
0,0,11706,2,input,6752,0,0,0,0,-1
0,0,11707,2,input,6754,0,0,0,0,-1
0,0,11708,2,input,6755,0,0,0,0,-1
0,0,11709,2,input,6757,0,0,0,0,-1
0,0,11710,2,input,6758,0,0,0,0,1
0,0,11711,2,input,6759,0,0,0,0,-1
0,0,11712,2,input,6760,0,0,0,0,-1
0,0,11713,2,input,6761,0,0,0,0,-1
0,0,11714,2,input,6762,0,0,0,0,-1
0,0,11715,2,input,6764,0,0,0,0,-1
0,0,11716,2,input,6765,0,0,0,0,1
0,0,11717,2,input,6766,0,0,0,0,-1
0,0,11718,2,input,6767,0,0,0,0,-1
0,0,11719,2,input,6768,0,0,0,0,1
0,0,11720,2,input,6769,0,0,0,0,-1
0,0,11721,2,input,6770,0,0,0,0,-1
0,0,11722,2,input,6771,0,0,0,0,-1
0,0,11723,2,input,6772,0,0,0,0,-1
0,0,11724,2,input,6773,0,0,0,0,-1
0,0,11725,2,input,6774,0,0,0,0,-1
0,0,11726,2,input,6775,0,0,0,0,-1
0,0,11727,2,input,6776,0,0,0,0,-1
0,0,11728,2,input,6777,0,0,0,0,1
0,0,11729,2,input,6778,0,0,0,0,-1
0,0,11730,2,input,6780,0,0,0,0,-1
0,0,11731,2,input,6781,0,0,0,0,-1
0,0,11732,2,input,6782,0,0,0,0,-1
0,0,11733,2,input,6783,0,0,0,0,-1
0,0,11734,2,input,6785,0,0,0,0,-1
0,0,11735,2,input,6786,0,0,0,0,-1
0,0,11736,2,input,6787,0,0,0,0,1
0,0,11737,2,input,6788,0,0,0,0,-1
0,0,11738,2,input,6789,0,0,0,0,-1
0,0,11739,2,input,6790,0,0,0,0,-1
0,0,11740,2,input,6791,0,0,0,0,-1
0,0,11741,2,input,6792,0,0,0,0,-1
0,0,11742,2,input,6797,0,0,0,0,-1
0,0,11743,2,input,6798,0,0,0,0,1
0,0,11744,2,input,6800,0,0,0,0,-1
0,0,11745,2,input,6801,0,0,0,0,-1
0,0,11746,2,input,6803,0,0,0,0,-1
0,0,11747,2,input,6804,0,0,0,0,-1
0,0,11748,2,input,6805,0,0,0,0,-1
0,0,11749,2,input,6807,0,0,0,0,1
0,0,11750,2,input,6809,0,0,0,0,-1
0,0,11751,2,input,6810,0,0,0,0,-1
0,0,11752,2,input,6811,0,0,0,0,-1
0,0,11753,2,input,6812,0,0,0,0,-1
0,0,11754,2,input,6813,0,0,0,0,-1
0,0,11755,2,input,6815,0,0,0,0,-1
0,0,11756,2,input,6816,0,0,0,0,-1
0,0,11757,2,input,6818,0,0,0,0,-1
0,0,11758,2,input,6820,0,0,0,0,-1
0,0,11759,2,input,6822,0,0,0,0,1
0,0,11760,2,input,6823,0,0,0,0,1
0,0,11761,2,input,6824,0,0,0,0,-1
0,0,11762,2,input,6826,0,0,0,0,-1
0,0,11763,2,input,6827,0,0,0,0,1
0,0,11764,2,input,6828,0,0,0,0,-1
0,0,11765,2,input,6829,0,0,0,0,-1
0,0,11766,2,input,6831,0,0,0,0,-1
0,0,11767,2,input,6833,0,0,0,0,-1
0,0,11768,2,input,6834,0,0,0,0,-1
0,0,11769,2,input,6835,0,0,0,0,-1
0,0,11770,2,input,6836,0,0,0,0,-1
0,0,11771,2,input,6837,0,0,0,0,1
0,0,11772,2,input,6838,0,0,0,0,-1
0,0,11773,2,input,6839,0,0,0,0,-1
0,0,11774,2,input,6840,0,0,0,0,-1
0,0,11775,2,input,6843,0,0,0,0,-1
0,0,11776,2,input,6844,0,0,0,0,-1
0,0,11777,2,input,6846,0,0,0,0,-1
0,0,11778,2,input,6848,0,0,0,0,-1
0,0,11779,2,input,6849,0,0,0,0,-1
0,0,11780,2,input,6851,0,0,0,0,-1
0,0,11781,2,input,6853,0,0,0,0,-1
0,0,11782,2,input,6854,0,0,0,0,1
0,0,11783,2,input,6855,0,0,0,0,-1
0,0,11784,2,input,6856,0,0,0,0,1
0,0,11785,2,input,6857,0,0,0,0,-1
0,0,11786,2,input,6859,0,0,0,0,-1
0,0,11787,2,input,6860,0,0,0,0,-1
0,0,11788,2,input,6861,0,0,0,0,1
0,0,11789,2,input,6862,0,0,0,0,-1
0,0,11790,2,input,6863,0,0,0,0,-1
0,0,11791,2,input,6864,0,0,0,0,-1
0,0,11792,2,input,6865,0,0,0,0,-1
0,0,11793,2,input,6866,0,0,0,0,-1
0,0,11794,2,input,6867,0,0,0,0,-1
0,0,11795,2,input,6868,0,0,0,0,-1
0,0,11796,2,input,6870,0,0,0,0,-1
0,0,11797,2,input,6871,0,0,0,0,-1
0,0,11798,2,input,6872,0,0,0,0,-1
0,0,11799,2,input,6874,0,0,0,0,-1
0,0,11800,2,input,6875,0,0,0,0,-1
0,0,11801,2,input,6876,0,0,0,0,1
0,0,11802,2,input,6877,0,0,0,0,1
0,0,11803,2,input,6878,0,0,0,0,-1
0,0,11804,2,input,6879,0,0,0,0,-1
0,0,11805,2,input,6880,0,0,0,0,-1
0,0,11806,2,input,6882,0,0,0,0,-1
0,0,11807,2,input,6883,0,0,0,0,-1
0,0,11808,2,input,6885,0,0,0,0,-1
0,0,11809,2,input,6886,0,0,0,0,1
0,0,11810,2,input,6887,0,0,0,0,-1
0,0,11811,2,input,6888,0,0,0,0,-1
0,0,11812,2,input,6889,0,0,0,0,-1
0,0,11813,2,input,6890,0,0,0,0,-1
0,0,11814,2,input,6892,0,0,0,0,-1
0,0,11815,2,input,6893,0,0,0,0,1
0,0,11816,2,input,6894,0,0,0,0,-1
0,0,11817,2,input,6896,0,0,0,0,1
0,0,11818,2,input,6897,0,0,0,0,-1
0,0,11819,2,input,6898,0,0,0,0,-1
0,0,11820,2,input,6899,0,0,0,0,-1
0,0,11821,2,input,6900,0,0,0,0,-1
0,0,11822,2,input,6901,0,0,0,0,-1
0,0,11823,2,input,6902,0,0,0,0,-1
0,0,11824,2,input,6904,0,0,0,0,-1
0,0,11825,2,input,6905,0,0,0,0,1
0,0,11826,2,input,6906,0,0,0,0,-1
0,0,11827,2,input,6908,0,0,0,0,-1
0,0,11828,2,input,6909,0,0,0,0,-1
0,0,11829,2,input,6910,0,0,0,0,-1
0,0,11830,2,input,6911,0,0,0,0,-1
0,0,11831,2,input,6913,0,0,0,0,-1
0,0,11832,2,input,6914,0,0,0,0,-1
0,0,11833,2,input,6915,0,0,0,0,1
0,0,11834,2,input,6916,0,0,0,0,-1
0,0,11835,2,input,6917,0,0,0,0,-1
0,0,11836,2,input,6919,0,0,0,0,-1
0,0,11837,2,input,6920,0,0,0,0,-1
0,0,11838,2,input,6925,0,0,0,0,-1
0,0,11839,2,input,6926,0,0,0,0,1
0,0,11840,2,input,6927,0,0,0,0,-1
0,0,11841,2,input,6929,0,0,0,0,-1
0,0,11842,2,input,6930,0,0,0,0,1
0,0,11843,2,input,6931,0,0,0,0,-1
0,0,11844,2,input,6932,0,0,0,0,-1
0,0,11845,2,input,6934,0,0,0,0,1
0,0,11846,2,input,6935,0,0,0,0,1
0,0,11847,2,input,6936,0,0,0,0,1
0,0,11848,2,input,6938,0,0,0,0,-1
0,0,11849,2,input,6939,0,0,0,0,-1
0,0,11850,2,input,6940,0,0,0,0,-1
0,0,11851,2,input,6941,0,0,0,0,-1
0,0,11852,2,input,6942,0,0,0,0,-1
0,0,11853,2,input,6943,0,0,0,0,-1
0,0,11854,2,input,6945,0,0,0,0,-1
0,0,11855,2,input,6947,0,0,0,0,-1
0,0,11856,2,input,6948,0,0,0,0,-1
0,0,11857,2,input,6950,0,0,0,0,1
0,0,11858,2,input,6951,0,0,0,0,1
0,0,11859,2,input,6952,0,0,0,0,-1
0,0,11860,2,input,6954,0,0,0,0,-1
0,0,11861,2,input,6955,0,0,0,0,1
0,0,11862,2,input,6956,0,0,0,0,-1
0,0,11863,2,input,6957,0,0,0,0,-1
0,0,11864,2,input,6959,0,0,0,0,-1
0,0,11865,2,input,6960,0,0,0,0,1
0,0,11866,2,input,6961,0,0,0,0,-1
0,0,11867,2,input,6962,0,0,0,0,-1
0,0,11868,2,input,6963,0,0,0,0,-1
0,0,11869,2,input,6964,0,0,0,0,-1
0,0,11870,2,input,6966,0,0,0,0,-1
0,0,11871,2,input,6967,0,0,0,0,-1
0,0,11872,2,input,6968,0,0,0,0,-1
0,0,11873,2,input,6969,0,0,0,0,-1
0,0,11874,2,input,6971,0,0,0,0,-1
0,0,11875,2,input,6972,0,0,0,0,-1
0,0,11876,2,input,6974,0,0,0,0,-1
0,0,11877,2,input,6976,0,0,0,0,-1
0,0,11878,2,input,6977,0,0,0,0,-1
0,0,11879,2,input,6978,0,0,0,0,-1
0,0,11880,2,input,6979,0,0,0,0,-1
0,0,11881,2,input,6981,0,0,0,0,-1
0,0,11882,2,input,6982,0,0,0,0,1
0,0,11883,2,input,6984,0,0,0,0,1
0,0,11884,2,input,6985,0,0,0,0,-1
0,0,11885,2,input,6986,0,0,0,0,-1
0,0,11886,2,input,6987,0,0,0,0,-1
0,0,11887,2,input,6988,0,0,0,0,-1
0,0,11888,2,input,6989,0,0,0,0,1
0,0,11889,2,input,6990,0,0,0,0,-1
0,0,11890,2,input,6991,0,0,0,0,-1
0,0,11891,2,input,6992,0,0,0,0,-1
0,0,11892,2,input,6993,0,0,0,0,-1
0,0,11893,2,input,6994,0,0,0,0,-1
0,0,11894,2,input,6995,0,0,0,0,-1
0,0,11895,2,input,6996,0,0,0,0,-1
0,0,11896,2,input,6998,0,0,0,0,-1
0,0,11897,2,input,6999,0,0,0,0,-1
0,0,11898,2,input,7001,0,0,0,0,-1
0,0,11899,2,input,7002,0,0,0,0,-1
0,0,11900,2,input,7003,0,0,0,0,-1
0,0,11901,2,input,7005,0,0,0,0,1
0,0,11902,2,input,7006,0,0,0,0,-1
0,0,11903,2,input,7007,0,0,0,0,-1
0,0,11904,2,input,7008,0,0,0,0,-1
0,0,11905,2,input,7009,0,0,0,0,1
0,0,11906,2,input,7010,0,0,0,0,-1
0,0,11907,2,input,7011,0,0,0,0,-1
0,0,11908,2,input,7012,0,0,0,0,-1
0,0,11909,2,input,7013,0,0,0,0,-1
0,0,11910,2,input,7014,0,0,0,0,1
0,0,11911,2,input,7015,0,0,0,0,-1
0,0,11912,2,input,7016,0,0,0,0,-1
0,0,11913,2,input,7017,0,0,0,0,-1
0,0,11914,2,input,7019,0,0,0,0,1
0,0,11915,2,input,7020,0,0,0,0,-1
0,0,11916,2,input,7022,0,0,0,0,-1
0,0,11917,2,input,7024,0,0,0,0,1
0,0,11918,2,input,7025,0,0,0,0,-1
0,0,11919,2,input,7026,0,0,0,0,-1
0,0,11920,2,input,7027,0,0,0,0,-1
0,0,11921,2,input,7028,0,0,0,0,-1
0,0,11922,2,input,7029,0,0,0,0,-1
0,0,11923,2,input,7030,0,0,0,0,-1
0,0,11924,2,input,7031,0,0,0,0,1
0,0,11925,2,input,7032,0,0,0,0,-1
0,0,11926,2,input,7033,0,0,0,0,1
0,0,11927,2,input,7034,0,0,0,0,-1
0,0,11928,2,input,7035,0,0,0,0,1
0,0,11929,2,input,7036,0,0,0,0,-1
0,0,11930,2,input,7037,0,0,0,0,-1
0,0,11931,2,input,7038,0,0,0,0,-1
0,0,11932,2,input,7039,0,0,0,0,-1
0,0,11933,2,input,7041,0,0,0,0,-1
0,0,11934,2,input,7042,0,0,0,0,-1
0,0,11935,2,input,7043,0,0,0,0,1
0,0,11936,2,input,7044,0,0,0,0,-1
0,0,11937,2,input,7045,0,0,0,0,-1
0,0,11938,2,input,7046,0,0,0,0,-1
0,0,11939,2,input,7047,0,0,0,0,-1
0,0,11940,2,input,7048,0,0,0,0,-1
0,0,11941,2,input,7050,0,0,0,0,-1
0,0,11942,2,input,7051,0,0,0,0,-1
0,0,11943,2,input,7053,0,0,0,0,-1
0,0,11944,2,input,7054,0,0,0,0,-1
0,0,11945,2,input,7055,0,0,0,0,-1
0,0,11946,2,input,7057,0,0,0,0,-1
0,0,11947,2,input,7058,0,0,0,0,1
0,0,11948,2,input,7059,0,0,0,0,-1
0,0,11949,2,input,7060,0,0,0,0,-1
0,0,11950,2,input,7061,0,0,0,0,-1
0,0,11951,2,input,7063,0,0,0,0,1
0,0,11952,2,input,7067,0,0,0,0,-1
0,0,11953,2,input,7068,0,0,0,0,-1
0,0,11954,2,input,7069,0,0,0,0,-1
0,0,11955,2,input,7071,0,0,0,0,-1
0,0,11956,2,input,7072,0,0,0,0,-1
0,0,11957,2,input,7073,0,0,0,0,1
0,0,11958,2,input,7075,0,0,0,0,-1
0,0,11959,2,input,7076,0,0,0,0,-1
0,0,11960,2,input,7077,0,0,0,0,-1
0,0,11961,2,input,7078,0,0,0,0,1
0,0,11962,2,input,7080,0,0,0,0,-1
0,0,11963,2,input,7083,0,0,0,0,1
0,0,11964,2,input,7084,0,0,0,0,-1
0,0,11965,2,input,7085,0,0,0,0,-1
0,0,11966,2,input,7087,0,0,0,0,-1
0,0,11967,2,input,7088,0,0,0,0,1
0,0,11968,2,input,7089,0,0,0,0,-1
0,0,11969,2,input,7090,0,0,0,0,-1
0,0,11970,2,input,7092,0,0,0,0,-1
0,0,11971,2,input,7093,0,0,0,0,1
0,0,11972,2,input,7094,0,0,0,0,-1
0,0,11973,2,input,7095,0,0,0,0,-1
0,0,11974,2,input,7096,0,0,0,0,-1
0,0,11975,2,input,7097,0,0,0,0,-1
0,0,11976,2,input,7099,0,0,0,0,-1
0,0,11977,2,input,7100,0,0,0,0,-1
0,0,11978,2,input,7101,0,0,0,0,1
0,0,11979,2,input,7102,0,0,0,0,-1
0,0,11980,2,input,7104,0,0,0,0,-1
0,0,11981,2,input,7105,0,0,0,0,-1
0,0,11982,2,input,7107,0,0,0,0,-1
0,0,11983,2,input,7109,0,0,0,0,-1
0,0,11984,2,input,7110,0,0,0,0,1
0,0,11985,2,input,7111,0,0,0,0,-1
0,0,11986,2,input,7113,0,0,0,0,-1
0,0,11987,2,input,7115,0,0,0,0,-1
0,0,11988,2,input,7116,0,0,0,0,-1
0,0,11989,2,input,7117,0,0,0,0,1
0,0,11990,2,input,7118,0,0,0,0,-1
0,0,11991,2,input,7119,0,0,0,0,-1
0,0,11992,2,input,7120,0,0,0,0,-1
0,0,11993,2,input,7121,0,0,0,0,-1
0,0,11994,2,input,7122,0,0,0,0,-1
0,0,11995,2,input,7123,0,0,0,0,-1
0,0,11996,2,input,7124,0,0,0,0,-1
0,0,11997,2,input,7125,0,0,0,0,1
0,0,11998,2,input,7128,0,0,0,0,-1
0,0,11999,2,input,7130,0,0,0,0,-1
0,0,12000,2,input,7131,0,0,0,0,-1
0,0,12001,2,input,7133,0,0,0,0,1
0,0,12002,2,input,7134,0,0,0,0,-1
0,0,12003,2,input,7135,0,0,0,0,-1
0,0,12004,2,input,7136,0,0,0,0,-1
0,0,12005,2,input,7137,0,0,0,0,1
0,0,12006,2,input,7138,0,0,0,0,-1
0,0,12007,2,input,7139,0,0,0,0,-1
0,0,12008,2,input,7141,0,0,0,0,-1
0,0,12009,2,input,7142,0,0,0,0,1
0,0,12010,2,input,7143,0,0,0,0,-1
0,0,12011,2,input,7144,0,0,0,0,-1
0,0,12012,2,input,7145,0,0,0,0,-1
0,0,12013,2,input,7146,0,0,0,0,-1
0,0,12014,2,input,7147,0,0,0,0,1
0,0,12015,2,input,7148,0,0,0,0,-1
0,0,12016,2,input,7151,0,0,0,0,1
0,0,12017,2,input,7152,0,0,0,0,1
0,0,12018,2,input,7153,0,0,0,0,-1
0,0,12019,2,input,7154,0,0,0,0,-1
0,0,12020,2,input,7155,0,0,0,0,-1
0,0,12021,2,input,7156,0,0,0,0,-1
0,0,12022,2,input,7157,0,0,0,0,-1
0,0,12023,2,input,7158,0,0,0,0,-1
0,0,12024,2,input,7159,0,0,0,0,1
0,0,12025,2,input,7161,0,0,0,0,1
0,0,12026,2,input,7162,0,0,0,0,-1
0,0,12027,2,input,7164,0,0,0,0,-1
0,0,12028,2,input,7165,0,0,0,0,-1
0,0,12029,2,input,7166,0,0,0,0,-1
0,0,12030,2,input,7167,0,0,0,0,-1
0,0,12031,2,input,7168,0,0,0,0,-1
0,0,12032,2,input,7169,0,0,0,0,-1
0,0,12033,2,input,7170,0,0,0,0,-1
0,0,12034,2,input,7171,0,0,0,0,1
0,0,12035,2,input,7172,0,0,0,0,-1
0,0,12036,2,input,7173,0,0,0,0,-1
0,0,12037,2,input,7174,0,0,0,0,-1
0,0,12038,2,input,7175,0,0,0,0,-1
0,0,12039,2,input,7176,0,0,0,0,-1
0,0,12040,2,input,7177,0,0,0,0,1
0,0,12041,2,input,7178,0,0,0,0,-1
0,0,12042,2,input,7179,0,0,0,0,-1
0,0,12043,2,input,7180,0,0,0,0,-1
0,0,12044,2,input,7181,0,0,0,0,-1
0,0,12045,2,input,7182,0,0,0,0,-1
0,0,12046,2,input,7183,0,0,0,0,-1
0,0,12047,2,input,7184,0,0,0,0,1
0,0,12048,2,input,7185,0,0,0,0,-1
0,0,12049,2,input,7187,0,0,0,0,-1
0,0,12050,2,input,7188,0,0,0,0,-1
0,0,12051,2,input,7189,0,0,0,0,-1
0,0,12052,2,input,7190,0,0,0,0,-1
0,0,12053,2,input,7191,0,0,0,0,1
0,0,12054,2,input,7192,0,0,0,0,1
0,0,12055,2,input,7193,0,0,0,0,-1
0,0,12056,2,input,7194,0,0,0,0,-1
0,0,12057,2,input,7195,0,0,0,0,-1
0,0,12058,2,input,7196,0,0,0,0,-1
0,0,12059,2,input,7197,0,0,0,0,-1
0,0,12060,2,input,7199,0,0,0,0,-1
0,0,12061,2,input,7201,0,0,0,0,-1
0,0,12062,2,input,7202,0,0,0,0,-1
0,0,12063,2,input,7203,0,0,0,0,-1
0,0,12064,2,input,7204,0,0,0,0,-1
0,0,12065,2,input,7205,0,0,0,0,1
0,0,12066,2,input,7206,0,0,0,0,1
0,0,12067,2,input,7207,0,0,0,0,1
0,0,12068,2,input,7209,0,0,0,0,1
0,0,12069,2,input,7210,0,0,0,0,-1
0,0,12070,2,input,7211,0,0,0,0,1
0,0,12071,2,input,7212,0,0,0,0,-1
0,0,12072,2,input,7213,0,0,0,0,-1
0,0,12073,2,input,7215,0,0,0,0,-1
0,0,12074,2,input,7216,0,0,0,0,1
0,0,12075,2,input,7217,0,0,0,0,-1
0,0,12076,2,input,7219,0,0,0,0,-1
0,0,12077,2,input,7220,0,0,0,0,-1
0,0,12078,2,input,7221,0,0,0,0,-1
0,0,12079,2,input,7222,0,0,0,0,1
0,0,12080,2,input,7223,0,0,0,0,-1
0,0,12081,2,input,7224,0,0,0,0,-1
0,0,12082,2,input,7227,0,0,0,0,-1
0,0,12083,2,input,7228,0,0,0,0,-1
0,0,12084,2,input,7229,0,0,0,0,-1
0,0,12085,2,input,7230,0,0,0,0,-1
0,0,12086,2,input,7232,0,0,0,0,-1
0,0,12087,2,input,7233,0,0,0,0,-1
0,0,12088,2,input,7234,0,0,0,0,-1
0,0,12089,2,input,7235,0,0,0,0,-1
0,0,12090,2,input,7236,0,0,0,0,-1
0,0,12091,2,input,7237,0,0,0,0,-1
0,0,12092,2,input,7238,0,0,0,0,1
0,0,12093,2,input,7239,0,0,0,0,-1
0,0,12094,2,input,7240,0,0,0,0,1
0,0,12095,2,input,7241,0,0,0,0,1
0,0,12096,2,input,7244,0,0,0,0,-1
0,0,12097,2,input,7245,0,0,0,0,1
0,0,12098,2,input,7248,0,0,0,0,-1
0,0,12099,2,input,7249,0,0,0,0,-1
0,0,12100,2,input,7250,0,0,0,0,-1
0,0,12101,2,input,7251,0,0,0,0,-1
0,0,12102,2,input,7252,0,0,0,0,-1
0,0,12103,2,input,7253,0,0,0,0,-1
0,0,12104,2,input,7254,0,0,0,0,-1
0,0,12105,2,input,7255,0,0,0,0,-1
0,0,12106,2,input,7257,0,0,0,0,-1
0,0,12107,2,input,7258,0,0,0,0,-1
0,0,12108,2,input,7259,0,0,0,0,-1
0,0,12109,2,input,7261,0,0,0,0,1
0,0,12110,2,input,7262,0,0,0,0,-1
0,0,12111,2,input,7263,0,0,0,0,-1
0,0,12112,2,input,7264,0,0,0,0,-1
0,0,12113,2,input,7265,0,0,0,0,1
0,0,12114,2,input,7267,0,0,0,0,-1
0,0,12115,2,input,7268,0,0,0,0,-1
0,0,12116,2,input,7269,0,0,0,0,-1
0,0,12117,2,input,7270,0,0,0,0,1
0,0,12118,2,input,7271,0,0,0,0,-1
0,0,12119,2,input,7272,0,0,0,0,-1
0,0,12120,2,input,7273,0,0,0,0,-1
0,0,12121,2,input,7274,0,0,0,0,-1
0,0,12122,2,input,7275,0,0,0,0,1
0,0,12123,2,input,7276,0,0,0,0,-1
0,0,12124,2,input,7278,0,0,0,0,-1
0,0,12125,2,input,7279,0,0,0,0,-1
0,0,12126,2,input,7280,0,0,0,0,1
0,0,12127,2,input,7281,0,0,0,0,-1
0,0,12128,2,input,7282,0,0,0,0,-1
0,0,12129,2,input,7283,0,0,0,0,-1
0,0,12130,2,input,7284,0,0,0,0,-1
0,0,12131,2,input,7285,0,0,0,0,-1
0,0,12132,2,input,7286,0,0,0,0,-1
0,0,12133,2,input,7287,0,0,0,0,1
0,0,12134,2,input,7288,0,0,0,0,-1
0,0,12135,2,input,7289,0,0,0,0,1
0,0,12136,2,input,7290,0,0,0,0,-1
0,0,12137,2,input,7291,0,0,0,0,1
0,0,12138,2,input,7293,0,0,0,0,1
0,0,12139,2,input,7294,0,0,0,0,-1
0,0,12140,2,input,7295,0,0,0,0,-1
0,0,12141,2,input,7296,0,0,0,0,-1
0,0,12142,2,input,7298,0,0,0,0,-1
0,0,12143,2,input,7299,0,0,0,0,1
0,0,12144,2,input,7300,0,0,0,0,-1
0,0,12145,2,input,7301,0,0,0,0,-1
0,0,12146,2,input,7303,0,0,0,0,-1
0,0,12147,2,input,7306,0,0,0,0,1
0,0,12148,2,input,7307,0,0,0,0,1
0,0,12149,2,input,7308,0,0,0,0,1
0,0,12150,2,input,7309,0,0,0,0,-1
0,0,12151,2,input,7310,0,0,0,0,1
0,0,12152,2,input,7311,0,0,0,0,-1
0,0,12153,2,input,7312,0,0,0,0,-1
0,0,12154,2,input,7313,0,0,0,0,-1
0,0,12155,2,input,7314,0,0,0,0,-1
0,0,12156,2,input,7315,0,0,0,0,-1
0,0,12157,2,input,7316,0,0,0,0,-1
0,0,12158,2,input,7317,0,0,0,0,-1
0,0,12159,2,input,7318,0,0,0,0,-1
0,0,12160,2,input,7319,0,0,0,0,1
0,0,12161,2,input,7320,0,0,0,0,1
0,0,12162,2,input,7321,0,0,0,0,-1
0,0,12163,2,input,7323,0,0,0,0,-1
0,0,12164,2,input,7324,0,0,0,0,-1
0,0,12165,2,input,7325,0,0,0,0,-1
0,0,12166,2,input,7326,0,0,0,0,-1
0,0,12167,2,input,7329,0,0,0,0,-1
0,0,12168,2,input,7330,0,0,0,0,-1
0,0,12169,2,input,7331,0,0,0,0,-1
0,0,12170,2,input,7332,0,0,0,0,-1
0,0,12171,2,input,7333,0,0,0,0,1
0,0,12172,2,input,7334,0,0,0,0,1
0,0,12173,2,input,7335,0,0,0,0,1
0,0,12174,2,input,7336,0,0,0,0,-1
0,0,12175,2,input,7338,0,0,0,0,-1
0,0,12176,2,input,7339,0,0,0,0,1
0,0,12177,2,input,7340,0,0,0,0,-1
0,0,12178,2,input,7341,0,0,0,0,-1
0,0,12179,2,input,7342,0,0,0,0,-1
0,0,12180,2,input,7343,0,0,0,0,1
0,0,12181,2,input,7345,0,0,0,0,-1
0,0,12182,2,input,7346,0,0,0,0,1
0,0,12183,2,input,7348,0,0,0,0,-1
0,0,12184,2,input,7349,0,0,0,0,1
0,0,12185,2,input,7351,0,0,0,0,-1
0,0,12186,2,input,7353,0,0,0,0,-1
0,0,12187,2,input,7355,0,0,0,0,-1
0,0,12188,2,input,7356,0,0,0,0,-1
0,0,12189,2,input,7357,0,0,0,0,-1
0,0,12190,2,input,7358,0,0,0,0,-1
0,0,12191,2,input,7359,0,0,0,0,-1
0,0,12192,2,input,7360,0,0,0,0,-1
0,0,12193,2,input,7361,0,0,0,0,-1
0,0,12194,2,input,7362,0,0,0,0,-1
0,0,12195,2,input,7363,0,0,0,0,-1
0,0,12196,2,input,7365,0,0,0,0,-1
0,0,12197,2,input,7366,0,0,0,0,1
0,0,12198,2,input,7367,0,0,0,0,-1
0,0,12199,2,input,7368,0,0,0,0,1
0,0,12200,2,input,7369,0,0,0,0,1
0,0,12201,2,input,7372,0,0,0,0,-1
0,0,12202,2,input,7373,0,0,0,0,1
0,0,12203,2,input,7374,0,0,0,0,-1
0,0,12204,2,input,7375,0,0,0,0,1
0,0,12205,2,input,7376,0,0,0,0,-1
0,0,12206,2,input,7377,0,0,0,0,-1
0,0,12207,2,input,7378,0,0,0,0,-1
0,0,12208,2,input,7379,0,0,0,0,-1
0,0,12209,2,input,7380,0,0,0,0,-1
0,0,12210,2,input,7383,0,0,0,0,-1
0,0,12211,2,input,7384,0,0,0,0,1
0,0,12212,2,input,7385,0,0,0,0,-1
0,0,12213,2,input,7386,0,0,0,0,-1
0,0,12214,2,input,7389,0,0,0,0,-1
0,0,12215,2,input,7390,0,0,0,0,-1
0,0,12216,2,input,7393,0,0,0,0,1
0,0,12217,2,input,7394,0,0,0,0,-1
0,0,12218,2,input,7395,0,0,0,0,-1
0,0,12219,2,input,7396,0,0,0,0,-1
0,0,12220,2,input,7398,0,0,0,0,1
0,0,12221,2,input,7399,0,0,0,0,-1
0,0,12222,2,input,7400,0,0,0,0,1
0,0,12223,2,input,7401,0,0,0,0,-1
0,0,12224,2,input,7403,0,0,0,0,1
0,0,12225,2,input,7404,0,0,0,0,-1
0,0,12226,2,input,7406,0,0,0,0,-1
0,0,12227,2,input,7408,0,0,0,0,1
0,0,12228,2,input,7409,0,0,0,0,-1
0,0,12229,2,input,7410,0,0,0,0,-1
0,0,12230,2,input,7411,0,0,0,0,-1
0,0,12231,2,input,7412,0,0,0,0,-1
0,0,12232,2,input,7413,0,0,0,0,-1
0,0,12233,2,input,7416,0,0,0,0,-1
0,0,12234,2,input,7417,0,0,0,0,1
0,0,12235,2,input,7418,0,0,0,0,-1
0,0,12236,2,input,7419,0,0,0,0,1
0,0,12237,2,input,7420,0,0,0,0,-1
0,0,12238,2,input,7421,0,0,0,0,1
0,0,12239,2,input,7422,0,0,0,0,-1
0,0,12240,2,input,7423,0,0,0,0,-1
0,0,12241,2,input,7424,0,0,0,0,-1
0,0,12242,2,input,7425,0,0,0,0,-1
0,0,12243,2,input,7426,0,0,0,0,-1
0,0,12244,2,input,7427,0,0,0,0,1
0,0,12245,2,input,7428,0,0,0,0,-1
0,0,12246,2,input,7429,0,0,0,0,-1
0,0,12247,2,input,7430,0,0,0,0,-1
0,0,12248,2,input,7431,0,0,0,0,-1
0,0,12249,2,input,7433,0,0,0,0,1
0,0,12250,2,input,7434,0,0,0,0,-1
0,0,12251,2,input,7435,0,0,0,0,-1
0,0,12252,2,input,7436,0,0,0,0,-1
0,0,12253,2,input,7437,0,0,0,0,-1
0,0,12254,2,input,7438,0,0,0,0,1
0,0,12255,2,input,7439,0,0,0,0,-1
0,0,12256,2,input,7440,0,0,0,0,-1
0,0,12257,2,input,7441,0,0,0,0,-1
0,0,12258,2,input,7442,0,0,0,0,-1
0,0,12259,2,input,7443,0,0,0,0,-1
0,0,12260,2,input,7444,0,0,0,0,-1
0,0,12261,2,input,7445,0,0,0,0,-1
0,0,12262,2,input,7446,0,0,0,0,-1
0,0,12263,2,input,7447,0,0,0,0,1
0,0,12264,2,input,7448,0,0,0,0,1
0,0,12265,2,input,7449,0,0,0,0,-1
0,0,12266,2,input,7451,0,0,0,0,-1
0,0,12267,2,input,7452,0,0,0,0,-1
0,0,12268,2,input,7454,0,0,0,0,-1
0,0,12269,2,input,7455,0,0,0,0,-1
0,0,12270,2,input,7457,0,0,0,0,-1
0,0,12271,2,input,7458,0,0,0,0,-1
0,0,12272,2,input,7459,0,0,0,0,-1
0,0,12273,2,input,7460,0,0,0,0,-1
0,0,12274,2,input,7462,0,0,0,0,1
0,0,12275,2,input,7463,0,0,0,0,1
0,0,12276,2,input,7464,0,0,0,0,-1
0,0,12277,2,input,7466,0,0,0,0,-1
0,0,12278,2,input,7467,0,0,0,0,1
0,0,12279,2,input,7468,0,0,0,0,-1
0,0,12280,2,input,7469,0,0,0,0,-1
0,0,12281,2,input,7470,0,0,0,0,-1
0,0,12282,2,input,7473,0,0,0,0,-1
0,0,12283,2,input,7475,0,0,0,0,-1
0,0,12284,2,input,7476,0,0,0,0,-1
0,0,12285,2,input,7477,0,0,0,0,-1
0,0,12286,2,input,7479,0,0,0,0,-1
0,0,12287,2,input,7480,0,0,0,0,-1
0,0,12288,2,input,7481,0,0,0,0,-1
0,0,12289,2,input,7483,0,0,0,0,-1
0,0,12290,2,input,7484,0,0,0,0,-1
0,0,12291,2,input,7485,0,0,0,0,-1
0,0,12292,2,input,7486,0,0,0,0,-1
0,0,12293,2,input,7488,0,0,0,0,-1
0,0,12294,2,input,7489,0,0,0,0,-1
0,0,12295,2,input,7490,0,0,0,0,-1
0,0,12296,2,input,7491,0,0,0,0,-1
0,0,12297,2,input,7493,0,0,0,0,-1
0,0,12298,2,input,7494,0,0,0,0,1
0,0,12299,2,input,7496,0,0,0,0,1
0,0,12300,2,input,7497,0,0,0,0,1
0,0,12301,2,input,7498,0,0,0,0,-1
0,0,12302,2,input,7499,0,0,0,0,-1
0,0,12303,2,input,7500,0,0,0,0,-1
0,0,12304,2,input,7501,0,0,0,0,1
0,0,12305,2,input,7503,0,0,0,0,1
0,0,12306,2,input,7504,0,0,0,0,-1
0,0,12307,2,input,7505,0,0,0,0,-1
0,0,12308,2,input,7506,0,0,0,0,-1
0,0,12309,2,input,7507,0,0,0,0,-1
0,0,12310,2,input,7508,0,0,0,0,-1
0,0,12311,2,input,7510,0,0,0,0,-1
0,0,12312,2,input,7511,0,0,0,0,-1
0,0,12313,2,input,7512,0,0,0,0,1
0,0,12314,2,input,7513,0,0,0,0,-1
0,0,12315,2,input,7514,0,0,0,0,-1
0,0,12316,2,input,7517,0,0,0,0,-1
0,0,12317,2,input,7518,0,0,0,0,-1
0,0,12318,2,input,7519,0,0,0,0,-1
0,0,12319,2,input,7520,0,0,0,0,-1
0,0,12320,2,input,7521,0,0,0,0,1
0,0,12321,2,input,7522,0,0,0,0,-1
0,0,12322,2,input,7523,0,0,0,0,-1
0,0,12323,2,input,7525,0,0,0,0,-1
0,0,12324,2,input,7526,0,0,0,0,1
0,0,12325,2,input,7527,0,0,0,0,-1
0,0,12326,2,input,7528,0,0,0,0,-1
0,0,12327,2,input,7529,0,0,0,0,-1
0,0,12328,2,input,7530,0,0,0,0,-1
0,0,12329,2,input,7532,0,0,0,0,-1
0,0,12330,2,input,7533,0,0,0,0,-1
0,0,12331,2,input,7534,0,0,0,0,-1
0,0,12332,2,input,7536,0,0,0,0,1
0,0,12333,2,input,7537,0,0,0,0,-1
0,0,12334,2,input,7538,0,0,0,0,-1
0,0,12335,2,input,7539,0,0,0,0,-1
0,0,12336,2,input,7540,0,0,0,0,-1
0,0,12337,2,input,7541,0,0,0,0,-1
0,0,12338,2,input,7542,0,0,0,0,-1
0,0,12339,2,input,7544,0,0,0,0,-1
0,0,12340,2,input,7545,0,0,0,0,1
0,0,12341,2,input,7546,0,0,0,0,-1
0,0,12342,2,input,7547,0,0,0,0,1
0,0,12343,2,input,7549,0,0,0,0,1
0,0,12344,2,input,7550,0,0,0,0,-1
0,0,12345,2,input,7551,0,0,0,0,-1
0,0,12346,2,input,7553,0,0,0,0,-1
0,0,12347,2,input,7554,0,0,0,0,-1
0,0,12348,2,input,7555,0,0,0,0,1
0,0,12349,2,input,7556,0,0,0,0,-1
0,0,12350,2,input,7558,0,0,0,0,-1
0,0,12351,2,input,7559,0,0,0,0,-1
0,0,12352,2,input,7560,0,0,0,0,-1
0,0,12353,2,input,7561,0,0,0,0,1
0,0,12354,2,input,7562,0,0,0,0,-1
0,0,12355,2,input,7563,0,0,0,0,-1
0,0,12356,2,input,7564,0,0,0,0,-1
0,0,12357,2,input,7565,0,0,0,0,-1
0,0,12358,2,input,7566,0,0,0,0,1
0,0,12359,2,input,7567,0,0,0,0,-1
0,0,12360,2,input,7569,0,0,0,0,-1
0,0,12361,2,input,7571,0,0,0,0,-1
0,0,12362,2,input,7572,0,0,0,0,-1
0,0,12363,2,input,7574,0,0,0,0,-1
0,0,12364,2,input,7575,0,0,0,0,1
0,0,12365,2,input,7577,0,0,0,0,-1
0,0,12366,2,input,7578,0,0,0,0,-1
0,0,12367,2,input,7579,0,0,0,0,-1
0,0,12368,2,input,7580,0,0,0,0,-1
0,0,12369,2,input,7581,0,0,0,0,-1
0,0,12370,2,input,7583,0,0,0,0,-1
0,0,12371,2,input,7584,0,0,0,0,-1
0,0,12372,2,input,7585,0,0,0,0,-1
0,0,12373,2,input,7586,0,0,0,0,-1
0,0,12374,2,input,7587,0,0,0,0,-1
0,0,12375,2,input,7588,0,0,0,0,-1
0,0,12376,2,input,7592,0,0,0,0,-1
0,0,12377,2,input,7594,0,0,0,0,-1
0,0,12378,2,input,7595,0,0,0,0,1
0,0,12379,2,input,7596,0,0,0,0,-1
0,0,12380,2,input,7597,0,0,0,0,-1
0,0,12381,2,input,7598,0,0,0,0,-1
0,0,12382,2,input,7599,0,0,0,0,-1
0,0,12383,2,input,7601,0,0,0,0,-1
0,0,12384,2,input,7602,0,0,0,0,-1
0,0,12385,2,input,7604,0,0,0,0,-1
0,0,12386,2,input,7607,0,0,0,0,-1
0,0,12387,2,input,7608,0,0,0,0,-1
0,0,12388,2,input,7609,0,0,0,0,-1
0,0,12389,2,input,7610,0,0,0,0,1
0,0,12390,2,input,7611,0,0,0,0,-1
0,0,12391,2,input,7612,0,0,0,0,-1
0,0,12392,2,input,7614,0,0,0,0,-1
0,0,12393,2,input,7616,0,0,0,0,-1
0,0,12394,2,input,7617,0,0,0,0,-1
0,0,12395,2,input,7618,0,0,0,0,-1
0,0,12396,2,input,7619,0,0,0,0,-1
0,0,12397,2,input,7620,0,0,0,0,-1
0,0,12398,2,input,7621,0,0,0,0,-1
0,0,12399,2,input,7622,0,0,0,0,1
0,0,12400,2,input,7624,0,0,0,0,1
0,0,12401,2,input,7625,0,0,0,0,1
0,0,12402,2,input,7626,0,0,0,0,-1
0,0,12403,2,input,7627,0,0,0,0,-1
0,0,12404,2,input,7628,0,0,0,0,-1
0,0,12405,2,input,7629,0,0,0,0,1
0,0,12406,2,input,7630,0,0,0,0,-1
0,0,12407,2,input,7632,0,0,0,0,-1
0,0,12408,2,input,7633,0,0,0,0,-1
0,0,12409,2,input,7635,0,0,0,0,-1
0,0,12410,2,input,7636,0,0,0,0,-1
0,0,12411,2,input,7639,0,0,0,0,-1
0,0,12412,2,input,7640,0,0,0,0,1
0,0,12413,2,input,7642,0,0,0,0,-1
0,0,12414,2,input,7643,0,0,0,0,-1
0,0,12415,2,input,7645,0,0,0,0,-1
0,0,12416,2,input,7647,0,0,0,0,-1
0,0,12417,2,input,7648,0,0,0,0,-1
0,0,12418,2,input,7650,0,0,0,0,-1
0,0,12419,2,input,7651,0,0,0,0,-1
0,0,12420,2,input,7652,0,0,0,0,-1
0,0,12421,2,input,7653,0,0,0,0,-1
0,0,12422,2,input,7654,0,0,0,0,1
0,0,12423,2,input,7655,0,0,0,0,-1
0,0,12424,2,input,7656,0,0,0,0,-1
0,0,12425,2,input,7657,0,0,0,0,-1
0,0,12426,2,input,7658,0,0,0,0,-1
0,0,12427,2,input,7660,0,0,0,0,-1
0,0,12428,2,input,7662,0,0,0,0,-1
0,0,12429,2,input,7663,0,0,0,0,-1
0,0,12430,2,input,7664,0,0,0,0,1
0,0,12431,2,input,7665,0,0,0,0,-1
0,0,12432,2,input,7666,0,0,0,0,-1
0,0,12433,2,input,7667,0,0,0,0,-1
0,0,12434,2,input,7668,0,0,0,0,-1
0,0,12435,2,input,7669,0,0,0,0,-1
0,0,12436,2,input,7670,0,0,0,0,-1
0,0,12437,2,input,7671,0,0,0,0,1
0,0,12438,2,input,7672,0,0,0,0,-1
0,0,12439,2,input,7673,0,0,0,0,1
0,0,12440,2,input,7674,0,0,0,0,-1
0,0,12441,2,input,7675,0,0,0,0,1
0,0,12442,2,input,7678,0,0,0,0,-1
0,0,12443,2,input,7679,0,0,0,0,-1
0,0,12444,2,input,7681,0,0,0,0,-1
0,0,12445,2,input,7682,0,0,0,0,-1
0,0,12446,2,input,7683,0,0,0,0,1
0,0,12447,2,input,7684,0,0,0,0,-1
0,0,12448,2,input,7685,0,0,0,0,-1
0,0,12449,2,input,7686,0,0,0,0,-1
0,0,12450,2,input,7687,0,0,0,0,-1
0,0,12451,2,input,7688,0,0,0,0,-1
0,0,12452,2,input,7689,0,0,0,0,1
0,0,12453,2,input,7691,0,0,0,0,-1
0,0,12454,2,input,7693,0,0,0,0,-1
0,0,12455,2,input,7694,0,0,0,0,1
0,0,12456,2,input,7695,0,0,0,0,-1
0,0,12457,2,input,7696,0,0,0,0,-1
0,0,12458,2,input,7697,0,0,0,0,-1
0,0,12459,2,input,7698,0,0,0,0,-1
0,0,12460,2,input,7699,0,0,0,0,-1
0,0,12461,2,input,7700,0,0,0,0,-1
0,0,12462,2,input,7702,0,0,0,0,-1
0,0,12463,2,input,7703,0,0,0,0,1
0,0,12464,2,input,7705,0,0,0,0,-1
0,0,12465,2,input,7706,0,0,0,0,-1
0,0,12466,2,input,7707,0,0,0,0,-1
0,0,12467,2,input,7708,0,0,0,0,-1
0,0,12468,2,input,7709,0,0,0,0,-1
0,0,12469,2,input,7710,0,0,0,0,-1
0,0,12470,2,input,7711,0,0,0,0,-1
0,0,12471,2,input,7712,0,0,0,0,-1
0,0,12472,2,input,7713,0,0,0,0,-1
0,0,12473,2,input,7714,0,0,0,0,-1
0,0,12474,2,input,7715,0,0,0,0,-1
0,0,12475,2,input,7716,0,0,0,0,-1
0,0,12476,2,input,7719,0,0,0,0,1
0,0,12477,2,input,7720,0,0,0,0,-1
0,0,12478,2,input,7721,0,0,0,0,1
0,0,12479,2,input,7722,0,0,0,0,-1
0,0,12480,2,input,7723,0,0,0,0,1
0,0,12481,2,input,7724,0,0,0,0,-1
0,0,12482,2,input,7725,0,0,0,0,-1
0,0,12483,2,input,7726,0,0,0,0,-1
0,0,12484,2,input,7727,0,0,0,0,-1
0,0,12485,2,input,7729,0,0,0,0,-1
0,0,12486,2,input,7731,0,0,0,0,-1
0,0,12487,2,input,7732,0,0,0,0,-1
0,0,12488,2,input,7735,0,0,0,0,-1
0,0,12489,2,input,7736,0,0,0,0,-1
0,0,12490,2,input,7739,0,0,0,0,-1
0,0,12491,2,input,7740,0,0,0,0,-1
0,0,12492,2,input,7742,0,0,0,0,-1
0,0,12493,2,input,7744,0,0,0,0,-1
0,0,12494,2,input,7747,0,0,0,0,-1
0,0,12495,2,input,7748,0,0,0,0,-1
0,0,12496,2,input,7749,0,0,0,0,-1
0,0,12497,2,input,7750,0,0,0,0,1
0,0,12498,2,input,7751,0,0,0,0,-1
0,0,12499,2,input,7752,0,0,0,0,1
0,0,12500,2,input,7754,0,0,0,0,1
0,0,12501,2,input,7755,0,0,0,0,-1
0,0,12502,2,input,7756,0,0,0,0,-1
0,0,12503,2,input,7757,0,0,0,0,1
0,0,12504,2,input,7758,0,0,0,0,-1
0,0,12505,2,input,7760,0,0,0,0,-1
0,0,12506,2,input,7761,0,0,0,0,-1
0,0,12507,2,input,7762,0,0,0,0,-1
0,0,12508,2,input,7764,0,0,0,0,-1
0,0,12509,2,input,7765,0,0,0,0,-1
0,0,12510,2,input,7766,0,0,0,0,-1
0,0,12511,2,input,7767,0,0,0,0,-1
0,0,12512,2,input,7768,0,0,0,0,-1
0,0,12513,2,input,7769,0,0,0,0,1
0,0,12514,2,input,7770,0,0,0,0,-1
0,0,12515,2,input,7771,0,0,0,0,-1
0,0,12516,2,input,7774,0,0,0,0,-1
0,0,12517,2,input,7775,0,0,0,0,-1
0,0,12518,2,input,7776,0,0,0,0,-1
0,0,12519,2,input,7777,0,0,0,0,1
0,0,12520,2,input,7778,0,0,0,0,-1
0,0,12521,2,input,7779,0,0,0,0,-1
0,0,12522,2,input,7781,0,0,0,0,-1
0,0,12523,2,input,7782,0,0,0,0,1
0,0,12524,2,input,7783,0,0,0,0,-1
0,0,12525,2,input,7784,0,0,0,0,-1
0,0,12526,2,input,7785,0,0,0,0,-1
0,0,12527,2,input,7786,0,0,0,0,-1
0,0,12528,2,input,7788,0,0,0,0,-1
0,0,12529,2,input,7792,0,0,0,0,1
0,0,12530,2,input,7793,0,0,0,0,-1
0,0,12531,2,input,7795,0,0,0,0,-1
0,0,12532,2,input,7796,0,0,0,0,-1
0,0,12533,2,input,7798,0,0,0,0,-1
0,0,12534,2,input,7799,0,0,0,0,1
0,0,12535,2,input,7800,0,0,0,0,-1
0,0,12536,2,input,7801,0,0,0,0,1
0,0,12537,2,input,7802,0,0,0,0,-1
0,0,12538,2,input,7803,0,0,0,0,1
0,0,12539,2,input,7804,0,0,0,0,-1
0,0,12540,2,input,7806,0,0,0,0,-1
0,0,12541,2,input,7807,0,0,0,0,-1
0,0,12542,2,input,7808,0,0,0,0,-1
0,0,12543,2,input,7809,0,0,0,0,-1
0,0,12544,2,input,7810,0,0,0,0,-1
0,0,12545,2,input,7811,0,0,0,0,1
0,0,12546,2,input,7812,0,0,0,0,-1
0,0,12547,2,input,7813,0,0,0,0,-1
0,0,12548,2,input,7814,0,0,0,0,-1
0,0,12549,2,input,7815,0,0,0,0,-1
0,0,12550,2,input,7816,0,0,0,0,-1
0,0,12551,2,input,7819,0,0,0,0,-1
0,0,12552,2,input,7820,0,0,0,0,-1
0,0,12553,2,input,7821,0,0,0,0,-1
0,0,12554,2,input,7822,0,0,0,0,1
0,0,12555,2,input,7823,0,0,0,0,-1
0,0,12556,2,input,7825,0,0,0,0,-1
0,0,12557,2,input,7827,0,0,0,0,-1
0,0,12558,2,input,7828,0,0,0,0,-1
0,0,12559,2,input,7829,0,0,0,0,-1
0,0,12560,2,input,7830,0,0,0,0,-1
0,0,12561,2,input,7831,0,0,0,0,1
0,0,12562,2,input,7832,0,0,0,0,1
0,0,12563,2,input,7833,0,0,0,0,-1
0,0,12564,2,input,7834,0,0,0,0,-1
0,0,12565,2,input,7835,0,0,0,0,-1
0,0,12566,2,input,7836,0,0,0,0,-1
0,0,12567,2,input,7837,0,0,0,0,-1
0,0,12568,2,input,7839,0,0,0,0,-1
0,0,12569,2,input,7841,0,0,0,0,-1
0,0,12570,2,input,7842,0,0,0,0,-1
0,0,12571,2,input,7843,0,0,0,0,-1
0,0,12572,2,input,7844,0,0,0,0,-1
0,0,12573,2,input,7846,0,0,0,0,1
0,0,12574,2,input,7847,0,0,0,0,1
0,0,12575,2,input,7848,0,0,0,0,-1
0,0,12576,2,input,7850,0,0,0,0,-1
0,0,12577,2,input,7851,0,0,0,0,1
0,0,12578,2,input,7852,0,0,0,0,-1
0,0,12579,2,input,7853,0,0,0,0,-1
0,0,12580,2,input,7855,0,0,0,0,-1
0,0,12581,2,input,7857,0,0,0,0,-1
0,0,12582,2,input,7859,0,0,0,0,-1
0,0,12583,2,input,7860,0,0,0,0,-1
0,0,12584,2,input,7863,0,0,0,0,-1
0,0,12585,2,input,7864,0,0,0,0,-1
0,0,12586,2,input,7867,0,0,0,0,-1
0,0,12587,2,input,7868,0,0,0,0,-1
0,0,12588,2,input,7870,0,0,0,0,-1
0,0,12589,2,input,7872,0,0,0,0,-1
0,0,12590,2,input,7873,0,0,0,0,-1
0,0,12591,2,input,7874,0,0,0,0,-1
0,0,12592,2,input,7875,0,0,0,0,-1
0,0,12593,2,input,7876,0,0,0,0,-1
0,0,12594,2,input,7877,0,0,0,0,-1
0,0,12595,2,input,7878,0,0,0,0,1
0,0,12596,2,input,7879,0,0,0,0,-1
0,0,12597,2,input,7880,0,0,0,0,1
0,0,12598,2,input,7883,0,0,0,0,-1
0,0,12599,2,input,7884,0,0,0,0,-1
0,0,12600,2,input,7885,0,0,0,0,1
0,0,12601,2,input,7886,0,0,0,0,-1
0,0,12602,2,input,7887,0,0,0,0,1
0,0,12603,2,input,7888,0,0,0,0,-1
0,0,12604,2,input,7889,0,0,0,0,-1
0,0,12605,2,input,7890,0,0,0,0,-1
0,0,12606,2,input,7892,0,0,0,0,-1
0,0,12607,2,input,7894,0,0,0,0,-1
0,0,12608,2,input,7895,0,0,0,0,-1
0,0,12609,2,input,7896,0,0,0,0,-1
0,0,12610,2,input,7897,0,0,0,0,-1
0,0,12611,2,input,7898,0,0,0,0,-1
0,0,12612,2,input,7899,0,0,0,0,-1
0,0,12613,2,input,7902,0,0,0,0,-1
0,0,12614,2,input,7903,0,0,0,0,-1
0,0,12615,2,input,7904,0,0,0,0,-1
0,0,12616,2,input,7905,0,0,0,0,1
0,0,12617,2,input,7906,0,0,0,0,-1
0,0,12618,2,input,7907,0,0,0,0,-1
0,0,12619,2,input,7908,0,0,0,0,-1
0,0,12620,2,input,7909,0,0,0,0,-1
0,0,12621,2,input,7910,0,0,0,0,1
0,0,12622,2,input,7911,0,0,0,0,-1
0,0,12623,2,input,7912,0,0,0,0,-1
0,0,12624,2,input,7913,0,0,0,0,-1
0,0,12625,2,input,7914,0,0,0,0,-1
0,0,12626,2,input,7916,0,0,0,0,-1
0,0,12627,2,input,7917,0,0,0,0,1
0,0,12628,2,input,7918,0,0,0,0,-1
0,0,12629,2,input,7920,0,0,0,0,1
0,0,12630,2,input,7921,0,0,0,0,-1
0,0,12631,2,input,7922,0,0,0,0,-1
0,0,12632,2,input,7923,0,0,0,0,-1
0,0,12633,2,input,7924,0,0,0,0,-1
0,0,12634,2,input,7925,0,0,0,0,-1
0,0,12635,2,input,7926,0,0,0,0,-1
0,0,12636,2,input,7927,0,0,0,0,1
0,0,12637,2,input,7928,0,0,0,0,-1
0,0,12638,2,input,7929,0,0,0,0,1
0,0,12639,2,input,7930,0,0,0,0,-1
0,0,12640,2,input,7931,0,0,0,0,1
0,0,12641,2,input,7932,0,0,0,0,-1
0,0,12642,2,input,7934,0,0,0,0,-1
0,0,12643,2,input,7935,0,0,0,0,-1
0,0,12644,2,input,7937,0,0,0,0,-1
0,0,12645,2,input,7938,0,0,0,0,-1
0,0,12646,2,input,7939,0,0,0,0,1
0,0,12647,2,input,7940,0,0,0,0,-1
0,0,12648,2,input,7941,0,0,0,0,-1
0,0,12649,2,input,7942,0,0,0,0,-1
0,0,12650,2,input,7943,0,0,0,0,-1
0,0,12651,2,input,7944,0,0,0,0,-1
0,0,12652,2,input,7946,0,0,0,0,1
0,0,12653,2,input,7948,0,0,0,0,1
0,0,12654,2,input,7949,0,0,0,0,-1
0,0,12655,2,input,7950,0,0,0,0,1
0,0,12656,2,input,7951,0,0,0,0,-1
0,0,12657,2,input,7952,0,0,0,0,-1
0,0,12658,2,input,7953,0,0,0,0,-1
0,0,12659,2,input,7955,0,0,0,0,-1
0,0,12660,2,input,7956,0,0,0,0,-1
0,0,12661,2,input,7957,0,0,0,0,-1
0,0,12662,2,input,7958,0,0,0,0,-1
0,0,12663,2,input,7960,0,0,0,0,-1
0,0,12664,2,input,7961,0,0,0,0,-1
0,0,12665,2,input,7963,0,0,0,0,-1
0,0,12666,2,input,7964,0,0,0,0,-1
0,0,12667,2,input,7965,0,0,0,0,-1
0,0,12668,2,input,7967,0,0,0,0,-1
0,0,12669,2,input,7968,0,0,0,0,-1
0,0,12670,2,input,7970,0,0,0,0,-1
0,0,12671,2,input,7972,0,0,0,0,-1
0,0,12672,2,input,7974,0,0,0,0,1
0,0,12673,2,input,7976,0,0,0,0,-1
0,0,12674,2,input,7978,0,0,0,0,1
0,0,12675,2,input,7979,0,0,0,0,1
0,0,12676,2,input,7980,0,0,0,0,-1
0,0,12677,2,input,7981,0,0,0,0,-1
0,0,12678,2,input,7982,0,0,0,0,-1
0,0,12679,2,input,7983,0,0,0,0,-1
0,0,12680,2,input,7984,0,0,0,0,1
0,0,12681,2,input,7985,0,0,0,0,-1
0,0,12682,2,input,7986,0,0,0,0,-1
0,0,12683,2,input,7987,0,0,0,0,-1
0,0,12684,2,input,7988,0,0,0,0,-1
0,0,12685,2,input,7989,0,0,0,0,1
0,0,12686,2,input,7991,0,0,0,0,-1
0,0,12687,2,input,7992,0,0,0,0,-1
0,0,12688,2,input,7993,0,0,0,0,1
0,0,12689,2,input,7995,0,0,0,0,-1
0,0,12690,2,input,7996,0,0,0,0,-1
0,0,12691,2,input,7997,0,0,0,0,1
0,0,12692,2,input,7998,0,0,0,0,-1
0,0,12693,2,input,8000,0,0,0,0,-1
0,0,12694,2,input,8001,0,0,0,0,-1
0,0,12695,2,input,8003,0,0,0,0,-1
0,0,12696,2,input,8005,0,0,0,0,-1
0,0,12697,2,input,8006,0,0,0,0,1
0,0,12698,2,input,8007,0,0,0,0,-1
0,0,12699,2,input,8009,0,0,0,0,-1
0,0,12700,2,input,8010,0,0,0,0,1
0,0,12701,2,input,8011,0,0,0,0,-1
0,0,12702,2,input,8012,0,0,0,0,-1
0,0,12703,2,input,8013,0,0,0,0,1
0,0,12704,2,input,8014,0,0,0,0,-1
0,0,12705,2,input,8017,0,0,0,0,-1
0,0,12706,2,input,8018,0,0,0,0,-1
0,0,12707,2,input,8020,0,0,0,0,-1
0,0,12708,2,input,8024,0,0,0,0,-1
0,0,12709,2,input,8025,0,0,0,0,1
0,0,12710,2,input,8026,0,0,0,0,-1
0,0,12711,2,input,8029,0,0,0,0,1
0,0,12712,2,input,8030,0,0,0,0,-1
0,0,12713,2,input,8031,0,0,0,0,-1
0,0,12714,2,input,8032,0,0,0,0,-1
0,0,12715,2,input,8033,0,0,0,0,1
0,0,12716,2,input,8034,0,0,0,0,-1
0,0,12717,2,input,8036,0,0,0,0,1
0,0,12718,2,input,8037,0,0,0,0,-1
0,0,12719,2,input,8038,0,0,0,0,1
0,0,12720,2,input,8039,0,0,0,0,-1
0,0,12721,2,input,8040,0,0,0,0,-1
0,0,12722,2,input,8041,0,0,0,0,-1
0,0,12723,2,input,8042,0,0,0,0,-1
0,0,12724,2,input,8043,0,0,0,0,1
0,0,12725,2,input,8044,0,0,0,0,-1
0,0,12726,2,input,8047,0,0,0,0,1
0,0,12727,2,input,8048,0,0,0,0,1
0,0,12728,2,input,8049,0,0,0,0,-1
0,0,12729,2,input,8050,0,0,0,0,-1
0,0,12730,2,input,8051,0,0,0,0,-1
0,0,12731,2,input,8052,0,0,0,0,-1
0,0,12732,2,input,8053,0,0,0,0,1
0,0,12733,2,input,8054,0,0,0,0,-1
0,0,12734,2,input,8055,0,0,0,0,1
0,0,12735,2,input,8056,0,0,0,0,-1
0,0,12736,2,input,8057,0,0,0,0,1
0,0,12737,2,input,8058,0,0,0,0,-1
0,0,12738,2,input,8059,0,0,0,0,1
0,0,12739,2,input,8060,0,0,0,0,-1
0,0,12740,2,input,8062,0,0,0,0,-1
0,0,12741,2,input,8063,0,0,0,0,-1
0,0,12742,2,input,8065,0,0,0,0,-1
0,0,12743,2,input,8066,0,0,0,0,-1
0,0,12744,2,input,8067,0,0,0,0,1
0,0,12745,2,input,8068,0,0,0,0,-1
0,0,12746,2,input,8069,0,0,0,0,-1
0,0,12747,2,input,8071,0,0,0,0,-1
0,0,12748,2,input,8072,0,0,0,0,-1
0,0,12749,2,input,8074,0,0,0,0,-1
0,0,12750,2,input,8076,0,0,0,0,-1
0,0,12751,2,input,8077,0,0,0,0,-1
0,0,12752,2,input,8079,0,0,0,0,-1
0,0,12753,2,input,8080,0,0,0,0,1
0,0,12754,2,input,8081,0,0,0,0,-1
0,0,12755,2,input,8083,0,0,0,0,-1
0,0,12756,2,input,8084,0,0,0,0,-1
0,0,12757,2,input,8085,0,0,0,0,-1
0,0,12758,2,input,8086,0,0,0,0,-1
0,0,12759,2,input,8087,0,0,0,0,1
0,0,12760,2,input,8088,0,0,0,0,1
0,0,12761,2,input,8089,0,0,0,0,-1
0,0,12762,2,input,8091,0,0,0,0,-1
0,0,12763,2,input,8092,0,0,0,0,-1
0,0,12764,2,input,8093,0,0,0,0,-1
0,0,12765,2,input,8096,0,0,0,0,1
0,0,12766,2,input,8097,0,0,0,0,-1
0,0,12767,2,input,8099,0,0,0,0,-1
0,0,12768,2,input,8100,0,0,0,0,-1
0,0,12769,2,input,8101,0,0,0,0,1
0,0,12770,2,input,8102,0,0,0,0,1
0,0,12771,2,input,8103,0,0,0,0,1
0,0,12772,2,input,8105,0,0,0,0,1
0,0,12773,2,input,8106,0,0,0,0,-1
0,0,12774,2,input,8107,0,0,0,0,1
0,0,12775,2,input,8108,0,0,0,0,-1
0,0,12776,2,input,8109,0,0,0,0,-1
0,0,12777,2,input,8111,0,0,0,0,-1
0,0,12778,2,input,8113,0,0,0,0,-1
0,0,12779,2,input,8115,0,0,0,0,-1
0,0,12780,2,input,8116,0,0,0,0,-1
0,0,12781,2,input,8117,0,0,0,0,-1
0,0,12782,2,input,8118,0,0,0,0,1
0,0,12783,2,input,8119,0,0,0,0,-1
0,0,12784,2,input,8120,0,0,0,0,-1
0,0,12785,2,input,8121,0,0,0,0,-1
0,0,12786,2,input,8124,0,0,0,0,-1
0,0,12787,2,input,8126,0,0,0,0,-1
0,0,12788,2,input,8127,0,0,0,0,-1
0,0,12789,2,input,8128,0,0,0,0,-1
0,0,12790,2,input,8129,0,0,0,0,-1
0,0,12791,2,input,8130,0,0,0,0,-1
0,0,12792,2,input,8131,0,0,0,0,-1
0,0,12793,2,input,8133,0,0,0,0,-1
0,0,12794,2,input,8134,0,0,0,0,1
0,0,12795,2,input,8136,0,0,0,0,1
0,0,12796,2,input,8139,0,0,0,0,-1
0,0,12797,2,input,8140,0,0,0,0,-1
0,0,12798,2,input,8141,0,0,0,0,1
0,0,12799,2,input,8142,0,0,0,0,-1
0,0,12800,2,input,8143,0,0,0,0,-1
0,0,12801,2,input,8144,0,0,0,0,-1
0,0,12802,2,input,8145,0,0,0,0,-1
0,0,12803,2,input,8146,0,0,0,0,-1
0,0,12804,2,input,8147,0,0,0,0,-1
0,0,12805,2,input,8148,0,0,0,0,-1
0,0,12806,2,input,8149,0,0,0,0,-1
0,0,12807,2,input,8151,0,0,0,0,-1
0,0,12808,2,input,8153,0,0,0,0,-1
0,0,12809,2,input,8154,0,0,0,0,-1
0,0,12810,2,input,8155,0,0,0,0,-1
0,0,12811,2,input,8156,0,0,0,0,-1
0,0,12812,2,input,8158,0,0,0,0,-1
0,0,12813,2,input,8159,0,0,0,0,-1
0,0,12814,2,input,8160,0,0,0,0,-1
0,0,12815,2,input,8161,0,0,0,0,1
0,0,12816,2,input,8162,0,0,0,0,-1
0,0,12817,2,input,8163,0,0,0,0,-1
0,0,12818,2,input,8164,0,0,0,0,-1
0,0,12819,2,input,8165,0,0,0,0,-1
0,0,12820,2,input,8166,0,0,0,0,1
0,0,12821,2,input,8168,0,0,0,0,-1
0,0,12822,2,input,8169,0,0,0,0,-1
0,0,12823,2,input,8170,0,0,0,0,-1
0,0,12824,2,input,8172,0,0,0,0,-1
0,0,12825,2,input,8174,0,0,0,0,-1
0,0,12826,2,input,8175,0,0,0,0,-1
0,0,12827,2,input,8176,0,0,0,0,1
0,0,12828,2,input,8177,0,0,0,0,-1
0,0,12829,2,input,8178,0,0,0,0,-1
0,0,12830,2,input,8179,0,0,0,0,-1
0,0,12831,2,input,8180,0,0,0,0,-1
0,0,12832,2,input,8181,0,0,0,0,-1
0,0,12833,2,input,8182,0,0,0,0,-1
0,0,12834,2,input,8183,0,0,0,0,1
0,0,12835,2,input,8184,0,0,0,0,-1
0,0,12836,2,input,8185,0,0,0,0,1
0,0,12837,2,input,8186,0,0,0,0,-1
0,0,12838,2,input,8187,0,0,0,0,1
0,0,12839,2,input,8188,0,0,0,0,1
0,0,12840,2,input,8189,0,0,0,0,-1
0,0,12841,2,input,8190,0,0,0,0,-1
0,0,12842,2,input,8191,0,0,0,0,-1
0,0,12843,3,input,0,0,0,0,0,-1
0,0,12844,3,input,3,0,0,0,0,-1
0,0,12845,3,input,6,0,0,0,0,-1
0,0,12846,3,input,7,0,0,0,0,-1
0,0,12847,3,input,9,0,0,0,0,-1
0,0,12848,3,input,13,0,0,0,0,-1
0,0,12849,3,input,14,0,0,0,0,-1
0,0,12850,3,input,16,0,0,0,0,-1
0,0,12851,3,input,18,0,0,0,0,-1
0,0,12852,3,input,19,0,0,0,0,-1
0,0,12853,3,input,20,0,0,0,0,1
0,0,12854,3,input,21,0,0,0,0,-1
0,0,12855,3,input,22,0,0,0,0,-1
0,0,12856,3,input,24,0,0,0,0,-1
0,0,12857,3,input,28,0,0,0,0,-1
0,0,12858,3,input,30,0,0,0,0,-1
0,0,12859,3,input,31,0,0,0,0,-1
0,0,12860,3,input,32,0,0,0,0,-1
0,0,12861,3,input,33,0,0,0,0,-1
0,0,12862,3,input,34,0,0,0,0,-1
0,0,12863,3,input,35,0,0,0,0,-1
0,0,12864,3,input,37,0,0,0,0,-1
0,0,12865,3,input,38,0,0,0,0,-1
0,0,12866,3,input,39,0,0,0,0,-1
0,0,12867,3,input,40,0,0,0,0,1
0,0,12868,3,input,41,0,0,0,0,-1
0,0,12869,3,input,43,0,0,0,0,-1
0,0,12870,3,input,48,0,0,0,0,-1
0,0,12871,3,input,49,0,0,0,0,1
0,0,12872,3,input,50,0,0,0,0,-1
0,0,12873,3,input,51,0,0,0,0,-1
0,0,12874,3,input,52,0,0,0,0,1
0,0,12875,3,input,53,0,0,0,0,-1
0,0,12876,3,input,54,0,0,0,0,-1
0,0,12877,3,input,55,0,0,0,0,1
0,0,12878,3,input,60,0,0,0,0,-1
0,0,12879,3,input,61,0,0,0,0,-1
0,0,12880,3,input,62,0,0,0,0,-1
0,0,12881,3,input,63,0,0,0,0,-1
0,0,12882,3,input,64,0,0,0,0,-1
0,0,12883,3,input,65,0,0,0,0,-1
0,0,12884,3,input,66,0,0,0,0,-1
0,0,12885,3,input,67,0,0,0,0,1
0,0,12886,3,input,68,0,0,0,0,-1
0,0,12887,3,input,70,0,0,0,0,-1
0,0,12888,3,input,72,0,0,0,0,-1
0,0,12889,3,input,74,0,0,0,0,-1
0,0,12890,3,input,75,0,0,0,0,1
0,0,12891,3,input,76,0,0,0,0,-1
0,0,12892,3,input,77,0,0,0,0,-1
0,0,12893,3,input,82,0,0,0,0,-1
0,0,12894,3,input,85,0,0,0,0,-1
0,0,12895,3,input,87,0,0,0,0,-1
0,0,12896,3,input,92,0,0,0,0,-1
0,0,12897,3,input,93,0,0,0,0,-1
0,0,12898,3,input,94,0,0,0,0,1
0,0,12899,3,input,97,0,0,0,0,-1
0,0,12900,3,input,100,0,0,0,0,-1
0,0,12901,3,input,102,0,0,0,0,-1
0,0,12902,3,input,104,0,0,0,0,-1
0,0,12903,3,input,107,0,0,0,0,-1
0,0,12904,3,input,109,0,0,0,0,-1
0,0,12905,3,input,111,0,0,0,0,-1
0,0,12906,3,input,112,0,0,0,0,-1
0,0,12907,3,input,116,0,0,0,0,1
0,0,12908,3,input,117,0,0,0,0,-1
0,0,12909,3,input,119,0,0,0,0,-1
0,0,12910,3,input,121,0,0,0,0,-1
0,0,12911,3,input,123,0,0,0,0,-1
0,0,12912,3,input,127,0,0,0,0,1
0,0,12913,3,input,131,0,0,0,0,-1
0,0,12914,3,input,134,0,0,0,0,-1
0,0,12915,3,input,135,0,0,0,0,-1
0,0,12916,3,input,137,0,0,0,0,-1
0,0,12917,3,input,141,0,0,0,0,-1
0,0,12918,3,input,142,0,0,0,0,-1
0,0,12919,3,input,146,0,0,0,0,-1
0,0,12920,3,input,147,0,0,0,0,-1
0,0,12921,3,input,149,0,0,0,0,-1
0,0,12922,3,input,150,0,0,0,0,-1
0,0,12923,3,input,152,0,0,0,0,-1
0,0,12924,3,input,156,0,0,0,0,-1
0,0,12925,3,input,158,0,0,0,0,-1
0,0,12926,3,input,159,0,0,0,0,-1
0,0,12927,3,input,160,0,0,0,0,-1
0,0,12928,3,input,161,0,0,0,0,-1
0,0,12929,3,input,162,0,0,0,0,-1
0,0,12930,3,input,165,0,0,0,0,-1
0,0,12931,3,input,166,0,0,0,0,-1
0,0,12932,3,input,167,0,0,0,0,-1
0,0,12933,3,input,169,0,0,0,0,-1
0,0,12934,3,input,171,0,0,0,0,-1
0,0,12935,3,input,175,0,0,0,0,-1
0,0,12936,3,input,176,0,0,0,0,-1
0,0,12937,3,input,177,0,0,0,0,1
0,0,12938,3,input,178,0,0,0,0,-1
0,0,12939,3,input,180,0,0,0,0,1
0,0,12940,3,input,181,0,0,0,0,-1
0,0,12941,3,input,182,0,0,0,0,-1
0,0,12942,3,input,183,0,0,0,0,1
0,0,12943,3,input,188,0,0,0,0,-1
0,0,12944,3,input,189,0,0,0,0,-1
0,0,12945,3,input,190,0,0,0,0,-1
0,0,12946,3,input,191,0,0,0,0,-1
0,0,12947,3,input,192,0,0,0,0,-1
0,0,12948,3,input,193,0,0,0,0,-1
0,0,12949,3,input,195,0,0,0,0,1
0,0,12950,3,input,196,0,0,0,0,-1
0,0,12951,3,input,198,0,0,0,0,-1
0,0,12952,3,input,199,0,0,0,0,-1
0,0,12953,3,input,201,0,0,0,0,-1
0,0,12954,3,input,202,0,0,0,0,-1
0,0,12955,3,input,205,0,0,0,0,-1
0,0,12956,3,input,206,0,0,0,0,-1
0,0,12957,3,input,209,0,0,0,0,-1
0,0,12958,3,input,210,0,0,0,0,-1
0,0,12959,3,input,213,0,0,0,0,-1
0,0,12960,3,input,215,0,0,0,0,-1
0,0,12961,3,input,216,0,0,0,0,-1
0,0,12962,3,input,220,0,0,0,0,-1
0,0,12963,3,input,221,0,0,0,0,-1
0,0,12964,3,input,222,0,0,0,0,1
0,0,12965,3,input,224,0,0,0,0,-1
0,0,12966,3,input,225,0,0,0,0,-1
0,0,12967,3,input,227,0,0,0,0,1
0,0,12968,3,input,230,0,0,0,0,-1
0,0,12969,3,input,235,0,0,0,0,-1
0,0,12970,3,input,237,0,0,0,0,-1
0,0,12971,3,input,239,0,0,0,0,-1
0,0,12972,3,input,240,0,0,0,0,-1
0,0,12973,3,input,244,0,0,0,0,1
0,0,12974,3,input,247,0,0,0,0,-1
0,0,12975,3,input,249,0,0,0,0,-1
0,0,12976,3,input,251,0,0,0,0,-1
0,0,12977,3,input,253,0,0,0,0,-1
0,0,12978,3,input,255,0,0,0,0,1
0,0,12979,3,input,259,0,0,0,0,-1
0,0,12980,3,input,262,0,0,0,0,-1
0,0,12981,3,input,263,0,0,0,0,-1
0,0,12982,3,input,265,0,0,0,0,-1
0,0,12983,3,input,269,0,0,0,0,-1
0,0,12984,3,input,270,0,0,0,0,-1
0,0,12985,3,input,272,0,0,0,0,-1
0,0,12986,3,input,274,0,0,0,0,-1
0,0,12987,3,input,275,0,0,0,0,-1
0,0,12988,3,input,277,0,0,0,0,-1
0,0,12989,3,input,278,0,0,0,0,-1
0,0,12990,3,input,280,0,0,0,0,-1
0,0,12991,3,input,281,0,0,0,0,-1
0,0,12992,3,input,284,0,0,0,0,-1
0,0,12993,3,input,286,0,0,0,0,-1
0,0,12994,3,input,287,0,0,0,0,-1
0,0,12995,3,input,288,0,0,0,0,-1
0,0,12996,3,input,289,0,0,0,0,-1
0,0,12997,3,input,290,0,0,0,0,-1
0,0,12998,3,input,291,0,0,0,0,-1
0,0,12999,3,input,293,0,0,0,0,-1
0,0,13000,3,input,294,0,0,0,0,-1
0,0,13001,3,input,295,0,0,0,0,-1
0,0,13002,3,input,297,0,0,0,0,-1
0,0,13003,3,input,299,0,0,0,0,-1
0,0,13004,3,input,301,0,0,0,0,1
0,0,13005,3,input,304,0,0,0,0,-1
0,0,13006,3,input,305,0,0,0,0,1
0,0,13007,3,input,306,0,0,0,0,-1
0,0,13008,3,input,309,0,0,0,0,-1
0,0,13009,3,input,310,0,0,0,0,-1
0,0,13010,3,input,311,0,0,0,0,1
0,0,13011,3,input,314,0,0,0,0,-1
0,0,13012,3,input,315,0,0,0,0,1
0,0,13013,3,input,317,0,0,0,0,-1
0,0,13014,3,input,318,0,0,0,0,-1
0,0,13015,3,input,319,0,0,0,0,-1
0,0,13016,3,input,320,0,0,0,0,-1
0,0,13017,3,input,323,0,0,0,0,1
0,0,13018,3,input,324,0,0,0,0,-1
0,0,13019,3,input,326,0,0,0,0,-1
0,0,13020,3,input,327,0,0,0,0,-1
0,0,13021,3,input,329,0,0,0,0,-1
0,0,13022,3,input,330,0,0,0,0,-1
0,0,13023,3,input,333,0,0,0,0,-1
0,0,13024,3,input,337,0,0,0,0,-1
0,0,13025,3,input,338,0,0,0,0,-1
0,0,13026,3,input,341,0,0,0,0,-1
0,0,13027,3,input,342,0,0,0,0,-1
0,0,13028,3,input,343,0,0,0,0,-1
0,0,13029,3,input,344,0,0,0,0,-1
0,0,13030,3,input,348,0,0,0,0,-1
0,0,13031,3,input,349,0,0,0,0,-1
0,0,13032,3,input,350,0,0,0,0,1
0,0,13033,3,input,352,0,0,0,0,-1
0,0,13034,3,input,353,0,0,0,0,-1
0,0,13035,3,input,358,0,0,0,0,-1
0,0,13036,3,input,365,0,0,0,0,-1
0,0,13037,3,input,367,0,0,0,0,-1
0,0,13038,3,input,368,0,0,0,0,-1
0,0,13039,3,input,371,0,0,0,0,1
0,0,13040,3,input,372,0,0,0,0,1
0,0,13041,3,input,375,0,0,0,0,-1
0,0,13042,3,input,376,0,0,0,0,-1
0,0,13043,3,input,377,0,0,0,0,-1
0,0,13044,3,input,379,0,0,0,0,-1
0,0,13045,3,input,381,0,0,0,0,-1
0,0,13046,3,input,383,0,0,0,0,1
0,0,13047,3,input,387,0,0,0,0,-1
0,0,13048,3,input,390,0,0,0,0,-1
0,0,13049,3,input,391,0,0,0,0,-1
0,0,13050,3,input,393,0,0,0,0,-1
0,0,13051,3,input,394,0,0,0,0,-1
0,0,13052,3,input,397,0,0,0,0,-1
0,0,13053,3,input,398,0,0,0,0,-1
0,0,13054,3,input,402,0,0,0,0,-1
0,0,13055,3,input,403,0,0,0,0,-1
0,0,13056,3,input,405,0,0,0,0,-1
0,0,13057,3,input,406,0,0,0,0,-1
0,0,13058,3,input,408,0,0,0,0,-1
0,0,13059,3,input,412,0,0,0,0,-1
0,0,13060,3,input,414,0,0,0,0,-1
0,0,13061,3,input,416,0,0,0,0,-1
0,0,13062,3,input,417,0,0,0,0,-1
0,0,13063,3,input,418,0,0,0,0,-1
0,0,13064,3,input,421,0,0,0,0,-1
0,0,13065,3,input,422,0,0,0,0,-1
0,0,13066,3,input,423,0,0,0,0,-1
0,0,13067,3,input,425,0,0,0,0,-1
0,0,13068,3,input,426,0,0,0,0,-1
0,0,13069,3,input,427,0,0,0,0,-1
0,0,13070,3,input,432,0,0,0,0,-1
0,0,13071,3,input,433,0,0,0,0,1
0,0,13072,3,input,434,0,0,0,0,-1
0,0,13073,3,input,436,0,0,0,0,1
0,0,13074,3,input,437,0,0,0,0,-1
0,0,13075,3,input,438,0,0,0,0,-1
0,0,13076,3,input,439,0,0,0,0,1
0,0,13077,3,input,440,0,0,0,0,1
0,0,13078,3,input,445,0,0,0,0,-1
0,0,13079,3,input,446,0,0,0,0,-1
0,0,13080,3,input,447,0,0,0,0,-1
0,0,13081,3,input,448,0,0,0,0,-1
0,0,13082,3,input,451,0,0,0,0,1
0,0,13083,3,input,452,0,0,0,0,-1
0,0,13084,3,input,454,0,0,0,0,-1
0,0,13085,3,input,457,0,0,0,0,-1
0,0,13086,3,input,458,0,0,0,0,-1
0,0,13087,3,input,461,0,0,0,0,-1
0,0,13088,3,input,462,0,0,0,0,-1
0,0,13089,3,input,465,0,0,0,0,-1
0,0,13090,3,input,466,0,0,0,0,-1
0,0,13091,3,input,469,0,0,0,0,-1
0,0,13092,3,input,471,0,0,0,0,-1
0,0,13093,3,input,472,0,0,0,0,-1
0,0,13094,3,input,476,0,0,0,0,-1
0,0,13095,3,input,477,0,0,0,0,-1
0,0,13096,3,input,478,0,0,0,0,1
0,0,13097,3,input,481,0,0,0,0,-1
0,0,13098,3,input,484,0,0,0,0,-1
0,0,13099,3,input,486,0,0,0,0,-1
0,0,13100,3,input,491,0,0,0,0,-1
0,0,13101,3,input,493,0,0,0,0,-1
0,0,13102,3,input,495,0,0,0,0,-1
0,0,13103,3,input,496,0,0,0,0,-1
0,0,13104,3,input,500,0,0,0,0,1
0,0,13105,3,input,501,0,0,0,0,-1
0,0,13106,3,input,503,0,0,0,0,-1
0,0,13107,3,input,504,0,0,0,0,-1
0,0,13108,3,input,505,0,0,0,0,-1
0,0,13109,3,input,507,0,0,0,0,-1
0,0,13110,3,input,509,0,0,0,0,-1
0,0,13111,3,input,511,0,0,0,0,1
0,0,13112,3,input,514,0,0,0,0,1
0,0,13113,3,input,515,0,0,0,0,-1
0,0,13114,3,input,517,0,0,0,0,1
0,0,13115,3,input,518,0,0,0,0,-1
0,0,13116,3,input,519,0,0,0,0,-1
0,0,13117,3,input,521,0,0,0,0,-1
0,0,13118,3,input,522,0,0,0,0,-1
0,0,13119,3,input,526,0,0,0,0,-1
0,0,13120,3,input,529,0,0,0,0,1
0,0,13121,3,input,530,0,0,0,0,-1
0,0,13122,3,input,531,0,0,0,0,-1
0,0,13123,3,input,533,0,0,0,0,-1
0,0,13124,3,input,534,0,0,0,0,-1
0,0,13125,3,input,536,0,0,0,0,-1
0,0,13126,3,input,537,0,0,0,0,-1
0,0,13127,3,input,540,0,0,0,0,-1
0,0,13128,3,input,542,0,0,0,0,-1
0,0,13129,3,input,543,0,0,0,0,-1
0,0,13130,3,input,546,0,0,0,0,-1
0,0,13131,3,input,547,0,0,0,0,-1
0,0,13132,3,input,549,0,0,0,0,-1
0,0,13133,3,input,550,0,0,0,0,-1
0,0,13134,3,input,552,0,0,0,0,-1
0,0,13135,3,input,553,0,0,0,0,-1
0,0,13136,3,input,554,0,0,0,0,-1
0,0,13137,3,input,555,0,0,0,0,-1
0,0,13138,3,input,559,0,0,0,0,-1
0,0,13139,3,input,560,0,0,0,0,-1
0,0,13140,3,input,561,0,0,0,0,1
0,0,13141,3,input,562,0,0,0,0,-1
0,0,13142,3,input,565,0,0,0,0,-1
0,0,13143,3,input,566,0,0,0,0,-1
0,0,13144,3,input,567,0,0,0,0,1
0,0,13145,3,input,569,0,0,0,0,-1
0,0,13146,3,input,570,0,0,0,0,-1
0,0,13147,3,input,572,0,0,0,0,-1
0,0,13148,3,input,574,0,0,0,0,-1
0,0,13149,3,input,575,0,0,0,0,-1
0,0,13150,3,input,576,0,0,0,0,-1
0,0,13151,3,input,577,0,0,0,0,-1
0,0,13152,3,input,579,0,0,0,0,1
0,0,13153,3,input,582,0,0,0,0,-1
0,0,13154,3,input,585,0,0,0,0,-1
0,0,13155,3,input,586,0,0,0,0,-1
0,0,13156,3,input,589,0,0,0,0,-1
0,0,13157,3,input,593,0,0,0,0,-1
0,0,13158,3,input,594,0,0,0,0,-1
0,0,13159,3,input,595,0,0,0,0,-1
0,0,13160,3,input,599,0,0,0,0,-1
0,0,13161,3,input,601,0,0,0,0,-1
0,0,13162,3,input,604,0,0,0,0,-1
0,0,13163,3,input,605,0,0,0,0,-1
0,0,13164,3,input,606,0,0,0,0,1
0,0,13165,3,input,607,0,0,0,0,-1
0,0,13166,3,input,609,0,0,0,0,-1
0,0,13167,3,input,614,0,0,0,0,-1
0,0,13168,3,input,615,0,0,0,0,-1
0,0,13169,3,input,619,0,0,0,0,-1
0,0,13170,3,input,621,0,0,0,0,-1
0,0,13171,3,input,623,0,0,0,0,-1
0,0,13172,3,input,624,0,0,0,0,-1
0,0,13173,3,input,628,0,0,0,0,1
0,0,13174,3,input,629,0,0,0,0,-1
0,0,13175,3,input,631,0,0,0,0,-1
0,0,13176,3,input,633,0,0,0,0,-1
0,0,13177,3,input,635,0,0,0,0,-1
0,0,13178,3,input,636,0,0,0,0,-1
0,0,13179,3,input,637,0,0,0,0,-1
0,0,13180,3,input,638,0,0,0,0,-1
0,0,13181,3,input,639,0,0,0,0,1
0,0,13182,3,input,642,0,0,0,0,1
0,0,13183,3,input,643,0,0,0,0,-1
0,0,13184,3,input,645,0,0,0,0,1
0,0,13185,3,input,646,0,0,0,0,-1
0,0,13186,3,input,649,0,0,0,0,-1
0,0,13187,3,input,650,0,0,0,0,-1
0,0,13188,3,input,654,0,0,0,0,-1
0,0,13189,3,input,655,0,0,0,0,-1
0,0,13190,3,input,658,0,0,0,0,-1
0,0,13191,3,input,659,0,0,0,0,-1
0,0,13192,3,input,660,0,0,0,0,-1
0,0,13193,3,input,661,0,0,0,0,-1
0,0,13194,3,input,662,0,0,0,0,-1
0,0,13195,3,input,663,0,0,0,0,1
0,0,13196,3,input,668,0,0,0,0,-1
0,0,13197,3,input,670,0,0,0,0,-1
0,0,13198,3,input,674,0,0,0,0,-1
0,0,13199,3,input,675,0,0,0,0,-1
0,0,13200,3,input,677,0,0,0,0,-1
0,0,13201,3,input,678,0,0,0,0,-1
0,0,13202,3,input,680,0,0,0,0,-1
0,0,13203,3,input,681,0,0,0,0,-1
0,0,13204,3,input,682,0,0,0,0,-1
0,0,13205,3,input,683,0,0,0,0,-1
0,0,13206,3,input,684,0,0,0,0,-1
0,0,13207,3,input,687,0,0,0,0,-1
0,0,13208,3,input,688,0,0,0,0,-1
0,0,13209,3,input,689,0,0,0,0,1
0,0,13210,3,input,690,0,0,0,0,-1
0,0,13211,3,input,694,0,0,0,0,-1
0,0,13212,3,input,697,0,0,0,0,-1
0,0,13213,3,input,700,0,0,0,0,-1
0,0,13214,3,input,701,0,0,0,0,-1
0,0,13215,3,input,702,0,0,0,0,-1
0,0,13216,3,input,703,0,0,0,0,-1
0,0,13217,3,input,704,0,0,0,0,-1
0,0,13218,3,input,705,0,0,0,0,-1
0,0,13219,3,input,706,0,0,0,0,-1
0,0,13220,3,input,709,0,0,0,0,-1
0,0,13221,3,input,710,0,0,0,0,-1
0,0,13222,3,input,713,0,0,0,0,-1
0,0,13223,3,input,714,0,0,0,0,-1
0,0,13224,3,input,717,0,0,0,0,-1
0,0,13225,3,input,720,0,0,0,0,-1
0,0,13226,3,input,721,0,0,0,0,-1
0,0,13227,3,input,722,0,0,0,0,-1
0,0,13228,3,input,723,0,0,0,0,-1
0,0,13229,3,input,727,0,0,0,0,-1
0,0,13230,3,input,731,0,0,0,0,-1
0,0,13231,3,input,732,0,0,0,0,-1
0,0,13232,3,input,733,0,0,0,0,-1
0,0,13233,3,input,736,0,0,0,0,-1
0,0,13234,3,input,737,0,0,0,0,-1
0,0,13235,3,input,740,0,0,0,0,-1
0,0,13236,3,input,742,0,0,0,0,-1
0,0,13237,3,input,749,0,0,0,0,-1
0,0,13238,3,input,750,0,0,0,0,-1
0,0,13239,3,input,751,0,0,0,0,-1
0,0,13240,3,input,752,0,0,0,0,-1
0,0,13241,3,input,756,0,0,0,0,1
0,0,13242,3,input,757,0,0,0,0,-1
0,0,13243,3,input,758,0,0,0,0,-1
0,0,13244,3,input,759,0,0,0,0,-1
0,0,13245,3,input,761,0,0,0,0,-1
0,0,13246,3,input,762,0,0,0,0,1
0,0,13247,3,input,763,0,0,0,0,-1
0,0,13248,3,input,765,0,0,0,0,-1
0,0,13249,3,input,766,0,0,0,0,-1
0,0,13250,3,input,767,0,0,0,0,1
0,0,13251,3,input,771,0,0,0,0,-1
0,0,13252,3,input,774,0,0,0,0,-1
0,0,13253,3,input,776,0,0,0,0,-1
0,0,13254,3,input,777,0,0,0,0,-1
0,0,13255,3,input,779,0,0,0,0,1
0,0,13256,3,input,781,0,0,0,0,-1
0,0,13257,3,input,782,0,0,0,0,-1
0,0,13258,3,input,786,0,0,0,0,-1
0,0,13259,3,input,787,0,0,0,0,-1
0,0,13260,3,input,788,0,0,0,0,-1
0,0,13261,3,input,789,0,0,0,0,-1
0,0,13262,3,input,790,0,0,0,0,-1
0,0,13263,3,input,791,0,0,0,0,1
0,0,13264,3,input,794,0,0,0,0,-1
0,0,13265,3,input,795,0,0,0,0,-1
0,0,13266,3,input,796,0,0,0,0,-1
0,0,13267,3,input,798,0,0,0,0,-1
0,0,13268,3,input,799,0,0,0,0,-1
0,0,13269,3,input,800,0,0,0,0,-1
0,0,13270,3,input,802,0,0,0,0,-1
0,0,13271,3,input,803,0,0,0,0,-1
0,0,13272,3,input,805,0,0,0,0,-1
0,0,13273,3,input,806,0,0,0,0,-1
0,0,13274,3,input,808,0,0,0,0,-1
0,0,13275,3,input,809,0,0,0,0,-1
0,0,13276,3,input,810,0,0,0,0,-1
0,0,13277,3,input,811,0,0,0,0,-1
0,0,13278,3,input,814,0,0,0,0,-1
0,0,13279,3,input,816,0,0,0,0,-1
0,0,13280,3,input,817,0,0,0,0,1
0,0,13281,3,input,818,0,0,0,0,-1
0,0,13282,3,input,822,0,0,0,0,-1
0,0,13283,3,input,823,0,0,0,0,1
0,0,13284,3,input,825,0,0,0,0,-1
0,0,13285,3,input,828,0,0,0,0,-1
0,0,13286,3,input,830,0,0,0,0,-1
0,0,13287,3,input,836,0,0,0,0,-1
0,0,13288,3,input,837,0,0,0,0,-1
0,0,13289,3,input,838,0,0,0,0,-1
0,0,13290,3,input,841,0,0,0,0,-1
0,0,13291,3,input,842,0,0,0,0,-1
0,0,13292,3,input,844,0,0,0,0,-1
0,0,13293,3,input,845,0,0,0,0,-1
0,0,13294,3,input,846,0,0,0,0,-1
0,0,13295,3,input,848,0,0,0,0,-1
0,0,13296,3,input,849,0,0,0,0,-1
0,0,13297,3,input,850,0,0,0,0,-1
0,0,13298,3,input,851,0,0,0,0,-1
0,0,13299,3,input,852,0,0,0,0,-1
0,0,13300,3,input,853,0,0,0,0,-1
0,0,13301,3,input,855,0,0,0,0,-1
0,0,13302,3,input,860,0,0,0,0,-1
0,0,13303,3,input,861,0,0,0,0,-1
0,0,13304,3,input,862,0,0,0,0,1
0,0,13305,3,input,863,0,0,0,0,-1
0,0,13306,3,input,864,0,0,0,0,-1
0,0,13307,3,input,866,0,0,0,0,-1
0,0,13308,3,input,868,0,0,0,0,-1
0,0,13309,3,input,870,0,0,0,0,-1
0,0,13310,3,input,875,0,0,0,0,-1
0,0,13311,3,input,876,0,0,0,0,-1
0,0,13312,3,input,877,0,0,0,0,-1
0,0,13313,3,input,879,0,0,0,0,-1
0,0,13314,3,input,880,0,0,0,0,-1
0,0,13315,3,input,882,0,0,0,0,1
0,0,13316,3,input,883,0,0,0,0,-1
0,0,13317,3,input,884,0,0,0,0,1
0,0,13318,3,input,886,0,0,0,0,-1
0,0,13319,3,input,887,0,0,0,0,-1
0,0,13320,3,input,888,0,0,0,0,-1
0,0,13321,3,input,889,0,0,0,0,-1
0,0,13322,3,input,891,0,0,0,0,-1
0,0,13323,3,input,893,0,0,0,0,-1
0,0,13324,3,input,895,0,0,0,0,1
0,0,13325,3,input,899,0,0,0,0,-1
0,0,13326,3,input,902,0,0,0,0,-1
0,0,13327,3,input,903,0,0,0,0,-1
0,0,13328,3,input,905,0,0,0,0,-1
0,0,13329,3,input,908,0,0,0,0,-1
0,0,13330,3,input,909,0,0,0,0,-1
0,0,13331,3,input,910,0,0,0,0,-1
0,0,13332,3,input,914,0,0,0,0,-1
0,0,13333,3,input,915,0,0,0,0,-1
0,0,13334,3,input,917,0,0,0,0,-1
0,0,13335,3,input,918,0,0,0,0,-1
0,0,13336,3,input,919,0,0,0,0,1
0,0,13337,3,input,920,0,0,0,0,-1
0,0,13338,3,input,922,0,0,0,0,-1
0,0,13339,3,input,923,0,0,0,0,-1
0,0,13340,3,input,924,0,0,0,0,-1
0,0,13341,3,input,926,0,0,0,0,-1
0,0,13342,3,input,927,0,0,0,0,-1
0,0,13343,3,input,929,0,0,0,0,-1
0,0,13344,3,input,930,0,0,0,0,-1
0,0,13345,3,input,931,0,0,0,0,-1
0,0,13346,3,input,932,0,0,0,0,1
0,0,13347,3,input,933,0,0,0,0,-1
0,0,13348,3,input,934,0,0,0,0,-1
0,0,13349,3,input,937,0,0,0,0,-1
0,0,13350,3,input,938,0,0,0,0,-1
0,0,13351,3,input,939,0,0,0,0,-1
0,0,13352,3,input,941,0,0,0,0,-1
0,0,13353,3,input,943,0,0,0,0,-1
0,0,13354,3,input,944,0,0,0,0,-1
0,0,13355,3,input,945,0,0,0,0,1
0,0,13356,3,input,946,0,0,0,0,-1
0,0,13357,3,input,949,0,0,0,0,-1
0,0,13358,3,input,950,0,0,0,0,-1
0,0,13359,3,input,951,0,0,0,0,1
0,0,13360,3,input,956,0,0,0,0,-1
0,0,13361,3,input,957,0,0,0,0,-1
0,0,13362,3,input,958,0,0,0,0,-1
0,0,13363,3,input,959,0,0,0,0,-1
0,0,13364,3,input,960,0,0,0,0,-1
0,0,13365,3,input,964,0,0,0,0,-1
0,0,13366,3,input,965,0,0,0,0,-1
0,0,13367,3,input,966,0,0,0,0,-1
0,0,13368,3,input,969,0,0,0,0,-1
0,0,13369,3,input,970,0,0,0,0,-1
0,0,13370,3,input,971,0,0,0,0,1
0,0,13371,3,input,973,0,0,0,0,-1
0,0,13372,3,input,977,0,0,0,0,-1
0,0,13373,3,input,978,0,0,0,0,-1
0,0,13374,3,input,981,0,0,0,0,-1
0,0,13375,3,input,983,0,0,0,0,-1
0,0,13376,3,input,984,0,0,0,0,-1
0,0,13377,3,input,988,0,0,0,0,-1
0,0,13378,3,input,989,0,0,0,0,-1
0,0,13379,3,input,990,0,0,0,0,1
0,0,13380,3,input,991,0,0,0,0,-1
0,0,13381,3,input,997,0,0,0,0,-1
0,0,13382,3,input,998,0,0,0,0,-1
0,0,13383,3,input,1000,0,0,0,0,-1
0,0,13384,3,input,1003,0,0,0,0,-1
0,0,13385,3,input,1005,0,0,0,0,-1
0,0,13386,3,input,1007,0,0,0,0,-1
0,0,13387,3,input,1008,0,0,0,0,-1
0,0,13388,3,input,1012,0,0,0,0,1
0,0,13389,3,input,1013,0,0,0,0,-1
0,0,13390,3,input,1015,0,0,0,0,-1
0,0,13391,3,input,1016,0,0,0,0,-1
0,0,13392,3,input,1017,0,0,0,0,-1
0,0,13393,3,input,1019,0,0,0,0,-1
0,0,13394,3,input,1021,0,0,0,0,-1
0,0,13395,3,input,1022,0,0,0,0,-1
0,0,13396,3,input,1023,0,0,0,0,1
0,0,13397,3,input,1024,0,0,0,0,-1
0,0,13398,3,input,1026,0,0,0,0,1
0,0,13399,3,input,1027,0,0,0,0,-1
0,0,13400,3,input,1028,0,0,0,0,1
0,0,13401,3,input,1029,0,0,0,0,1
0,0,13402,3,input,1030,0,0,0,0,-1
0,0,13403,3,input,1032,0,0,0,0,1
0,0,13404,3,input,1033,0,0,0,0,-1
0,0,13405,3,input,1034,0,0,0,0,-1
0,0,13406,3,input,1038,0,0,0,0,-1
0,0,13407,3,input,1039,0,0,0,0,-1
0,0,13408,3,input,1043,0,0,0,0,-1
0,0,13409,3,input,1046,0,0,0,0,-1
0,0,13410,3,input,1047,0,0,0,0,1
0,0,13411,3,input,1050,0,0,0,0,-1
0,0,13412,3,input,1052,0,0,0,0,-1
0,0,13413,3,input,1054,0,0,0,0,-1
0,0,13414,3,input,1055,0,0,0,0,-1
0,0,13415,3,input,1056,0,0,0,0,1
0,0,13416,3,input,1057,0,0,0,0,-1
0,0,13417,3,input,1059,0,0,0,0,-1
0,0,13418,3,input,1062,0,0,0,0,-1
0,0,13419,3,input,1063,0,0,0,0,1
0,0,13420,3,input,1064,0,0,0,0,-1
0,0,13421,3,input,1065,0,0,0,0,-1
0,0,13422,3,input,1066,0,0,0,0,-1
0,0,13423,3,input,1067,0,0,0,0,-1
0,0,13424,3,input,1068,0,0,0,0,-1
0,0,13425,3,input,1071,0,0,0,0,-1
0,0,13426,3,input,1073,0,0,0,0,1
0,0,13427,3,input,1074,0,0,0,0,-1
0,0,13428,3,input,1077,0,0,0,0,-1
0,0,13429,3,input,1078,0,0,0,0,-1
0,0,13430,3,input,1081,0,0,0,0,-1
0,0,13431,3,input,1083,0,0,0,0,1
0,0,13432,3,input,1084,0,0,0,0,-1
0,0,13433,3,input,1085,0,0,0,0,-1
0,0,13434,3,input,1086,0,0,0,0,-1
0,0,13435,3,input,1087,0,0,0,0,-1
0,0,13436,3,input,1088,0,0,0,0,-1
0,0,13437,3,input,1089,0,0,0,0,-1
0,0,13438,3,input,1090,0,0,0,0,-1
0,0,13439,3,input,1091,0,0,0,0,-1
0,0,13440,3,input,1093,0,0,0,0,-1
0,0,13441,3,input,1094,0,0,0,0,-1
0,0,13442,3,input,1095,0,0,0,0,1
0,0,13443,3,input,1098,0,0,0,0,-1
0,0,13444,3,input,1099,0,0,0,0,1
0,0,13445,3,input,1100,0,0,0,0,-1
0,0,13446,3,input,1101,0,0,0,0,-1
0,0,13447,3,input,1103,0,0,0,0,1
0,0,13448,3,input,1104,0,0,0,0,-1
0,0,13449,3,input,1106,0,0,0,0,-1
0,0,13450,3,input,1107,0,0,0,0,-1
0,0,13451,3,input,1110,0,0,0,0,-1
0,0,13452,3,input,1111,0,0,0,0,-1
0,0,13453,3,input,1112,0,0,0,0,1
0,0,13454,3,input,1113,0,0,0,0,-1
0,0,13455,3,input,1114,0,0,0,0,-1
0,0,13456,3,input,1115,0,0,0,0,-1
0,0,13457,3,input,1116,0,0,0,0,-1
0,0,13458,3,input,1117,0,0,0,0,-1
0,0,13459,3,input,1118,0,0,0,0,-1
0,0,13460,3,input,1123,0,0,0,0,-1
0,0,13461,3,input,1124,0,0,0,0,-1
0,0,13462,3,input,1126,0,0,0,0,-1
0,0,13463,3,input,1127,0,0,0,0,-1
0,0,13464,3,input,1129,0,0,0,0,-1
0,0,13465,3,input,1130,0,0,0,0,1
0,0,13466,3,input,1131,0,0,0,0,-1
0,0,13467,3,input,1133,0,0,0,0,-1
0,0,13468,3,input,1134,0,0,0,0,-1
0,0,13469,3,input,1135,0,0,0,0,-1
0,0,13470,3,input,1136,0,0,0,0,-1
0,0,13471,3,input,1137,0,0,0,0,-1
0,0,13472,3,input,1140,0,0,0,0,1
0,0,13473,3,input,1141,0,0,0,0,-1
0,0,13474,3,input,1142,0,0,0,0,-1
0,0,13475,3,input,1143,0,0,0,0,-1
0,0,13476,3,input,1144,0,0,0,0,-1
0,0,13477,3,input,1145,0,0,0,0,-1
0,0,13478,3,input,1146,0,0,0,0,1
0,0,13479,3,input,1147,0,0,0,0,-1
0,0,13480,3,input,1148,0,0,0,0,-1
0,0,13481,3,input,1150,0,0,0,0,-1
0,0,13482,3,input,1152,0,0,0,0,-1
0,0,13483,3,input,1155,0,0,0,0,-1
0,0,13484,3,input,1158,0,0,0,0,-1
0,0,13485,3,input,1161,0,0,0,0,-1
0,0,13486,3,input,1165,0,0,0,0,-1
0,0,13487,3,input,1166,0,0,0,0,-1
0,0,13488,3,input,1170,0,0,0,0,-1
0,0,13489,3,input,1171,0,0,0,0,-1
0,0,13490,3,input,1173,0,0,0,0,-1
0,0,13491,3,input,1174,0,0,0,0,-1
0,0,13492,3,input,1176,0,0,0,0,-1
0,0,13493,3,input,1177,0,0,0,0,-1
0,0,13494,3,input,1182,0,0,0,0,-1
0,0,13495,3,input,1183,0,0,0,0,-1
0,0,13496,3,input,1184,0,0,0,0,-1
0,0,13497,3,input,1185,0,0,0,0,-1
0,0,13498,3,input,1186,0,0,0,0,-1
0,0,13499,3,input,1189,0,0,0,0,-1
0,0,13500,3,input,1190,0,0,0,0,-1
0,0,13501,3,input,1191,0,0,0,0,-1
0,0,13502,3,input,1192,0,0,0,0,-1
0,0,13503,3,input,1193,0,0,0,0,-1
0,0,13504,3,input,1195,0,0,0,0,-1
0,0,13505,3,input,1197,0,0,0,0,1
0,0,13506,3,input,1199,0,0,0,0,-1
0,0,13507,3,input,1200,0,0,0,0,-1
0,0,13508,3,input,1201,0,0,0,0,1
0,0,13509,3,input,1202,0,0,0,0,-1
0,0,13510,3,input,1204,0,0,0,0,1
0,0,13511,3,input,1205,0,0,0,0,-1
0,0,13512,3,input,1206,0,0,0,0,-1
0,0,13513,3,input,1207,0,0,0,0,1
0,0,13514,3,input,1213,0,0,0,0,-1
0,0,13515,3,input,1214,0,0,0,0,-1
0,0,13516,3,input,1215,0,0,0,0,-1
0,0,13517,3,input,1216,0,0,0,0,-1
0,0,13518,3,input,1219,0,0,0,0,1
0,0,13519,3,input,1220,0,0,0,0,-1
0,0,13520,3,input,1222,0,0,0,0,-1
0,0,13521,3,input,1225,0,0,0,0,-1
0,0,13522,3,input,1226,0,0,0,0,-1
0,0,13523,3,input,1228,0,0,0,0,-1
0,0,13524,3,input,1229,0,0,0,0,-1
0,0,13525,3,input,1230,0,0,0,0,-1
0,0,13526,3,input,1237,0,0,0,0,-1
0,0,13527,3,input,1239,0,0,0,0,-1
0,0,13528,3,input,1244,0,0,0,0,-1
0,0,13529,3,input,1245,0,0,0,0,-1
0,0,13530,3,input,1246,0,0,0,0,1
0,0,13531,3,input,1249,0,0,0,0,-1
0,0,13532,3,input,1252,0,0,0,0,-1
0,0,13533,3,input,1254,0,0,0,0,-1
0,0,13534,3,input,1261,0,0,0,0,-1
0,0,13535,3,input,1263,0,0,0,0,-1
0,0,13536,3,input,1264,0,0,0,0,-1
0,0,13537,3,input,1268,0,0,0,0,1
0,0,13538,3,input,1271,0,0,0,0,-1
0,0,13539,3,input,1273,0,0,0,0,-1
0,0,13540,3,input,1275,0,0,0,0,-1
0,0,13541,3,input,1277,0,0,0,0,-1
0,0,13542,3,input,1279,0,0,0,0,1
0,0,13543,3,input,1280,0,0,0,0,-1
0,0,13544,3,input,1283,0,0,0,0,-1
0,0,13545,3,input,1285,0,0,0,0,-1
0,0,13546,3,input,1288,0,0,0,0,1
0,0,13547,3,input,1289,0,0,0,0,-1
0,0,13548,3,input,1290,0,0,0,0,1
0,0,13549,3,input,1292,0,0,0,0,1
0,0,13550,3,input,1293,0,0,0,0,-1
0,0,13551,3,input,1294,0,0,0,0,-1
0,0,13552,3,input,1295,0,0,0,0,-1
0,0,13553,3,input,1296,0,0,0,0,-1
0,0,13554,3,input,1297,0,0,0,0,1
0,0,13555,3,input,1298,0,0,0,0,-1
0,0,13556,3,input,1299,0,0,0,0,-1
0,0,13557,3,input,1301,0,0,0,0,-1
0,0,13558,3,input,1302,0,0,0,0,-1
0,0,13559,3,input,1305,0,0,0,0,-1
0,0,13560,3,input,1307,0,0,0,0,-1
0,0,13561,3,input,1308,0,0,0,0,-1
0,0,13562,3,input,1310,0,0,0,0,-1
0,0,13563,3,input,1312,0,0,0,0,-1
0,0,13564,3,input,1313,0,0,0,0,-1
0,0,13565,3,input,1315,0,0,0,0,-1
0,0,13566,3,input,1317,0,0,0,0,-1
0,0,13567,3,input,1318,0,0,0,0,-1
0,0,13568,3,input,1320,0,0,0,0,-1
0,0,13569,3,input,1321,0,0,0,0,-1
0,0,13570,3,input,1322,0,0,0,0,-1
0,0,13571,3,input,1323,0,0,0,0,-1
0,0,13572,3,input,1325,0,0,0,0,1
0,0,13573,3,input,1328,0,0,0,0,-1
0,0,13574,3,input,1329,0,0,0,0,1
0,0,13575,3,input,1330,0,0,0,0,-1
0,0,13576,3,input,1333,0,0,0,0,-1
0,0,13577,3,input,1335,0,0,0,0,1
0,0,13578,3,input,1336,0,0,0,0,1
0,0,13579,3,input,1337,0,0,0,0,-1
0,0,13580,3,input,1338,0,0,0,0,-1
0,0,13581,3,input,1340,0,0,0,0,1
0,0,13582,3,input,1341,0,0,0,0,-1
0,0,13583,3,input,1342,0,0,0,0,-1
0,0,13584,3,input,1343,0,0,0,0,-1
0,0,13585,3,input,1345,0,0,0,0,-1
0,0,13586,3,input,1346,0,0,0,0,-1
0,0,13587,3,input,1350,0,0,0,0,-1
0,0,13588,3,input,1353,0,0,0,0,-1
0,0,13589,3,input,1357,0,0,0,0,-1
0,0,13590,3,input,1361,0,0,0,0,-1
0,0,13591,3,input,1362,0,0,0,0,-1
0,0,13592,3,input,1363,0,0,0,0,-1
0,0,13593,3,input,1364,0,0,0,0,-1
0,0,13594,3,input,1368,0,0,0,0,1
0,0,13595,3,input,1369,0,0,0,0,-1
0,0,13596,3,input,1370,0,0,0,0,-1
0,0,13597,3,input,1371,0,0,0,0,1
0,0,13598,3,input,1372,0,0,0,0,-1
0,0,13599,3,input,1373,0,0,0,0,-1
0,0,13600,3,input,1374,0,0,0,0,1
0,0,13601,3,input,1376,0,0,0,0,1
0,0,13602,3,input,1377,0,0,0,0,-1
0,0,13603,3,input,1378,0,0,0,0,-1
0,0,13604,3,input,1382,0,0,0,0,-1
0,0,13605,3,input,1383,0,0,0,0,-1
0,0,13606,3,input,1386,0,0,0,0,1
0,0,13607,3,input,1389,0,0,0,0,-1
0,0,13608,3,input,1390,0,0,0,0,-1
0,0,13609,3,input,1392,0,0,0,0,-1
0,0,13610,3,input,1395,0,0,0,0,1
0,0,13611,3,input,1396,0,0,0,0,1
0,0,13612,3,input,1397,0,0,0,0,-1
0,0,13613,3,input,1398,0,0,0,0,1
0,0,13614,3,input,1399,0,0,0,0,-1
0,0,13615,3,input,1400,0,0,0,0,-1
0,0,13616,3,input,1401,0,0,0,0,-1
0,0,13617,3,input,1402,0,0,0,0,1
0,0,13618,3,input,1403,0,0,0,0,-1
0,0,13619,3,input,1404,0,0,0,0,-1
0,0,13620,3,input,1406,0,0,0,0,-1
0,0,13621,3,input,1407,0,0,0,0,1
0,0,13622,3,input,1408,0,0,0,0,-1
0,0,13623,3,input,1410,0,0,0,0,1
0,0,13624,3,input,1411,0,0,0,0,-1
0,0,13625,3,input,1415,0,0,0,0,-1
0,0,13626,3,input,1417,0,0,0,0,-1
0,0,13627,3,input,1418,0,0,0,0,-1
0,0,13628,3,input,1420,0,0,0,0,-1
0,0,13629,3,input,1421,0,0,0,0,-1
0,0,13630,3,input,1423,0,0,0,0,-1
0,0,13631,3,input,1425,0,0,0,0,1
0,0,13632,3,input,1426,0,0,0,0,-1
0,0,13633,3,input,1427,0,0,0,0,-1
0,0,13634,3,input,1428,0,0,0,0,-1
0,0,13635,3,input,1429,0,0,0,0,-1
0,0,13636,3,input,1430,0,0,0,0,-1
0,0,13637,3,input,1431,0,0,0,0,1
0,0,13638,3,input,1432,0,0,0,0,-1
0,0,13639,3,input,1433,0,0,0,0,-1
0,0,13640,3,input,1434,0,0,0,0,-1
0,0,13641,3,input,1436,0,0,0,0,-1
0,0,13642,3,input,1437,0,0,0,0,-1
0,0,13643,3,input,1438,0,0,0,0,-1
0,0,13644,3,input,1441,0,0,0,0,-1
0,0,13645,3,input,1442,0,0,0,0,-1
0,0,13646,3,input,1443,0,0,0,0,-1
0,0,13647,3,input,1445,0,0,0,0,-1
0,0,13648,3,input,1446,0,0,0,0,-1
0,0,13649,3,input,1448,0,0,0,0,-1
0,0,13650,3,input,1449,0,0,0,0,-1
0,0,13651,3,input,1450,0,0,0,0,-1
0,0,13652,3,input,1451,0,0,0,0,-1
0,0,13653,3,input,1452,0,0,0,0,-1
0,0,13654,3,input,1453,0,0,0,0,1
0,0,13655,3,input,1455,0,0,0,0,-1
0,0,13656,3,input,1456,0,0,0,0,-1
0,0,13657,3,input,1461,0,0,0,0,-1
0,0,13658,3,input,1462,0,0,0,0,-1
0,0,13659,3,input,1465,0,0,0,0,1
0,0,13660,3,input,1466,0,0,0,0,-1
0,0,13661,3,input,1469,0,0,0,0,-1
0,0,13662,3,input,1470,0,0,0,0,1
0,0,13663,3,input,1471,0,0,0,0,-1
0,0,13664,3,input,1473,0,0,0,0,-1
0,0,13665,3,input,1478,0,0,0,0,-1
0,0,13666,3,input,1481,0,0,0,0,-1
0,0,13667,3,input,1482,0,0,0,0,-1
0,0,13668,3,input,1484,0,0,0,0,-1
0,0,13669,3,input,1485,0,0,0,0,-1
0,0,13670,3,input,1486,0,0,0,0,-1
0,0,13671,3,input,1488,0,0,0,0,-1
0,0,13672,3,input,1489,0,0,0,0,-1
0,0,13673,3,input,1491,0,0,0,0,-1
0,0,13674,3,input,1493,0,0,0,0,-1
0,0,13675,3,input,1494,0,0,0,0,-1
0,0,13676,3,input,1497,0,0,0,0,-1
0,0,13677,3,input,1500,0,0,0,0,-1
0,0,13678,3,input,1501,0,0,0,0,-1
0,0,13679,3,input,1502,0,0,0,0,-1
0,0,13680,3,input,1503,0,0,0,0,1
0,0,13681,3,input,1505,0,0,0,0,-1
0,0,13682,3,input,1509,0,0,0,0,-1
0,0,13683,3,input,1510,0,0,0,0,-1
0,0,13684,3,input,1511,0,0,0,0,-1
0,0,13685,3,input,1512,0,0,0,0,1
0,0,13686,3,input,1517,0,0,0,0,-1
0,0,13687,3,input,1518,0,0,0,0,-1
0,0,13688,3,input,1520,0,0,0,0,-1
0,0,13689,3,input,1523,0,0,0,0,1
0,0,13690,3,input,1524,0,0,0,0,1
0,0,13691,3,input,1525,0,0,0,0,-1
0,0,13692,3,input,1527,0,0,0,0,-1
0,0,13693,3,input,1528,0,0,0,0,-1
0,0,13694,3,input,1529,0,0,0,0,-1
0,0,13695,3,input,1531,0,0,0,0,-1
0,0,13696,3,input,1532,0,0,0,0,1
0,0,13697,3,input,1533,0,0,0,0,-1
0,0,13698,3,input,1534,0,0,0,0,-1
0,0,13699,3,input,1535,0,0,0,0,1
0,0,13700,3,input,1536,0,0,0,0,-1
0,0,13701,3,input,1538,0,0,0,0,1
0,0,13702,3,input,1542,0,0,0,0,-1
0,0,13703,3,input,1543,0,0,0,0,-1
0,0,13704,3,input,1544,0,0,0,0,1
0,0,13705,3,input,1545,0,0,0,0,-1
0,0,13706,3,input,1548,0,0,0,0,1
0,0,13707,3,input,1552,0,0,0,0,-1
0,0,13708,3,input,1554,0,0,0,0,-1
0,0,13709,3,input,1556,0,0,0,0,-1
0,0,13710,3,input,1558,0,0,0,0,-1
0,0,13711,3,input,1559,0,0,0,0,1
0,0,13712,3,input,1562,0,0,0,0,1
0,0,13713,3,input,1564,0,0,0,0,-1
0,0,13714,3,input,1566,0,0,0,0,-1
0,0,13715,3,input,1567,0,0,0,0,-1
0,0,13716,3,input,1568,0,0,0,0,-1
0,0,13717,3,input,1571,0,0,0,0,-1
0,0,13718,3,input,1573,0,0,0,0,-1
0,0,13719,3,input,1574,0,0,0,0,-1
0,0,13720,3,input,1577,0,0,0,0,-1
0,0,13721,3,input,1581,0,0,0,0,1
0,0,13722,3,input,1583,0,0,0,0,1
0,0,13723,3,input,1584,0,0,0,0,-1
0,0,13724,3,input,1585,0,0,0,0,-1
0,0,13725,3,input,1588,0,0,0,0,-1
0,0,13726,3,input,1590,0,0,0,0,-1
0,0,13727,3,input,1591,0,0,0,0,-1
0,0,13728,3,input,1592,0,0,0,0,-1
0,0,13729,3,input,1597,0,0,0,0,-1
0,0,13730,3,input,1598,0,0,0,0,-1
0,0,13731,3,input,1599,0,0,0,0,-1
0,0,13732,3,input,1600,0,0,0,0,-1
0,0,13733,3,input,1605,0,0,0,0,-1
0,0,13734,3,input,1606,0,0,0,0,-1
0,0,13735,3,input,1607,0,0,0,0,-1
0,0,13736,3,input,1609,0,0,0,0,-1
0,0,13737,3,input,1613,0,0,0,0,-1
0,0,13738,3,input,1614,0,0,0,0,-1
0,0,13739,3,input,1616,0,0,0,0,-1
0,0,13740,3,input,1617,0,0,0,0,-1
0,0,13741,3,input,1618,0,0,0,0,-1
0,0,13742,3,input,1619,0,0,0,0,-1
0,0,13743,3,input,1621,0,0,0,0,-1
0,0,13744,3,input,1623,0,0,0,0,-1
0,0,13745,3,input,1624,0,0,0,0,-1
0,0,13746,3,input,1625,0,0,0,0,1
0,0,13747,3,input,1626,0,0,0,0,-1
0,0,13748,3,input,1629,0,0,0,0,-1
0,0,13749,3,input,1630,0,0,0,0,-1
0,0,13750,3,input,1631,0,0,0,0,-1
0,0,13751,3,input,1633,0,0,0,0,-1
0,0,13752,3,input,1635,0,0,0,0,-1
0,0,13753,3,input,1637,0,0,0,0,-1
0,0,13754,3,input,1639,0,0,0,0,-1
0,0,13755,3,input,1640,0,0,0,0,-1
0,0,13756,3,input,1642,0,0,0,0,-1
0,0,13757,3,input,1644,0,0,0,0,-1
0,0,13758,3,input,1645,0,0,0,0,-1
0,0,13759,3,input,1648,0,0,0,0,-1
0,0,13760,3,input,1649,0,0,0,0,-1
0,0,13761,3,input,1651,0,0,0,0,-1
0,0,13762,3,input,1653,0,0,0,0,-1
0,0,13763,3,input,1654,0,0,0,0,-1
0,0,13764,3,input,1655,0,0,0,0,-1
0,0,13765,3,input,1657,0,0,0,0,-1
0,0,13766,3,input,1659,0,0,0,0,-1
0,0,13767,3,input,1660,0,0,0,0,-1
0,0,13768,3,input,1661,0,0,0,0,-1
0,0,13769,3,input,1671,0,0,0,0,-1
0,0,13770,3,input,1673,0,0,0,0,-1
0,0,13771,3,input,1674,0,0,0,0,-1
0,0,13772,3,input,1675,0,0,0,0,-1
0,0,13773,3,input,1676,0,0,0,0,-1
0,0,13774,3,input,1677,0,0,0,0,-1
0,0,13775,3,input,1680,0,0,0,0,1
0,0,13776,3,input,1681,0,0,0,0,-1
0,0,13777,3,input,1683,0,0,0,0,-1
0,0,13778,3,input,1686,0,0,0,0,-1
0,0,13779,3,input,1690,0,0,0,0,-1
0,0,13780,3,input,1692,0,0,0,0,-1
0,0,13781,3,input,1695,0,0,0,0,-1
0,0,13782,3,input,1697,0,0,0,0,-1
0,0,13783,3,input,1701,0,0,0,0,-1
0,0,13784,3,input,1702,0,0,0,0,-1
0,0,13785,3,input,1705,0,0,0,0,-1
0,0,13786,3,input,1710,0,0,0,0,1
0,0,13787,3,input,1711,0,0,0,0,-1
0,0,13788,3,input,1713,0,0,0,0,-1
0,0,13789,3,input,1717,0,0,0,0,-1
0,0,13790,3,input,1718,0,0,0,0,-1
0,0,13791,3,input,1722,0,0,0,0,-1
0,0,13792,3,input,1723,0,0,0,0,-1
0,0,13793,3,input,1726,0,0,0,0,-1
0,0,13794,3,input,1727,0,0,0,0,-1
0,0,13795,3,input,1728,0,0,0,0,-1
0,0,13796,3,input,1729,0,0,0,0,-1
0,0,13797,3,input,1730,0,0,0,0,-1
0,0,13798,3,input,1732,0,0,0,0,-1
0,0,13799,3,input,1737,0,0,0,0,-1
0,0,13800,3,input,1743,0,0,0,0,-1
0,0,13801,3,input,1745,0,0,0,0,-1
0,0,13802,3,input,1750,0,0,0,0,-1
0,0,13803,3,input,1751,0,0,0,0,-1
0,0,13804,3,input,1752,0,0,0,0,-1
0,0,13805,3,input,1753,0,0,0,0,-1
0,0,13806,3,input,1755,0,0,0,0,-1
0,0,13807,3,input,1759,0,0,0,0,-1
0,0,13808,3,input,1761,0,0,0,0,-1
0,0,13809,3,input,1768,0,0,0,0,-1
0,0,13810,3,input,1770,0,0,0,0,-1
0,0,13811,3,input,1773,0,0,0,0,-1
0,0,13812,3,input,1775,0,0,0,0,-1
0,0,13813,3,input,1777,0,0,0,0,-1
0,0,13814,3,input,1778,0,0,0,0,-1
0,0,13815,3,input,1779,0,0,0,0,-1
0,0,13816,3,input,1781,0,0,0,0,-1
0,0,13817,3,input,1782,0,0,0,0,-1
0,0,13818,3,input,1786,0,0,0,0,-1
0,0,13819,3,input,1787,0,0,0,0,-1
0,0,13820,3,input,1789,0,0,0,0,-1
0,0,13821,3,input,1790,0,0,0,0,-1
0,0,13822,3,input,1791,0,0,0,0,-1
0,0,13823,3,input,1792,0,0,0,0,-1
0,0,13824,3,input,1797,0,0,0,0,-1
0,0,13825,3,input,1799,0,0,0,0,-1
0,0,13826,3,input,1800,0,0,0,0,-1
0,0,13827,3,input,1801,0,0,0,0,-1
0,0,13828,3,input,1802,0,0,0,0,-1
0,0,13829,3,input,1804,0,0,0,0,-1
0,0,13830,3,input,1805,0,0,0,0,-1
0,0,13831,3,input,1806,0,0,0,0,-1
0,0,13832,3,input,1808,0,0,0,0,1
0,0,13833,3,input,1810,0,0,0,0,-1
0,0,13834,3,input,1811,0,0,0,0,-1
0,0,13835,3,input,1812,0,0,0,0,-1
0,0,13836,3,input,1813,0,0,0,0,-1
0,0,13837,3,input,1814,0,0,0,0,-1
0,0,13838,3,input,1815,0,0,0,0,1
0,0,13839,3,input,1818,0,0,0,0,-1
0,0,13840,3,input,1819,0,0,0,0,-1
0,0,13841,3,input,1820,0,0,0,0,-1
0,0,13842,3,input,1823,0,0,0,0,-1
0,0,13843,3,input,1825,0,0,0,0,-1
0,0,13844,3,input,1827,0,0,0,0,-1
0,0,13845,3,input,1830,0,0,0,0,-1
0,0,13846,3,input,1831,0,0,0,0,1
0,0,13847,3,input,1832,0,0,0,0,-1
0,0,13848,3,input,1833,0,0,0,0,-1
0,0,13849,3,input,1834,0,0,0,0,-1
0,0,13850,3,input,1836,0,0,0,0,-1
0,0,13851,3,input,1837,0,0,0,0,-1
0,0,13852,3,input,1839,0,0,0,0,-1
0,0,13853,3,input,1840,0,0,0,0,-1
0,0,13854,3,input,1841,0,0,0,0,-1
0,0,13855,3,input,1844,0,0,0,0,-1
0,0,13856,3,input,1846,0,0,0,0,-1
0,0,13857,3,input,1847,0,0,0,0,-1
0,0,13858,3,input,1854,0,0,0,0,-1
0,0,13859,3,input,1855,0,0,0,0,-1
0,0,13860,3,input,1856,0,0,0,0,-1
0,0,13861,3,input,1858,0,0,0,0,-1
0,0,13862,3,input,1859,0,0,0,0,-1
0,0,13863,3,input,1860,0,0,0,0,-1
0,0,13864,3,input,1861,0,0,0,0,-1
0,0,13865,3,input,1863,0,0,0,0,1
0,0,13866,3,input,1864,0,0,0,0,1
0,0,13867,3,input,1865,0,0,0,0,-1
0,0,13868,3,input,1869,0,0,0,0,-1
0,0,13869,3,input,1871,0,0,0,0,-1
0,0,13870,3,input,1872,0,0,0,0,-1
0,0,13871,3,input,1873,0,0,0,0,-1
0,0,13872,3,input,1875,0,0,0,0,-1
0,0,13873,3,input,1876,0,0,0,0,-1
0,0,13874,3,input,1879,0,0,0,0,-1
0,0,13875,3,input,1881,0,0,0,0,-1
0,0,13876,3,input,1884,0,0,0,0,-1
0,0,13877,3,input,1885,0,0,0,0,-1
0,0,13878,3,input,1886,0,0,0,0,-1
0,0,13879,3,input,1887,0,0,0,0,-1
0,0,13880,3,input,1892,0,0,0,0,-1
0,0,13881,3,input,1897,0,0,0,0,-1
0,0,13882,3,input,1899,0,0,0,0,-1
0,0,13883,3,input,1900,0,0,0,0,-1
0,0,13884,3,input,1901,0,0,0,0,-1
0,0,13885,3,input,1903,0,0,0,0,-1
0,0,13886,3,input,1904,0,0,0,0,-1
0,0,13887,3,input,1905,0,0,0,0,-1
0,0,13888,3,input,1906,0,0,0,0,-1
0,0,13889,3,input,1907,0,0,0,0,-1
0,0,13890,3,input,1909,0,0,0,0,-1
0,0,13891,3,input,1911,0,0,0,0,-1
0,0,13892,3,input,1912,0,0,0,0,-1
0,0,13893,3,input,1913,0,0,0,0,-1
0,0,13894,3,input,1915,0,0,0,0,-1
0,0,13895,3,input,1917,0,0,0,0,-1
0,0,13896,3,input,1918,0,0,0,0,-1
0,0,13897,3,input,1919,0,0,0,0,-1
0,0,13898,3,input,1921,0,0,0,0,-1
0,0,13899,3,input,1923,0,0,0,0,-1
0,0,13900,3,input,1926,0,0,0,0,-1
0,0,13901,3,input,1928,0,0,0,0,-1
0,0,13902,3,input,1929,0,0,0,0,-1
0,0,13903,3,input,1933,0,0,0,0,-1
0,0,13904,3,input,1934,0,0,0,0,-1
0,0,13905,3,input,1936,0,0,0,0,-1
0,0,13906,3,input,1938,0,0,0,0,-1
0,0,13907,3,input,1939,0,0,0,0,-1
0,0,13908,3,input,1941,0,0,0,0,-1
0,0,13909,3,input,1942,0,0,0,0,-1
0,0,13910,3,input,1943,0,0,0,0,1
0,0,13911,3,input,1946,0,0,0,0,-1
0,0,13912,3,input,1947,0,0,0,0,-1
0,0,13913,3,input,1949,0,0,0,0,-1
0,0,13914,3,input,1950,0,0,0,0,-1
0,0,13915,3,input,1951,0,0,0,0,-1
0,0,13916,3,input,1954,0,0,0,0,-1
0,0,13917,3,input,1955,0,0,0,0,-1
0,0,13918,3,input,1957,0,0,0,0,-1
0,0,13919,3,input,1958,0,0,0,0,-1
0,0,13920,3,input,1959,0,0,0,0,-1
0,0,13921,3,input,1961,0,0,0,0,-1
0,0,13922,3,input,1962,0,0,0,0,-1
0,0,13923,3,input,1963,0,0,0,0,-1
0,0,13924,3,input,1964,0,0,0,0,-1
0,0,13925,3,input,1965,0,0,0,0,-1
0,0,13926,3,input,1966,0,0,0,0,-1
0,0,13927,3,input,1967,0,0,0,0,-1
0,0,13928,3,input,1968,0,0,0,0,-1
0,0,13929,3,input,1969,0,0,0,0,1
0,0,13930,3,input,1970,0,0,0,0,-1
0,0,13931,3,input,1972,0,0,0,0,1
0,0,13932,3,input,1974,0,0,0,0,-1
0,0,13933,3,input,1977,0,0,0,0,-1
0,0,13934,3,input,1980,0,0,0,0,-1
0,0,13935,3,input,1982,0,0,0,0,-1
0,0,13936,3,input,1983,0,0,0,0,-1
0,0,13937,3,input,1985,0,0,0,0,-1
0,0,13938,3,input,1986,0,0,0,0,-1
0,0,13939,3,input,1988,0,0,0,0,-1
0,0,13940,3,input,1989,0,0,0,0,-1
0,0,13941,3,input,1990,0,0,0,0,-1
0,0,13942,3,input,1993,0,0,0,0,-1
0,0,13943,3,input,1994,0,0,0,0,-1
0,0,13944,3,input,1996,0,0,0,0,-1
0,0,13945,3,input,1997,0,0,0,0,-1
0,0,13946,3,input,2000,0,0,0,0,-1
0,0,13947,3,input,2001,0,0,0,0,-1
0,0,13948,3,input,2005,0,0,0,0,-1
0,0,13949,3,input,2007,0,0,0,0,-1
0,0,13950,3,input,2011,0,0,0,0,-1
0,0,13951,3,input,2012,0,0,0,0,-1
0,0,13952,3,input,2013,0,0,0,0,-1
0,0,13953,3,input,2014,0,0,0,0,1
0,0,13954,3,input,2015,0,0,0,0,-1
0,0,13955,3,input,2020,0,0,0,0,-1
0,0,13956,3,input,2022,0,0,0,0,-1
0,0,13957,3,input,2027,0,0,0,0,-1
0,0,13958,3,input,2028,0,0,0,0,-1
0,0,13959,3,input,2029,0,0,0,0,-1
0,0,13960,3,input,2032,0,0,0,0,-1
0,0,13961,3,input,2034,0,0,0,0,1
0,0,13962,3,input,2035,0,0,0,0,-1
0,0,13963,3,input,2036,0,0,0,0,1
0,0,13964,3,input,2037,0,0,0,0,1
0,0,13965,3,input,2038,0,0,0,0,-1
0,0,13966,3,input,2039,0,0,0,0,-1
0,0,13967,3,input,2040,0,0,0,0,-1
0,0,13968,3,input,2041,0,0,0,0,-1
0,0,13969,3,input,2043,0,0,0,0,-1
0,0,13970,3,input,2045,0,0,0,0,-1
0,0,13971,3,input,2046,0,0,0,0,-1
0,0,13972,3,input,2047,0,0,0,0,1
0,0,13973,3,input,2048,0,0,0,0,1
0,0,13974,3,input,2049,0,0,0,0,-1
0,0,13975,3,input,2051,0,0,0,0,-1
0,0,13976,3,input,2052,0,0,0,0,-1
0,0,13977,3,input,2053,0,0,0,0,-1
0,0,13978,3,input,2054,0,0,0,0,1
0,0,13979,3,input,2057,0,0,0,0,-1
0,0,13980,3,input,2058,0,0,0,0,-1
0,0,13981,3,input,2060,0,0,0,0,-1
0,0,13982,3,input,2061,0,0,0,0,-1
0,0,13983,3,input,2062,0,0,0,0,-1
0,0,13984,3,input,2064,0,0,0,0,-1
0,0,13985,3,input,2065,0,0,0,0,-1
0,0,13986,3,input,2068,0,0,0,0,-1
0,0,13987,3,input,2070,0,0,0,0,-1
0,0,13988,3,input,2072,0,0,0,0,-1
0,0,13989,3,input,2073,0,0,0,0,-1
0,0,13990,3,input,2074,0,0,0,0,1
0,0,13991,3,input,2075,0,0,0,0,-1
0,0,13992,3,input,2076,0,0,0,0,-1
0,0,13993,3,input,2079,0,0,0,0,1
0,0,13994,3,input,2080,0,0,0,0,-1
0,0,13995,3,input,2082,0,0,0,0,1
0,0,13996,3,input,2084,0,0,0,0,-1
0,0,13997,3,input,2085,0,0,0,0,-1
0,0,13998,3,input,2087,0,0,0,0,1
0,0,13999,3,input,2088,0,0,0,0,1
0,0,14000,3,input,2090,0,0,0,0,1
0,0,14001,3,input,2092,0,0,0,0,-1
0,0,14002,3,input,2094,0,0,0,0,1
0,0,14003,3,input,2095,0,0,0,0,1
0,0,14004,3,input,2098,0,0,0,0,-1
0,0,14005,3,input,2099,0,0,0,0,-1
0,0,14006,3,input,2101,0,0,0,0,-1
0,0,14007,3,input,2104,0,0,0,0,-1
0,0,14008,3,input,2106,0,0,0,0,-1
0,0,14009,3,input,2107,0,0,0,0,-1
0,0,14010,3,input,2108,0,0,0,0,-1
0,0,14011,3,input,2109,0,0,0,0,-1
0,0,14012,3,input,2111,0,0,0,0,-1
0,0,14013,3,input,2112,0,0,0,0,-1
0,0,14014,3,input,2113,0,0,0,0,1
0,0,14015,3,input,2115,0,0,0,0,-1
0,0,14016,3,input,2119,0,0,0,0,-1
0,0,14017,3,input,2120,0,0,0,0,-1
0,0,14018,3,input,2121,0,0,0,0,-1
0,0,14019,3,input,2124,0,0,0,0,-1
0,0,14020,3,input,2125,0,0,0,0,1
0,0,14021,3,input,2126,0,0,0,0,-1
0,0,14022,3,input,2128,0,0,0,0,1
0,0,14023,3,input,2129,0,0,0,0,-1
0,0,14024,3,input,2130,0,0,0,0,-1
0,0,14025,3,input,2132,0,0,0,0,-1
0,0,14026,3,input,2133,0,0,0,0,-1
0,0,14027,3,input,2134,0,0,0,0,-1
0,0,14028,3,input,2135,0,0,0,0,-1
0,0,14029,3,input,2136,0,0,0,0,-1
0,0,14030,3,input,2138,0,0,0,0,-1
0,0,14031,3,input,2140,0,0,0,0,-1
0,0,14032,3,input,2142,0,0,0,0,-1
0,0,14033,3,input,2143,0,0,0,0,-1
0,0,14034,3,input,2144,0,0,0,0,-1
0,0,14035,3,input,2145,0,0,0,0,-1
0,0,14036,3,input,2147,0,0,0,0,-1
0,0,14037,3,input,2148,0,0,0,0,-1
0,0,14038,3,input,2152,0,0,0,0,-1
0,0,14039,3,input,2155,0,0,0,0,1
0,0,14040,3,input,2158,0,0,0,0,1
0,0,14041,3,input,2159,0,0,0,0,-1
0,0,14042,3,input,2161,0,0,0,0,-1
0,0,14043,3,input,2162,0,0,0,0,-1
0,0,14044,3,input,2163,0,0,0,0,-1
0,0,14045,3,input,2165,0,0,0,0,-1
0,0,14046,3,input,2166,0,0,0,0,-1
0,0,14047,3,input,2167,0,0,0,0,-1
0,0,14048,3,input,2168,0,0,0,0,-1
0,0,14049,3,input,2172,0,0,0,0,1
0,0,14050,3,input,2174,0,0,0,0,1
0,0,14051,3,input,2176,0,0,0,0,-1
0,0,14052,3,input,2179,0,0,0,0,-1
0,0,14053,3,input,2183,0,0,0,0,-1
0,0,14054,3,input,2185,0,0,0,0,-1
0,0,14055,3,input,2186,0,0,0,0,-1
0,0,14056,3,input,2187,0,0,0,0,-1
0,0,14057,3,input,2188,0,0,0,0,-1
0,0,14058,3,input,2189,0,0,0,0,-1
0,0,14059,3,input,2190,0,0,0,0,-1
0,0,14060,3,input,2191,0,0,0,0,-1
0,0,14061,3,input,2192,0,0,0,0,1
0,0,14062,3,input,2194,0,0,0,0,-1
0,0,14063,3,input,2197,0,0,0,0,-1
0,0,14064,3,input,2198,0,0,0,0,-1
0,0,14065,3,input,2201,0,0,0,0,-1
0,0,14066,3,input,2204,0,0,0,0,-1
0,0,14067,3,input,2209,0,0,0,0,-1
0,0,14068,3,input,2210,0,0,0,0,-1
0,0,14069,3,input,2213,0,0,0,0,-1
0,0,14070,3,input,2214,0,0,0,0,-1
0,0,14071,3,input,2217,0,0,0,0,-1
0,0,14072,3,input,2219,0,0,0,0,-1
0,0,14073,3,input,2222,0,0,0,0,1
0,0,14074,3,input,2225,0,0,0,0,1
0,0,14075,3,input,2226,0,0,0,0,-1
0,0,14076,3,input,2229,0,0,0,0,-1
0,0,14077,3,input,2230,0,0,0,0,-1
0,0,14078,3,input,2237,0,0,0,0,-1
0,0,14079,3,input,2238,0,0,0,0,-1
0,0,14080,3,input,2239,0,0,0,0,-1
0,0,14081,3,input,2240,0,0,0,0,-1
0,0,14082,3,input,2242,0,0,0,0,-1
0,0,14083,3,input,2243,0,0,0,0,1
0,0,14084,3,input,2244,0,0,0,0,-1
0,0,14085,3,input,2246,0,0,0,0,-1
0,0,14086,3,input,2249,0,0,0,0,-1
0,0,14087,3,input,2252,0,0,0,0,-1
0,0,14088,3,input,2253,0,0,0,0,-1
0,0,14089,3,input,2258,0,0,0,0,-1
0,0,14090,3,input,2259,0,0,0,0,-1
0,0,14091,3,input,2261,0,0,0,0,-1
0,0,14092,3,input,2263,0,0,0,0,-1
0,0,14093,3,input,2264,0,0,0,0,-1
0,0,14094,3,input,2265,0,0,0,0,-1
0,0,14095,3,input,2268,0,0,0,0,-1
0,0,14096,3,input,2269,0,0,0,0,-1
0,0,14097,3,input,2270,0,0,0,0,1
0,0,14098,3,input,2273,0,0,0,0,-1
0,0,14099,3,input,2274,0,0,0,0,-1
0,0,14100,3,input,2276,0,0,0,0,-1
0,0,14101,3,input,2278,0,0,0,0,-1
0,0,14102,3,input,2280,0,0,0,0,-1
0,0,14103,3,input,2285,0,0,0,0,-1
0,0,14104,3,input,2287,0,0,0,0,-1
0,0,14105,3,input,2288,0,0,0,0,-1
0,0,14106,3,input,2290,0,0,0,0,-1
0,0,14107,3,input,2292,0,0,0,0,1
0,0,14108,3,input,2293,0,0,0,0,-1
0,0,14109,3,input,2295,0,0,0,0,-1
0,0,14110,3,input,2296,0,0,0,0,-1
0,0,14111,3,input,2297,0,0,0,0,-1
0,0,14112,3,input,2299,0,0,0,0,-1
0,0,14113,3,input,2303,0,0,0,0,1
0,0,14114,3,input,2304,0,0,0,0,1
0,0,14115,3,input,2306,0,0,0,0,1
0,0,14116,3,input,2307,0,0,0,0,-1
0,0,14117,3,input,2309,0,0,0,0,-1
0,0,14118,3,input,2310,0,0,0,0,-1
0,0,14119,3,input,2312,0,0,0,0,-1
0,0,14120,3,input,2313,0,0,0,0,-1
0,0,14121,3,input,2314,0,0,0,0,-1
0,0,14122,3,input,2316,0,0,0,0,-1
0,0,14123,3,input,2317,0,0,0,0,-1
0,0,14124,3,input,2318,0,0,0,0,-1
0,0,14125,3,input,2320,0,0,0,0,1
0,0,14126,3,input,2323,0,0,0,0,-1
0,0,14127,3,input,2324,0,0,0,0,-1
0,0,14128,3,input,2325,0,0,0,0,-1
0,0,14129,3,input,2326,0,0,0,0,-1
0,0,14130,3,input,2327,0,0,0,0,-1
0,0,14131,3,input,2328,0,0,0,0,-1
0,0,14132,3,input,2329,0,0,0,0,-1
0,0,14133,3,input,2330,0,0,0,0,-1
0,0,14134,3,input,2331,0,0,0,0,1
0,0,14135,3,input,2333,0,0,0,0,-1
0,0,14136,3,input,2334,0,0,0,0,-1
0,0,14137,3,input,2335,0,0,0,0,-1
0,0,14138,3,input,2336,0,0,0,0,-1
0,0,14139,3,input,2338,0,0,0,0,-1
0,0,14140,3,input,2341,0,0,0,0,1
0,0,14141,3,input,2342,0,0,0,0,-1
0,0,14142,3,input,2343,0,0,0,0,-1
0,0,14143,3,input,2344,0,0,0,0,-1
0,0,14144,3,input,2345,0,0,0,0,-1
0,0,14145,3,input,2347,0,0,0,0,-1
0,0,14146,3,input,2349,0,0,0,0,-1
0,0,14147,3,input,2351,0,0,0,0,-1
0,0,14148,3,input,2354,0,0,0,0,-1
0,0,14149,3,input,2355,0,0,0,0,-1
0,0,14150,3,input,2360,0,0,0,0,-1
0,0,14151,3,input,2361,0,0,0,0,-1
0,0,14152,3,input,2363,0,0,0,0,-1
0,0,14153,3,input,2364,0,0,0,0,-1
0,0,14154,3,input,2365,0,0,0,0,1
0,0,14155,3,input,2367,0,0,0,0,-1
0,0,14156,3,input,2370,0,0,0,0,1
0,0,14157,3,input,2371,0,0,0,0,-1
0,0,14158,3,input,2373,0,0,0,0,-1
0,0,14159,3,input,2374,0,0,0,0,-1
0,0,14160,3,input,2376,0,0,0,0,-1
0,0,14161,3,input,2377,0,0,0,0,-1
0,0,14162,3,input,2382,0,0,0,0,-1
0,0,14163,3,input,2384,0,0,0,0,1
0,0,14164,3,input,2385,0,0,0,0,-1
0,0,14165,3,input,2390,0,0,0,0,-1
0,0,14166,3,input,2392,0,0,0,0,-1
0,0,14167,3,input,2393,0,0,0,0,-1
0,0,14168,3,input,2396,0,0,0,0,-1
0,0,14169,3,input,2399,0,0,0,0,-1
0,0,14170,3,input,2400,0,0,0,0,-1
0,0,14171,3,input,2401,0,0,0,0,-1
0,0,14172,3,input,2403,0,0,0,0,1
0,0,14173,3,input,2404,0,0,0,0,-1
0,0,14174,3,input,2405,0,0,0,0,1
0,0,14175,3,input,2406,0,0,0,0,-1
0,0,14176,3,input,2409,0,0,0,0,-1
0,0,14177,3,input,2410,0,0,0,0,1
0,0,14178,3,input,2411,0,0,0,0,1
0,0,14179,3,input,2413,0,0,0,0,-1
0,0,14180,3,input,2414,0,0,0,0,1
0,0,14181,3,input,2417,0,0,0,0,-1
0,0,14182,3,input,2418,0,0,0,0,1
0,0,14183,3,input,2419,0,0,0,0,1
0,0,14184,3,input,2420,0,0,0,0,1
0,0,14185,3,input,2421,0,0,0,0,1
0,0,14186,3,input,2422,0,0,0,0,-1
0,0,14187,3,input,2425,0,0,0,0,1
0,0,14188,3,input,2426,0,0,0,0,1
0,0,14189,3,input,2429,0,0,0,0,-1
0,0,14190,3,input,2431,0,0,0,0,1
0,0,14191,3,input,2432,0,0,0,0,-1
0,0,14192,3,input,2435,0,0,0,0,-1
0,0,14193,3,input,2436,0,0,0,0,-1
0,0,14194,3,input,2439,0,0,0,0,-1
0,0,14195,3,input,2440,0,0,0,0,-1
0,0,14196,3,input,2441,0,0,0,0,-1
0,0,14197,3,input,2442,0,0,0,0,-1
0,0,14198,3,input,2443,0,0,0,0,-1
0,0,14199,3,input,2444,0,0,0,0,-1
0,0,14200,3,input,2445,0,0,0,0,-1
0,0,14201,3,input,2448,0,0,0,0,1
0,0,14202,3,input,2451,0,0,0,0,-1
0,0,14203,3,input,2453,0,0,0,0,-1
0,0,14204,3,input,2454,0,0,0,0,-1
0,0,14205,3,input,2456,0,0,0,0,-1
0,0,14206,3,input,2457,0,0,0,0,-1
0,0,14207,3,input,2458,0,0,0,0,-1
0,0,14208,3,input,2460,0,0,0,0,-1
0,0,14209,3,input,2461,0,0,0,0,-1
0,0,14210,3,input,2465,0,0,0,0,-1
0,0,14211,3,input,2469,0,0,0,0,-1
0,0,14212,3,input,2470,0,0,0,0,-1
0,0,14213,3,input,2472,0,0,0,0,-1
0,0,14214,3,input,2473,0,0,0,0,-1
0,0,14215,3,input,2477,0,0,0,0,1
0,0,14216,3,input,2478,0,0,0,0,1
0,0,14217,3,input,2479,0,0,0,0,-1
0,0,14218,3,input,2483,0,0,0,0,-1
0,0,14219,3,input,2485,0,0,0,0,-1
0,0,14220,3,input,2486,0,0,0,0,-1
0,0,14221,3,input,2490,0,0,0,0,-1
0,0,14222,3,input,2492,0,0,0,0,-1
0,0,14223,3,input,2495,0,0,0,0,-1
0,0,14224,3,input,2500,0,0,0,0,-1
0,0,14225,3,input,2502,0,0,0,0,-1
0,0,14226,3,input,2505,0,0,0,0,-1
0,0,14227,3,input,2507,0,0,0,0,-1
0,0,14228,3,input,2511,0,0,0,0,-1
0,0,14229,3,input,2513,0,0,0,0,-1
0,0,14230,3,input,2514,0,0,0,0,1
0,0,14231,3,input,2518,0,0,0,0,-1
0,0,14232,3,input,2520,0,0,0,0,-1
0,0,14233,3,input,2521,0,0,0,0,-1
0,0,14234,3,input,2529,0,0,0,0,-1
0,0,14235,3,input,2533,0,0,0,0,-1
0,0,14236,3,input,2534,0,0,0,0,-1
0,0,14237,3,input,2535,0,0,0,0,-1
0,0,14238,3,input,2536,0,0,0,0,-1
0,0,14239,3,input,2537,0,0,0,0,-1
0,0,14240,3,input,2538,0,0,0,0,-1
0,0,14241,3,input,2541,0,0,0,0,-1
0,0,14242,3,input,2543,0,0,0,0,-1
0,0,14243,3,input,2545,0,0,0,0,-1
0,0,14244,3,input,2546,0,0,0,0,-1
0,0,14245,3,input,2548,0,0,0,0,1
0,0,14246,3,input,2549,0,0,0,0,-1
0,0,14247,3,input,2550,0,0,0,0,-1
0,0,14248,3,input,2551,0,0,0,0,-1
0,0,14249,3,input,2555,0,0,0,0,-1
0,0,14250,3,input,2557,0,0,0,0,-1
0,0,14251,3,input,2558,0,0,0,0,-1
0,0,14252,3,input,2560,0,0,0,0,-1
0,0,14253,3,input,2567,0,0,0,0,-1
0,0,14254,3,input,2568,0,0,0,0,1
0,0,14255,3,input,2569,0,0,0,0,-1
0,0,14256,3,input,2570,0,0,0,0,-1
0,0,14257,3,input,2574,0,0,0,0,-1
0,0,14258,3,input,2576,0,0,0,0,-1
0,0,14259,3,input,2577,0,0,0,0,-1
0,0,14260,3,input,2579,0,0,0,0,-1
0,0,14261,3,input,2582,0,0,0,0,-1
0,0,14262,3,input,2583,0,0,0,0,1
0,0,14263,3,input,2586,0,0,0,0,-1
0,0,14264,3,input,2590,0,0,0,0,-1
0,0,14265,3,input,2591,0,0,0,0,-1
0,0,14266,3,input,2593,0,0,0,0,-1
0,0,14267,3,input,2595,0,0,0,0,-1
0,0,14268,3,input,2597,0,0,0,0,-1
0,0,14269,3,input,2598,0,0,0,0,-1
0,0,14270,3,input,2602,0,0,0,0,-1
0,0,14271,3,input,2604,0,0,0,0,-1
0,0,14272,3,input,2608,0,0,0,0,-1
0,0,14273,3,input,2609,0,0,0,0,-1
0,0,14274,3,input,2612,0,0,0,0,-1
0,0,14275,3,input,2613,0,0,0,0,-1
0,0,14276,3,input,2614,0,0,0,0,-1
0,0,14277,3,input,2615,0,0,0,0,-1
0,0,14278,3,input,2621,0,0,0,0,-1
0,0,14279,3,input,2623,0,0,0,0,-1
0,0,14280,3,input,2628,0,0,0,0,-1
0,0,14281,3,input,2629,0,0,0,0,-1
0,0,14282,3,input,2632,0,0,0,0,1
0,0,14283,3,input,2633,0,0,0,0,-1
0,0,14284,3,input,2634,0,0,0,0,-1
0,0,14285,3,input,2638,0,0,0,0,-1
0,0,14286,3,input,2640,0,0,0,0,-1
0,0,14287,3,input,2641,0,0,0,0,-1
0,0,14288,3,input,2646,0,0,0,0,-1
0,0,14289,3,input,2647,0,0,0,0,-1
0,0,14290,3,input,2650,0,0,0,0,-1
0,0,14291,3,input,2651,0,0,0,0,-1
0,0,14292,3,input,2657,0,0,0,0,-1
0,0,14293,3,input,2658,0,0,0,0,1
0,0,14294,3,input,2659,0,0,0,0,-1
0,0,14295,3,input,2660,0,0,0,0,-1
0,0,14296,3,input,2663,0,0,0,0,-1
0,0,14297,3,input,2666,0,0,0,0,-1
0,0,14298,3,input,2668,0,0,0,0,-1
0,0,14299,3,input,2670,0,0,0,0,-1
0,0,14300,3,input,2671,0,0,0,0,-1
0,0,14301,3,input,2673,0,0,0,0,-1
0,0,14302,3,input,2674,0,0,0,0,-1
0,0,14303,3,input,2675,0,0,0,0,-1
0,0,14304,3,input,2677,0,0,0,0,-1
0,0,14305,3,input,2679,0,0,0,0,-1
0,0,14306,3,input,2680,0,0,0,0,-1
0,0,14307,3,input,2681,0,0,0,0,-1
0,0,14308,3,input,2683,0,0,0,0,-1
0,0,14309,3,input,2685,0,0,0,0,-1
0,0,14310,3,input,2686,0,0,0,0,-1
0,0,14311,3,input,2687,0,0,0,0,-1
0,0,14312,3,input,2693,0,0,0,0,-1
0,0,14313,3,input,2694,0,0,0,0,-1
0,0,14314,3,input,2696,0,0,0,0,-1
0,0,14315,3,input,2697,0,0,0,0,-1
0,0,14316,3,input,2698,0,0,0,0,-1
0,0,14317,3,input,2699,0,0,0,0,-1
0,0,14318,3,input,2700,0,0,0,0,-1
0,0,14319,3,input,2701,0,0,0,0,-1
0,0,14320,3,input,2704,0,0,0,0,1
0,0,14321,3,input,2706,0,0,0,0,-1
0,0,14322,3,input,2709,0,0,0,0,-1
0,0,14323,3,input,2711,0,0,0,0,-1
0,0,14324,3,input,2714,0,0,0,0,-1
0,0,14325,3,input,2716,0,0,0,0,-1
0,0,14326,3,input,2717,0,0,0,0,-1
0,0,14327,3,input,2718,0,0,0,0,1
0,0,14328,3,input,2724,0,0,0,0,-1
0,0,14329,3,input,2725,0,0,0,0,-1
0,0,14330,3,input,2726,0,0,0,0,-1
0,0,14331,3,input,2728,0,0,0,0,-1
0,0,14332,3,input,2729,0,0,0,0,-1
0,0,14333,3,input,2734,0,0,0,0,1
0,0,14334,3,input,2735,0,0,0,0,-1
0,0,14335,3,input,2738,0,0,0,0,-1
0,0,14336,3,input,2740,0,0,0,0,-1
0,0,14337,3,input,2742,0,0,0,0,-1
0,0,14338,3,input,2746,0,0,0,0,-1
0,0,14339,3,input,2750,0,0,0,0,-1
0,0,14340,3,input,2751,0,0,0,0,-1
0,0,14341,3,input,2752,0,0,0,0,-1
0,0,14342,3,input,2753,0,0,0,0,-1
0,0,14343,3,input,2761,0,0,0,0,-1
0,0,14344,3,input,2763,0,0,0,0,-1
0,0,14345,3,input,2767,0,0,0,0,-1
0,0,14346,3,input,2769,0,0,0,0,-1
0,0,14347,3,input,2772,0,0,0,0,-1
0,0,14348,3,input,2774,0,0,0,0,-1
0,0,14349,3,input,2776,0,0,0,0,-1
0,0,14350,3,input,2777,0,0,0,0,-1
0,0,14351,3,input,2783,0,0,0,0,-1
0,0,14352,3,input,2785,0,0,0,0,-1
0,0,14353,3,input,2787,0,0,0,0,1
0,0,14354,3,input,2789,0,0,0,0,-1
0,0,14355,3,input,2792,0,0,0,0,-1
0,0,14356,3,input,2793,0,0,0,0,-1
0,0,14357,3,input,2797,0,0,0,0,-1
0,0,14358,3,input,2799,0,0,0,0,-1
0,0,14359,3,input,2801,0,0,0,0,-1
0,0,14360,3,input,2802,0,0,0,0,-1
0,0,14361,3,input,2805,0,0,0,0,-1
0,0,14362,3,input,2806,0,0,0,0,-1
0,0,14363,3,input,2811,0,0,0,0,-1
0,0,14364,3,input,2812,0,0,0,0,-1
0,0,14365,3,input,2813,0,0,0,0,-1
0,0,14366,3,input,2814,0,0,0,0,-1
0,0,14367,3,input,2817,0,0,0,0,-1
0,0,14368,3,input,2822,0,0,0,0,-1
0,0,14369,3,input,2823,0,0,0,0,-1
0,0,14370,3,input,2824,0,0,0,0,-1
0,0,14371,3,input,2825,0,0,0,0,-1
0,0,14372,3,input,2828,0,0,0,0,-1
0,0,14373,3,input,2829,0,0,0,0,-1
0,0,14374,3,input,2834,0,0,0,0,-1
0,0,14375,3,input,2835,0,0,0,0,-1
0,0,14376,3,input,2836,0,0,0,0,-1
0,0,14377,3,input,2837,0,0,0,0,-1
0,0,14378,3,input,2839,0,0,0,0,1
0,0,14379,3,input,2842,0,0,0,0,-1
0,0,14380,3,input,2844,0,0,0,0,-1
0,0,14381,3,input,2845,0,0,0,0,-1
0,0,14382,3,input,2847,0,0,0,0,-1
0,0,14383,3,input,2850,0,0,0,0,-1
0,0,14384,3,input,2853,0,0,0,0,-1
0,0,14385,3,input,2854,0,0,0,0,-1
0,0,14386,3,input,2856,0,0,0,0,-1
0,0,14387,3,input,2857,0,0,0,0,-1
0,0,14388,3,input,2863,0,0,0,0,-1
0,0,14389,3,input,2864,0,0,0,0,-1
0,0,14390,3,input,2868,0,0,0,0,-1
0,0,14391,3,input,2870,0,0,0,0,-1
0,0,14392,3,input,2871,0,0,0,0,-1
0,0,14393,3,input,2876,0,0,0,0,-1
0,0,14394,3,input,2878,0,0,0,0,-1
0,0,14395,3,input,2881,0,0,0,0,-1
0,0,14396,3,input,2883,0,0,0,0,-1
0,0,14397,3,input,2884,0,0,0,0,-1
0,0,14398,3,input,2885,0,0,0,0,-1
0,0,14399,3,input,2889,0,0,0,0,-1
0,0,14400,3,input,2890,0,0,0,0,-1
0,0,14401,3,input,2895,0,0,0,0,-1
0,0,14402,3,input,2896,0,0,0,0,-1
0,0,14403,3,input,2900,0,0,0,0,-1
0,0,14404,3,input,2901,0,0,0,0,-1
0,0,14405,3,input,2903,0,0,0,0,-1
0,0,14406,3,input,2904,0,0,0,0,-1
0,0,14407,3,input,2907,0,0,0,0,-1
0,0,14408,3,input,2908,0,0,0,0,-1
0,0,14409,3,input,2910,0,0,0,0,-1
0,0,14410,3,input,2912,0,0,0,0,-1
0,0,14411,3,input,2913,0,0,0,0,-1
0,0,14412,3,input,2921,0,0,0,0,-1
0,0,14413,3,input,2923,0,0,0,0,-1
0,0,14414,3,input,2924,0,0,0,0,-1
0,0,14415,3,input,2925,0,0,0,0,-1
0,0,14416,3,input,2928,0,0,0,0,-1
0,0,14417,3,input,2929,0,0,0,0,-1
0,0,14418,3,input,2931,0,0,0,0,-1
0,0,14419,3,input,2941,0,0,0,0,-1
0,0,14420,3,input,2942,0,0,0,0,-1
0,0,14421,3,input,2943,0,0,0,0,-1
0,0,14422,3,input,2944,0,0,0,0,-1
0,0,14423,3,input,2946,0,0,0,0,-1
0,0,14424,3,input,2947,0,0,0,0,-1
0,0,14425,3,input,2948,0,0,0,0,-1
0,0,14426,3,input,2950,0,0,0,0,-1
0,0,14427,3,input,2953,0,0,0,0,-1
0,0,14428,3,input,2954,0,0,0,0,1
0,0,14429,3,input,2956,0,0,0,0,1
0,0,14430,3,input,2957,0,0,0,0,-1
0,0,14431,3,input,2958,0,0,0,0,-1
0,0,14432,3,input,2959,0,0,0,0,-1
0,0,14433,3,input,2960,0,0,0,0,-1
0,0,14434,3,input,2962,0,0,0,0,-1
0,0,14435,3,input,2967,0,0,0,0,1
0,0,14436,3,input,2968,0,0,0,0,1
0,0,14437,3,input,2972,0,0,0,0,-1
0,0,14438,3,input,2975,0,0,0,0,-1
0,0,14439,3,input,2977,0,0,0,0,-1
0,0,14440,3,input,2978,0,0,0,0,-1
0,0,14441,3,input,2979,0,0,0,0,-1
0,0,14442,3,input,2981,0,0,0,0,-1
0,0,14443,3,input,2982,0,0,0,0,-1
0,0,14444,3,input,2984,0,0,0,0,-1
0,0,14445,3,input,2985,0,0,0,0,-1
0,0,14446,3,input,2986,0,0,0,0,-1
0,0,14447,3,input,2988,0,0,0,0,-1
0,0,14448,3,input,2989,0,0,0,0,-1
0,0,14449,3,input,2996,0,0,0,0,-1
0,0,14450,3,input,2998,0,0,0,0,-1
0,0,14451,3,input,2999,0,0,0,0,-1
0,0,14452,3,input,3000,0,0,0,0,1
0,0,14453,3,input,3002,0,0,0,0,1
0,0,14454,3,input,3004,0,0,0,0,-1
0,0,14455,3,input,3005,0,0,0,0,-1
0,0,14456,3,input,3006,0,0,0,0,-1
0,0,14457,3,input,3008,0,0,0,0,-1
0,0,14458,3,input,3010,0,0,0,0,-1
0,0,14459,3,input,3012,0,0,0,0,-1
0,0,14460,3,input,3013,0,0,0,0,-1
0,0,14461,3,input,3014,0,0,0,0,-1
0,0,14462,3,input,3015,0,0,0,0,-1
0,0,14463,3,input,3016,0,0,0,0,1
0,0,14464,3,input,3017,0,0,0,0,-1
0,0,14465,3,input,3018,0,0,0,0,-1
0,0,14466,3,input,3019,0,0,0,0,1
0,0,14467,3,input,3020,0,0,0,0,-1
0,0,14468,3,input,3021,0,0,0,0,-1
0,0,14469,3,input,3023,0,0,0,0,-1
0,0,14470,3,input,3024,0,0,0,0,-1
0,0,14471,3,input,3026,0,0,0,0,-1
0,0,14472,3,input,3027,0,0,0,0,-1
0,0,14473,3,input,3028,0,0,0,0,-1
0,0,14474,3,input,3029,0,0,0,0,-1
0,0,14475,3,input,3030,0,0,0,0,1
0,0,14476,3,input,3031,0,0,0,0,-1
0,0,14477,3,input,3032,0,0,0,0,1
0,0,14478,3,input,3035,0,0,0,0,-1
0,0,14479,3,input,3036,0,0,0,0,-1
0,0,14480,3,input,3037,0,0,0,0,-1
0,0,14481,3,input,3038,0,0,0,0,-1
0,0,14482,3,input,3043,0,0,0,0,-1
0,0,14483,3,input,3044,0,0,0,0,-1
0,0,14484,3,input,3045,0,0,0,0,-1
0,0,14485,3,input,3048,0,0,0,0,-1
0,0,14486,3,input,3051,0,0,0,0,-1
0,0,14487,3,input,3052,0,0,0,0,-1
0,0,14488,3,input,3053,0,0,0,0,-1
0,0,14489,3,input,3054,0,0,0,0,-1
0,0,14490,3,input,3055,0,0,0,0,-1
0,0,14491,3,input,3056,0,0,0,0,-1
0,0,14492,3,input,3058,0,0,0,0,-1
0,0,14493,3,input,3059,0,0,0,0,-1
0,0,14494,3,input,3060,0,0,0,0,1
0,0,14495,3,input,3061,0,0,0,0,-1
0,0,14496,3,input,3062,0,0,0,0,-1
0,0,14497,3,input,3063,0,0,0,0,-1
0,0,14498,3,input,3065,0,0,0,0,-1
0,0,14499,3,input,3067,0,0,0,0,-1
0,0,14500,3,input,3068,0,0,0,0,-1
0,0,14501,3,input,3069,0,0,0,0,-1
0,0,14502,3,input,3070,0,0,0,0,-1
0,0,14503,3,input,3072,0,0,0,0,-1
0,0,14504,3,input,3073,0,0,0,0,-1
0,0,14505,3,input,3074,0,0,0,0,-1
0,0,14506,3,input,3076,0,0,0,0,-1
0,0,14507,3,input,3077,0,0,0,0,-1
0,0,14508,3,input,3078,0,0,0,0,1
0,0,14509,3,input,3079,0,0,0,0,-1
0,0,14510,3,input,3082,0,0,0,0,1
0,0,14511,3,input,3083,0,0,0,0,-1
0,0,14512,3,input,3085,0,0,0,0,-1
0,0,14513,3,input,3086,0,0,0,0,-1
0,0,14514,3,input,3087,0,0,0,0,-1
0,0,14515,3,input,3088,0,0,0,0,-1
0,0,14516,3,input,3091,0,0,0,0,1
0,0,14517,3,input,3094,0,0,0,0,-1
0,0,14518,3,input,3095,0,0,0,0,-1
0,0,14519,3,input,3097,0,0,0,0,-1
0,0,14520,3,input,3098,0,0,0,0,1
0,0,14521,3,input,3100,0,0,0,0,-1
0,0,14522,3,input,3101,0,0,0,0,1
0,0,14523,3,input,3103,0,0,0,0,1
0,0,14524,3,input,3104,0,0,0,0,-1
0,0,14525,3,input,3108,0,0,0,0,-1
0,0,14526,3,input,3109,0,0,0,0,-1
0,0,14527,3,input,3110,0,0,0,0,1
0,0,14528,3,input,3113,0,0,0,0,-1
0,0,14529,3,input,3114,0,0,0,0,1
0,0,14530,3,input,3118,0,0,0,0,1
0,0,14531,3,input,3119,0,0,0,0,1
0,0,14532,3,input,3123,0,0,0,0,-1
0,0,14533,3,input,3124,0,0,0,0,-1
0,0,14534,3,input,3125,0,0,0,0,-1
0,0,14535,3,input,3127,0,0,0,0,-1
0,0,14536,3,input,3128,0,0,0,0,-1
0,0,14537,3,input,3130,0,0,0,0,-1
0,0,14538,3,input,3131,0,0,0,0,-1
0,0,14539,3,input,3132,0,0,0,0,-1
0,0,14540,3,input,3136,0,0,0,0,-1
0,0,14541,3,input,3137,0,0,0,0,1
0,0,14542,3,input,3138,0,0,0,0,-1
0,0,14543,3,input,3140,0,0,0,0,-1
0,0,14544,3,input,3143,0,0,0,0,-1
0,0,14545,3,input,3144,0,0,0,0,-1
0,0,14546,3,input,3145,0,0,0,0,-1
0,0,14547,3,input,3147,0,0,0,0,-1
0,0,14548,3,input,3148,0,0,0,0,-1
0,0,14549,3,input,3149,0,0,0,0,1
0,0,14550,3,input,3151,0,0,0,0,-1
0,0,14551,3,input,3152,0,0,0,0,1
0,0,14552,3,input,3154,0,0,0,0,-1
0,0,14553,3,input,3155,0,0,0,0,-1
0,0,14554,3,input,3157,0,0,0,0,-1
0,0,14555,3,input,3159,0,0,0,0,-1
0,0,14556,3,input,3160,0,0,0,0,-1
0,0,14557,3,input,3162,0,0,0,0,-1
0,0,14558,3,input,3163,0,0,0,0,1
0,0,14559,3,input,3166,0,0,0,0,-1
0,0,14560,3,input,3170,0,0,0,0,-1
0,0,14561,3,input,3171,0,0,0,0,-1
0,0,14562,3,input,3176,0,0,0,0,-1
0,0,14563,3,input,3179,0,0,0,0,1
0,0,14564,3,input,3180,0,0,0,0,-1
0,0,14565,3,input,3181,0,0,0,0,-1
0,0,14566,3,input,3183,0,0,0,0,-1
0,0,14567,3,input,3185,0,0,0,0,1
0,0,14568,3,input,3186,0,0,0,0,-1
0,0,14569,3,input,3188,0,0,0,0,-1
0,0,14570,3,input,3189,0,0,0,0,-1
0,0,14571,3,input,3190,0,0,0,0,-1
0,0,14572,3,input,3191,0,0,0,0,-1
0,0,14573,3,input,3193,0,0,0,0,1
0,0,14574,3,input,3194,0,0,0,0,-1
0,0,14575,3,input,3197,0,0,0,0,1
0,0,14576,3,input,3198,0,0,0,0,1
0,0,14577,3,input,3203,0,0,0,0,-1
0,0,14578,3,input,3204,0,0,0,0,-1
0,0,14579,3,input,3208,0,0,0,0,-1
0,0,14580,3,input,3209,0,0,0,0,-1
0,0,14581,3,input,3210,0,0,0,0,-1
0,0,14582,3,input,3214,0,0,0,0,-1
0,0,14583,3,input,3218,0,0,0,0,-1
0,0,14584,3,input,3219,0,0,0,0,1
0,0,14585,3,input,3220,0,0,0,0,-1
0,0,14586,3,input,3230,0,0,0,0,1
0,0,14587,3,input,3231,0,0,0,0,1
0,0,14588,3,input,3234,0,0,0,0,-1
0,0,14589,3,input,3237,0,0,0,0,-1
0,0,14590,3,input,3238,0,0,0,0,-1
0,0,14591,3,input,3239,0,0,0,0,-1
0,0,14592,3,input,3240,0,0,0,0,-1
0,0,14593,3,input,3241,0,0,0,0,-1
0,0,14594,3,input,3242,0,0,0,0,-1
0,0,14595,3,input,3243,0,0,0,0,-1
0,0,14596,3,input,3244,0,0,0,0,-1
0,0,14597,3,input,3249,0,0,0,0,1
0,0,14598,3,input,3250,0,0,0,0,-1
0,0,14599,3,input,3251,0,0,0,0,1
0,0,14600,3,input,3253,0,0,0,0,-1
0,0,14601,3,input,3254,0,0,0,0,-1
0,0,14602,3,input,3255,0,0,0,0,-1
0,0,14603,3,input,3257,0,0,0,0,-1
0,0,14604,3,input,3259,0,0,0,0,1
0,0,14605,3,input,3260,0,0,0,0,-1
0,0,14606,3,input,3261,0,0,0,0,-1
0,0,14607,3,input,3262,0,0,0,0,-1
0,0,14608,3,input,3264,0,0,0,0,-1
0,0,14609,3,input,3266,0,0,0,0,-1
0,0,14610,3,input,3268,0,0,0,0,-1
0,0,14611,3,input,3269,0,0,0,0,-1
0,0,14612,3,input,3270,0,0,0,0,-1
0,0,14613,3,input,3273,0,0,0,0,-1
0,0,14614,3,input,3274,0,0,0,0,-1
0,0,14615,3,input,3276,0,0,0,0,-1
0,0,14616,3,input,3277,0,0,0,0,-1
0,0,14617,3,input,3278,0,0,0,0,-1
0,0,14618,3,input,3282,0,0,0,0,-1
0,0,14619,3,input,3283,0,0,0,0,-1
0,0,14620,3,input,3285,0,0,0,0,-1
0,0,14621,3,input,3287,0,0,0,0,-1
0,0,14622,3,input,3291,0,0,0,0,-1
0,0,14623,3,input,3292,0,0,0,0,-1
0,0,14624,3,input,3297,0,0,0,0,-1
0,0,14625,3,input,3298,0,0,0,0,-1
0,0,14626,3,input,3299,0,0,0,0,-1
0,0,14627,3,input,3300,0,0,0,0,-1
0,0,14628,3,input,3301,0,0,0,0,-1
0,0,14629,3,input,3302,0,0,0,0,-1
0,0,14630,3,input,3303,0,0,0,0,1
0,0,14631,3,input,3308,0,0,0,0,-1
0,0,14632,3,input,3310,0,0,0,0,-1
0,0,14633,3,input,3311,0,0,0,0,-1
0,0,14634,3,input,3312,0,0,0,0,-1
0,0,14635,3,input,3316,0,0,0,0,1
0,0,14636,3,input,3317,0,0,0,0,-1
0,0,14637,3,input,3318,0,0,0,0,-1
0,0,14638,3,input,3319,0,0,0,0,-1
0,0,14639,3,input,3320,0,0,0,0,-1
0,0,14640,3,input,3321,0,0,0,0,-1
0,0,14641,3,input,3323,0,0,0,0,-1
0,0,14642,3,input,3324,0,0,0,0,1
0,0,14643,3,input,3326,0,0,0,0,1
0,0,14644,3,input,3327,0,0,0,0,1
0,0,14645,3,input,3330,0,0,0,0,1
0,0,14646,3,input,3331,0,0,0,0,-1
0,0,14647,3,input,3334,0,0,0,0,-1
0,0,14648,3,input,3335,0,0,0,0,1
0,0,14649,3,input,3337,0,0,0,0,-1
0,0,14650,3,input,3339,0,0,0,0,1
0,0,14651,3,input,3340,0,0,0,0,1
0,0,14652,3,input,3344,0,0,0,0,-1
0,0,14653,3,input,3345,0,0,0,0,-1
0,0,14654,3,input,3346,0,0,0,0,-1
0,0,14655,3,input,3347,0,0,0,0,-1
0,0,14656,3,input,3349,0,0,0,0,1
0,0,14657,3,input,3350,0,0,0,0,-1
0,0,14658,3,input,3352,0,0,0,0,-1
0,0,14659,3,input,3353,0,0,0,0,-1
0,0,14660,3,input,3355,0,0,0,0,-1
0,0,14661,3,input,3356,0,0,0,0,1
0,0,14662,3,input,3357,0,0,0,0,-1
0,0,14663,3,input,3358,0,0,0,0,-1
0,0,14664,3,input,3359,0,0,0,0,-1
0,0,14665,3,input,3360,0,0,0,0,-1
0,0,14666,3,input,3361,0,0,0,0,-1
0,0,14667,3,input,3362,0,0,0,0,-1
0,0,14668,3,input,3366,0,0,0,0,-1
0,0,14669,3,input,3367,0,0,0,0,-1
0,0,14670,3,input,3371,0,0,0,0,-1
0,0,14671,3,input,3374,0,0,0,0,-1
0,0,14672,3,input,3377,0,0,0,0,-1
0,0,14673,3,input,3380,0,0,0,0,-1
0,0,14674,3,input,3382,0,0,0,0,-1
0,0,14675,3,input,3384,0,0,0,0,-1
0,0,14676,3,input,3386,0,0,0,0,-1
0,0,14677,3,input,3387,0,0,0,0,1
0,0,14678,3,input,3389,0,0,0,0,-1
0,0,14679,3,input,3390,0,0,0,0,-1
0,0,14680,3,input,3391,0,0,0,0,-1
0,0,14681,3,input,3398,0,0,0,0,-1
0,0,14682,3,input,3399,0,0,0,0,-1
0,0,14683,3,input,3402,0,0,0,0,-1
0,0,14684,3,input,3404,0,0,0,0,1
0,0,14685,3,input,3405,0,0,0,0,-1
0,0,14686,3,input,3412,0,0,0,0,1
0,0,14687,3,input,3413,0,0,0,0,-1
0,0,14688,3,input,3414,0,0,0,0,-1
0,0,14689,3,input,3415,0,0,0,0,1
0,0,14690,3,input,3416,0,0,0,0,-1
0,0,14691,3,input,3417,0,0,0,0,1
0,0,14692,3,input,3419,0,0,0,0,-1
0,0,14693,3,input,3423,0,0,0,0,1
0,0,14694,3,input,3424,0,0,0,0,-1
0,0,14695,3,input,3425,0,0,0,0,-1
0,0,14696,3,input,3426,0,0,0,0,1
0,0,14697,3,input,3427,0,0,0,0,-1
0,0,14698,3,input,3429,0,0,0,0,-1
0,0,14699,3,input,3431,0,0,0,0,-1
0,0,14700,3,input,3432,0,0,0,0,-1
0,0,14701,3,input,3434,0,0,0,0,-1
0,0,14702,3,input,3435,0,0,0,0,1
0,0,14703,3,input,3441,0,0,0,0,-1
0,0,14704,3,input,3444,0,0,0,0,1
0,0,14705,3,input,3445,0,0,0,0,1
0,0,14706,3,input,3446,0,0,0,0,-1
0,0,14707,3,input,3447,0,0,0,0,-1
0,0,14708,3,input,3448,0,0,0,0,-1
0,0,14709,3,input,3451,0,0,0,0,-1
0,0,14710,3,input,3452,0,0,0,0,-1
0,0,14711,3,input,3455,0,0,0,0,1
0,0,14712,3,input,3456,0,0,0,0,1
0,0,14713,3,input,3458,0,0,0,0,1
0,0,14714,3,input,3459,0,0,0,0,-1
0,0,14715,3,input,3462,0,0,0,0,-1
0,0,14716,3,input,3464,0,0,0,0,-1
0,0,14717,3,input,3465,0,0,0,0,-1
0,0,14718,3,input,3466,0,0,0,0,-1
0,0,14719,3,input,3467,0,0,0,0,-1
0,0,14720,3,input,3468,0,0,0,0,-1
0,0,14721,3,input,3470,0,0,0,0,1
0,0,14722,3,input,3472,0,0,0,0,1
0,0,14723,3,input,3473,0,0,0,0,-1
0,0,14724,3,input,3479,0,0,0,0,-1
0,0,14725,3,input,3480,0,0,0,0,-1
0,0,14726,3,input,3482,0,0,0,0,-1
0,0,14727,3,input,3483,0,0,0,0,-1
0,0,14728,3,input,3484,0,0,0,0,-1
0,0,14729,3,input,3486,0,0,0,0,1
0,0,14730,3,input,3489,0,0,0,0,-1
0,0,14731,3,input,3492,0,0,0,0,-1
0,0,14732,3,input,3497,0,0,0,0,-1
0,0,14733,3,input,3498,0,0,0,0,-1
0,0,14734,3,input,3500,0,0,0,0,-1
0,0,14735,3,input,3503,0,0,0,0,-1
0,0,14736,3,input,3504,0,0,0,0,1
0,0,14737,3,input,3506,0,0,0,0,-1
0,0,14738,3,input,3507,0,0,0,0,-1
0,0,14739,3,input,3509,0,0,0,0,-1
0,0,14740,3,input,3510,0,0,0,0,-1
0,0,14741,3,input,3513,0,0,0,0,-1
0,0,14742,3,input,3514,0,0,0,0,-1
0,0,14743,3,input,3518,0,0,0,0,-1
0,0,14744,3,input,3519,0,0,0,0,-1
0,0,14745,3,input,3520,0,0,0,0,-1
0,0,14746,3,input,3522,0,0,0,0,-1
0,0,14747,3,input,3527,0,0,0,0,1
0,0,14748,3,input,3528,0,0,0,0,-1
0,0,14749,3,input,3529,0,0,0,0,-1
0,0,14750,3,input,3530,0,0,0,0,-1
0,0,14751,3,input,3532,0,0,0,0,1
0,0,14752,3,input,3534,0,0,0,0,-1
0,0,14753,3,input,3535,0,0,0,0,-1
0,0,14754,3,input,3537,0,0,0,0,-1
0,0,14755,3,input,3540,0,0,0,0,-1
0,0,14756,3,input,3541,0,0,0,0,1
0,0,14757,3,input,3542,0,0,0,0,-1
0,0,14758,3,input,3544,0,0,0,0,-1
0,0,14759,3,input,3545,0,0,0,0,-1
0,0,14760,3,input,3547,0,0,0,0,-1
0,0,14761,3,input,3549,0,0,0,0,1
0,0,14762,3,input,3551,0,0,0,0,-1
0,0,14763,3,input,3553,0,0,0,0,-1
0,0,14764,3,input,3557,0,0,0,0,-1
0,0,14765,3,input,3558,0,0,0,0,-1
0,0,14766,3,input,3560,0,0,0,0,-1
0,0,14767,3,input,3563,0,0,0,0,1
0,0,14768,3,input,3564,0,0,0,0,1
0,0,14769,3,input,3565,0,0,0,0,1
0,0,14770,3,input,3567,0,0,0,0,-1
0,0,14771,3,input,3569,0,0,0,0,-1
0,0,14772,3,input,3570,0,0,0,0,-1
0,0,14773,3,input,3572,0,0,0,0,1
0,0,14774,3,input,3573,0,0,0,0,-1
0,0,14775,3,input,3574,0,0,0,0,-1
0,0,14776,3,input,3575,0,0,0,0,-1
0,0,14777,3,input,3576,0,0,0,0,-1
0,0,14778,3,input,3577,0,0,0,0,1
0,0,14779,3,input,3579,0,0,0,0,-1
0,0,14780,3,input,3585,0,0,0,0,-1
0,0,14781,3,input,3587,0,0,0,0,-1
0,0,14782,3,input,3592,0,0,0,0,1
0,0,14783,3,input,3593,0,0,0,0,-1
0,0,14784,3,input,3597,0,0,0,0,-1
0,0,14785,3,input,3598,0,0,0,0,-1
0,0,14786,3,input,3600,0,0,0,0,-1
0,0,14787,3,input,3603,0,0,0,0,-1
0,0,14788,3,input,3604,0,0,0,0,-1
0,0,14789,3,input,3605,0,0,0,0,1
0,0,14790,3,input,3606,0,0,0,0,-1
0,0,14791,3,input,3607,0,0,0,0,1
0,0,14792,3,input,3609,0,0,0,0,-1
0,0,14793,3,input,3610,0,0,0,0,1
0,0,14794,3,input,3611,0,0,0,0,-1
0,0,14795,3,input,3614,0,0,0,0,-1
0,0,14796,3,input,3615,0,0,0,0,-1
0,0,14797,3,input,3619,0,0,0,0,-1
0,0,14798,3,input,3621,0,0,0,0,-1
0,0,14799,3,input,3623,0,0,0,0,-1
0,0,14800,3,input,3624,0,0,0,0,1
0,0,14801,3,input,3632,0,0,0,0,-1
0,0,14802,3,input,3634,0,0,0,0,1
0,0,14803,3,input,3635,0,0,0,0,-1
0,0,14804,3,input,3637,0,0,0,0,-1
0,0,14805,3,input,3638,0,0,0,0,-1
0,0,14806,3,input,3640,0,0,0,0,-1
0,0,14807,3,input,3645,0,0,0,0,-1
0,0,14808,3,input,3646,0,0,0,0,-1
0,0,14809,3,input,3647,0,0,0,0,-1
0,0,14810,3,input,3648,0,0,0,0,1
0,0,14811,3,input,3649,0,0,0,0,1
0,0,14812,3,input,3650,0,0,0,0,-1
0,0,14813,3,input,3651,0,0,0,0,-1
0,0,14814,3,input,3652,0,0,0,0,1
0,0,14815,3,input,3653,0,0,0,0,-1
0,0,14816,3,input,3660,0,0,0,0,1
0,0,14817,3,input,3665,0,0,0,0,-1
0,0,14818,3,input,3666,0,0,0,0,-1
0,0,14819,3,input,3667,0,0,0,0,-1
0,0,14820,3,input,3668,0,0,0,0,-1
0,0,14821,3,input,3672,0,0,0,0,-1
0,0,14822,3,input,3673,0,0,0,0,-1
0,0,14823,3,input,3674,0,0,0,0,-1
0,0,14824,3,input,3675,0,0,0,0,-1
0,0,14825,3,input,3677,0,0,0,0,-1
0,0,14826,3,input,3678,0,0,0,0,-1
0,0,14827,3,input,3679,0,0,0,0,-1
0,0,14828,3,input,3681,0,0,0,0,-1
0,0,14829,3,input,3682,0,0,0,0,1
0,0,14830,3,input,3683,0,0,0,0,-1
0,0,14831,3,input,3684,0,0,0,0,-1
0,0,14832,3,input,3687,0,0,0,0,-1
0,0,14833,3,input,3688,0,0,0,0,-1
0,0,14834,3,input,3690,0,0,0,0,-1
0,0,14835,3,input,3691,0,0,0,0,1
0,0,14836,3,input,3692,0,0,0,0,-1
0,0,14837,3,input,3693,0,0,0,0,-1
0,0,14838,3,input,3695,0,0,0,0,-1
0,0,14839,3,input,3697,0,0,0,0,-1
0,0,14840,3,input,3699,0,0,0,0,-1
0,0,14841,3,input,3701,0,0,0,0,-1
0,0,14842,3,input,3703,0,0,0,0,-1
0,0,14843,3,input,3704,0,0,0,0,-1
0,0,14844,3,input,3706,0,0,0,0,1
0,0,14845,3,input,3707,0,0,0,0,-1
0,0,14846,3,input,3715,0,0,0,0,-1
0,0,14847,3,input,3716,0,0,0,0,-1
0,0,14848,3,input,3719,0,0,0,0,-1
0,0,14849,3,input,3720,0,0,0,0,-1
0,0,14850,3,input,3721,0,0,0,0,-1
0,0,14851,3,input,3722,0,0,0,0,-1
0,0,14852,3,input,3723,0,0,0,0,-1
0,0,14853,3,input,3724,0,0,0,0,-1
0,0,14854,3,input,3725,0,0,0,0,-1
0,0,14855,3,input,3728,0,0,0,0,1
0,0,14856,3,input,3731,0,0,0,0,-1
0,0,14857,3,input,3733,0,0,0,0,-1
0,0,14858,3,input,3736,0,0,0,0,-1
0,0,14859,3,input,3740,0,0,0,0,-1
0,0,14860,3,input,3748,0,0,0,0,-1
0,0,14861,3,input,3749,0,0,0,0,-1
0,0,14862,3,input,3750,0,0,0,0,-1
0,0,14863,3,input,3752,0,0,0,0,-1
0,0,14864,3,input,3753,0,0,0,0,-1
0,0,14865,3,input,3754,0,0,0,0,-1
0,0,14866,3,input,3756,0,0,0,0,-1
0,0,14867,3,input,3759,0,0,0,0,-1
0,0,14868,3,input,3760,0,0,0,0,-1
0,0,14869,3,input,3763,0,0,0,0,-1
0,0,14870,3,input,3765,0,0,0,0,-1
0,0,14871,3,input,3766,0,0,0,0,-1
0,0,14872,3,input,3769,0,0,0,0,-1
0,0,14873,3,input,3770,0,0,0,0,-1
0,0,14874,3,input,3776,0,0,0,0,1
0,0,14875,3,input,3780,0,0,0,0,-1
0,0,14876,3,input,3783,0,0,0,0,1
0,0,14877,3,input,3785,0,0,0,0,-1
0,0,14878,3,input,3787,0,0,0,0,-1
0,0,14879,3,input,3791,0,0,0,0,-1
0,0,14880,3,input,3793,0,0,0,0,-1
0,0,14881,3,input,3796,0,0,0,0,-1
0,0,14882,3,input,3798,0,0,0,0,-1
0,0,14883,3,input,3801,0,0,0,0,-1
0,0,14884,3,input,3806,0,0,0,0,-1
0,0,14885,3,input,3807,0,0,0,0,-1
0,0,14886,3,input,3809,0,0,0,0,-1
0,0,14887,3,input,3813,0,0,0,0,-1
0,0,14888,3,input,3819,0,0,0,0,1
0,0,14889,3,input,3822,0,0,0,0,-1
0,0,14890,3,input,3823,0,0,0,0,-1
0,0,14891,3,input,3825,0,0,0,0,-1
0,0,14892,3,input,3826,0,0,0,0,-1
0,0,14893,3,input,3829,0,0,0,0,-1
0,0,14894,3,input,3830,0,0,0,0,-1
0,0,14895,3,input,3836,0,0,0,0,1
0,0,14896,3,input,3837,0,0,0,0,-1
0,0,14897,3,input,3840,0,0,0,0,-1
0,0,14898,3,input,3841,0,0,0,0,-1
0,0,14899,3,input,3842,0,0,0,0,-1
0,0,14900,3,input,3844,0,0,0,0,-1
0,0,14901,3,input,3846,0,0,0,0,-1
0,0,14902,3,input,3848,0,0,0,0,-1
0,0,14903,3,input,3849,0,0,0,0,-1
0,0,14904,3,input,3853,0,0,0,0,-1
0,0,14905,3,input,3854,0,0,0,0,-1
0,0,14906,3,input,3856,0,0,0,0,-1
0,0,14907,3,input,3858,0,0,0,0,-1
0,0,14908,3,input,3860,0,0,0,0,-1
0,0,14909,3,input,3861,0,0,0,0,-1
0,0,14910,3,input,3862,0,0,0,0,-1
0,0,14911,3,input,3863,0,0,0,0,1
0,0,14912,3,input,3869,0,0,0,0,-1
0,0,14913,3,input,3870,0,0,0,0,-1
0,0,14914,3,input,3871,0,0,0,0,-1
0,0,14915,3,input,3874,0,0,0,0,-1
0,0,14916,3,input,3877,0,0,0,0,-1
0,0,14917,3,input,3878,0,0,0,0,-1
0,0,14918,3,input,3880,0,0,0,0,-1
0,0,14919,3,input,3888,0,0,0,0,-1
0,0,14920,3,input,3889,0,0,0,0,-1
0,0,14921,3,input,3891,0,0,0,0,-1
0,0,14922,3,input,3892,0,0,0,0,-1
0,0,14923,3,input,3894,0,0,0,0,-1
0,0,14924,3,input,3895,0,0,0,0,-1
0,0,14925,3,input,3902,0,0,0,0,-1
0,0,14926,3,input,3907,0,0,0,0,-1
0,0,14927,3,input,3908,0,0,0,0,-1
0,0,14928,3,input,3909,0,0,0,0,-1
0,0,14929,3,input,3911,0,0,0,0,-1
0,0,14930,3,input,3913,0,0,0,0,-1
0,0,14931,3,input,3919,0,0,0,0,-1
0,0,14932,3,input,3922,0,0,0,0,-1
0,0,14933,3,input,3924,0,0,0,0,-1
0,0,14934,3,input,3925,0,0,0,0,-1
0,0,14935,3,input,3927,0,0,0,0,-1
0,0,14936,3,input,3931,0,0,0,0,-1
0,0,14937,3,input,3932,0,0,0,0,-1
0,0,14938,3,input,3934,0,0,0,0,-1
0,0,14939,3,input,3939,0,0,0,0,-1
0,0,14940,3,input,3941,0,0,0,0,-1
0,0,14941,3,input,3944,0,0,0,0,-1
0,0,14942,3,input,3945,0,0,0,0,-1
0,0,14943,3,input,3946,0,0,0,0,-1
0,0,14944,3,input,3948,0,0,0,0,-1
0,0,14945,3,input,3949,0,0,0,0,-1
0,0,14946,3,input,3950,0,0,0,0,-1
0,0,14947,3,input,3952,0,0,0,0,-1
0,0,14948,3,input,3955,0,0,0,0,-1
0,0,14949,3,input,3963,0,0,0,0,-1
0,0,14950,3,input,3965,0,0,0,0,-1
0,0,14951,3,input,3966,0,0,0,0,-1
0,0,14952,3,input,3967,0,0,0,0,-1
0,0,14953,3,input,3970,0,0,0,0,-1
0,0,14954,3,input,3972,0,0,0,0,-1
0,0,14955,3,input,3975,0,0,0,0,-1
0,0,14956,3,input,3976,0,0,0,0,-1
0,0,14957,3,input,3979,0,0,0,0,-1
0,0,14958,3,input,3980,0,0,0,0,-1
0,0,14959,3,input,3981,0,0,0,0,-1
0,0,14960,3,input,3982,0,0,0,0,-1
0,0,14961,3,input,3985,0,0,0,0,-1
0,0,14962,3,input,3986,0,0,0,0,-1
0,0,14963,3,input,3990,0,0,0,0,-1
0,0,14964,3,input,3991,0,0,0,0,1
0,0,14965,3,input,3994,0,0,0,0,-1
0,0,14966,3,input,3996,0,0,0,0,-1
0,0,14967,3,input,3999,0,0,0,0,-1
0,0,14968,3,input,4001,0,0,0,0,-1
0,0,14969,3,input,4005,0,0,0,0,-1
0,0,14970,3,input,4006,0,0,0,0,-1
0,0,14971,3,input,4007,0,0,0,0,-1
0,0,14972,3,input,4009,0,0,0,0,-1
0,0,14973,3,input,4011,0,0,0,0,-1
0,0,14974,3,input,4012,0,0,0,0,-1
0,0,14975,3,input,4013,0,0,0,0,-1
0,0,14976,3,input,4014,0,0,0,0,1
0,0,14977,3,input,4015,0,0,0,0,-1
0,0,14978,3,input,4016,0,0,0,0,-1
0,0,14979,3,input,4021,0,0,0,0,-1
0,0,14980,3,input,4022,0,0,0,0,-1
0,0,14981,3,input,4023,0,0,0,0,-1
0,0,14982,3,input,4028,0,0,0,0,-1
0,0,14983,3,input,4030,0,0,0,0,-1
0,0,14984,3,input,4031,0,0,0,0,-1
0,0,14985,3,input,4032,0,0,0,0,-1
0,0,14986,3,input,4036,0,0,0,0,-1
0,0,14987,3,input,4037,0,0,0,0,-1
0,0,14988,3,input,4038,0,0,0,0,-1
0,0,14989,3,input,4041,0,0,0,0,-1
0,0,14990,3,input,4045,0,0,0,0,-1
0,0,14991,3,input,4047,0,0,0,0,-1
0,0,14992,3,input,4051,0,0,0,0,1
0,0,14993,3,input,4052,0,0,0,0,-1
0,0,14994,3,input,4053,0,0,0,0,-1
0,0,14995,3,input,4055,0,0,0,0,-1
0,0,14996,3,input,4056,0,0,0,0,-1
0,0,14997,3,input,4057,0,0,0,0,-1
0,0,14998,3,input,4059,0,0,0,0,-1
0,0,14999,3,input,4060,0,0,0,0,-1
0,0,15000,3,input,4063,0,0,0,0,-1
0,0,15001,3,input,4067,0,0,0,0,-1
0,0,15002,3,input,4068,0,0,0,0,-1
0,0,15003,3,input,4072,0,0,0,0,-1
0,0,15004,3,input,4074,0,0,0,0,-1
0,0,15005,3,input,4075,0,0,0,0,-1
0,0,15006,3,input,4076,0,0,0,0,-1
0,0,15007,3,input,4077,0,0,0,0,-1
0,0,15008,3,input,4079,0,0,0,0,-1
0,0,15009,3,input,4080,0,0,0,0,-1
0,0,15010,3,input,4081,0,0,0,0,-1
0,0,15011,3,input,4082,0,0,0,0,-1
0,0,15012,3,input,4083,0,0,0,0,-1
0,0,15013,3,input,4084,0,0,0,0,1
0,0,15014,3,input,4085,0,0,0,0,-1
0,0,15015,3,input,4088,0,0,0,0,-1
0,0,15016,3,input,4089,0,0,0,0,-1
0,0,15017,3,input,4093,0,0,0,0,-1
0,0,15018,3,input,4094,0,0,0,0,-1
0,0,15019,3,input,4098,0,0,0,0,-1
0,0,15020,3,input,4099,0,0,0,0,-1
0,0,15021,3,input,4100,0,0,0,0,-1
0,0,15022,3,input,4101,0,0,0,0,-1
0,0,15023,3,input,4107,0,0,0,0,-1
0,0,15024,3,input,4108,0,0,0,0,-1
0,0,15025,3,input,4110,0,0,0,0,-1
0,0,15026,3,input,4114,0,0,0,0,1
0,0,15027,3,input,4117,0,0,0,0,-1
0,0,15028,3,input,4118,0,0,0,0,-1
0,0,15029,3,input,4119,0,0,0,0,-1
0,0,15030,3,input,4120,0,0,0,0,-1
0,0,15031,3,input,4121,0,0,0,0,-1
0,0,15032,3,input,4122,0,0,0,0,1
0,0,15033,3,input,4126,0,0,0,0,-1
0,0,15034,3,input,4130,0,0,0,0,-1
0,0,15035,3,input,4132,0,0,0,0,-1
0,0,15036,3,input,4134,0,0,0,0,1
0,0,15037,3,input,4138,0,0,0,0,1
0,0,15038,3,input,4147,0,0,0,0,-1
0,0,15039,3,input,4149,0,0,0,0,-1
0,0,15040,3,input,4152,0,0,0,0,-1
0,0,15041,3,input,4154,0,0,0,0,-1
0,0,15042,3,input,4156,0,0,0,0,-1
0,0,15043,3,input,4158,0,0,0,0,1
0,0,15044,3,input,4162,0,0,0,0,-1
0,0,15045,3,input,4163,0,0,0,0,-1
0,0,15046,3,input,4164,0,0,0,0,-1
0,0,15047,3,input,4167,0,0,0,0,-1
0,0,15048,3,input,4168,0,0,0,0,-1
0,0,15049,3,input,4169,0,0,0,0,-1
0,0,15050,3,input,4171,0,0,0,0,-1
0,0,15051,3,input,4172,0,0,0,0,-1
0,0,15052,3,input,4173,0,0,0,0,1
0,0,15053,3,input,4174,0,0,0,0,-1
0,0,15054,3,input,4175,0,0,0,0,-1
0,0,15055,3,input,4176,0,0,0,0,1
0,0,15056,3,input,4178,0,0,0,0,-1
0,0,15057,3,input,4179,0,0,0,0,-1
0,0,15058,3,input,4182,0,0,0,0,-1
0,0,15059,3,input,4183,0,0,0,0,-1
0,0,15060,3,input,4184,0,0,0,0,-1
0,0,15061,3,input,4185,0,0,0,0,-1
0,0,15062,3,input,4186,0,0,0,0,-1
0,0,15063,3,input,4189,0,0,0,0,1
0,0,15064,3,input,4190,0,0,0,0,-1
0,0,15065,3,input,4191,0,0,0,0,-1
0,0,15066,3,input,4193,0,0,0,0,-1
0,0,15067,3,input,4194,0,0,0,0,-1
0,0,15068,3,input,4198,0,0,0,0,-1
0,0,15069,3,input,4200,0,0,0,0,-1
0,0,15070,3,input,4203,0,0,0,0,1
0,0,15071,3,input,4207,0,0,0,0,-1
0,0,15072,3,input,4208,0,0,0,0,1
0,0,15073,3,input,4210,0,0,0,0,-1
0,0,15074,3,input,4212,0,0,0,0,-1
0,0,15075,3,input,4213,0,0,0,0,-1
0,0,15076,3,input,4214,0,0,0,0,-1
0,0,15077,3,input,4217,0,0,0,0,1
0,0,15078,3,input,4221,0,0,0,0,1
0,0,15079,3,input,4223,0,0,0,0,-1
0,0,15080,3,input,4224,0,0,0,0,-1
0,0,15081,3,input,4226,0,0,0,0,-1
0,0,15082,3,input,4228,0,0,0,0,-1
0,0,15083,3,input,4230,0,0,0,0,1
0,0,15084,3,input,4232,0,0,0,0,1
0,0,15085,3,input,4234,0,0,0,0,-1
0,0,15086,3,input,4235,0,0,0,0,-1
0,0,15087,3,input,4236,0,0,0,0,-1
0,0,15088,3,input,4238,0,0,0,0,-1
0,0,15089,3,input,4243,0,0,0,0,-1
0,0,15090,3,input,4249,0,0,0,0,-1
0,0,15091,3,input,4250,0,0,0,0,1
0,0,15092,3,input,4251,0,0,0,0,1
0,0,15093,3,input,4253,0,0,0,0,1
0,0,15094,3,input,4254,0,0,0,0,-1
0,0,15095,3,input,4256,0,0,0,0,1
0,0,15096,3,input,4258,0,0,0,0,-1
0,0,15097,3,input,4259,0,0,0,0,-1
0,0,15098,3,input,4260,0,0,0,0,-1
0,0,15099,3,input,4266,0,0,0,0,1
0,0,15100,3,input,4268,0,0,0,0,-1
0,0,15101,3,input,4270,0,0,0,0,1
0,0,15102,3,input,4274,0,0,0,0,1
0,0,15103,3,input,4275,0,0,0,0,-1
0,0,15104,3,input,4276,0,0,0,0,-1
0,0,15105,3,input,4277,0,0,0,0,-1
0,0,15106,3,input,4279,0,0,0,0,-1
0,0,15107,3,input,4280,0,0,0,0,-1
0,0,15108,3,input,4283,0,0,0,0,-1
0,0,15109,3,input,4284,0,0,0,0,-1
0,0,15110,3,input,4285,0,0,0,0,-1
0,0,15111,3,input,4286,0,0,0,0,1
0,0,15112,3,input,4287,0,0,0,0,-1
0,0,15113,3,input,4289,0,0,0,0,1
0,0,15114,3,input,4290,0,0,0,0,-1
0,0,15115,3,input,4292,0,0,0,0,-1
0,0,15116,3,input,4297,0,0,0,0,-1
0,0,15117,3,input,4299,0,0,0,0,-1
0,0,15118,3,input,4301,0,0,0,0,1
0,0,15119,3,input,4302,0,0,0,0,-1
0,0,15120,3,input,4303,0,0,0,0,-1
0,0,15121,3,input,4306,0,0,0,0,-1
0,0,15122,3,input,4307,0,0,0,0,-1
0,0,15123,3,input,4311,0,0,0,0,-1
0,0,15124,3,input,4312,0,0,0,0,-1
0,0,15125,3,input,4313,0,0,0,0,-1
0,0,15126,3,input,4314,0,0,0,0,-1
0,0,15127,3,input,4318,0,0,0,0,-1
0,0,15128,3,input,4319,0,0,0,0,-1
0,0,15129,3,input,4321,0,0,0,0,-1
0,0,15130,3,input,4322,0,0,0,0,-1
0,0,15131,3,input,4323,0,0,0,0,-1
0,0,15132,3,input,4324,0,0,0,0,-1
0,0,15133,3,input,4327,0,0,0,0,-1
0,0,15134,3,input,4328,0,0,0,0,-1
0,0,15135,3,input,4330,0,0,0,0,-1
0,0,15136,3,input,4331,0,0,0,0,1
0,0,15137,3,input,4332,0,0,0,0,-1
0,0,15138,3,input,4333,0,0,0,0,-1
0,0,15139,3,input,4335,0,0,0,0,-1
0,0,15140,3,input,4338,0,0,0,0,-1
0,0,15141,3,input,4339,0,0,0,0,-1
0,0,15142,3,input,4340,0,0,0,0,-1
0,0,15143,3,input,4341,0,0,0,0,-1
0,0,15144,3,input,4342,0,0,0,0,-1
0,0,15145,3,input,4343,0,0,0,0,-1
0,0,15146,3,input,4347,0,0,0,0,-1
0,0,15147,3,input,4349,0,0,0,0,1
0,0,15148,3,input,4351,0,0,0,0,-1
0,0,15149,3,input,4352,0,0,0,0,-1
0,0,15150,3,input,4354,0,0,0,0,-1
0,0,15151,3,input,4356,0,0,0,0,-1
0,0,15152,3,input,4357,0,0,0,0,-1
0,0,15153,3,input,4359,0,0,0,0,-1
0,0,15154,3,input,4362,0,0,0,0,1
0,0,15155,3,input,4363,0,0,0,0,-1
0,0,15156,3,input,4364,0,0,0,0,-1
0,0,15157,3,input,4365,0,0,0,0,-1
0,0,15158,3,input,4367,0,0,0,0,-1
0,0,15159,3,input,4368,0,0,0,0,1
0,0,15160,3,input,4369,0,0,0,0,1
0,0,15161,3,input,4370,0,0,0,0,-1
0,0,15162,3,input,4372,0,0,0,0,-1
0,0,15163,3,input,4373,0,0,0,0,-1
0,0,15164,3,input,4376,0,0,0,0,1
0,0,15165,3,input,4377,0,0,0,0,-1
0,0,15166,3,input,4379,0,0,0,0,1
0,0,15167,3,input,4380,0,0,0,0,-1
0,0,15168,3,input,4382,0,0,0,0,-1
0,0,15169,3,input,4385,0,0,0,0,-1
0,0,15170,3,input,4386,0,0,0,0,-1
0,0,15171,3,input,4388,0,0,0,0,-1
0,0,15172,3,input,4392,0,0,0,0,-1
0,0,15173,3,input,4393,0,0,0,0,-1
0,0,15174,3,input,4394,0,0,0,0,-1
0,0,15175,3,input,4395,0,0,0,0,-1
0,0,15176,3,input,4398,0,0,0,0,1
0,0,15177,3,input,4403,0,0,0,0,-1
0,0,15178,3,input,4404,0,0,0,0,-1
0,0,15179,3,input,4405,0,0,0,0,-1
0,0,15180,3,input,4407,0,0,0,0,-1
0,0,15181,3,input,4413,0,0,0,0,-1
0,0,15182,3,input,4416,0,0,0,0,-1
0,0,15183,3,input,4417,0,0,0,0,-1
0,0,15184,3,input,4418,0,0,0,0,-1
0,0,15185,3,input,4419,0,0,0,0,-1
0,0,15186,3,input,4420,0,0,0,0,-1
0,0,15187,3,input,4422,0,0,0,0,-1
0,0,15188,3,input,4425,0,0,0,0,-1
0,0,15189,3,input,4428,0,0,0,0,-1
0,0,15190,3,input,4429,0,0,0,0,-1
0,0,15191,3,input,4431,0,0,0,0,-1
0,0,15192,3,input,4434,0,0,0,0,-1
0,0,15193,3,input,4435,0,0,0,0,-1
0,0,15194,3,input,4439,0,0,0,0,-1
0,0,15195,3,input,4441,0,0,0,0,-1
0,0,15196,3,input,4442,0,0,0,0,-1
0,0,15197,3,input,4443,0,0,0,0,1
0,0,15198,3,input,4446,0,0,0,0,-1
0,0,15199,3,input,4449,0,0,0,0,-1
0,0,15200,3,input,4450,0,0,0,0,-1
0,0,15201,3,input,4452,0,0,0,0,-1
0,0,15202,3,input,4458,0,0,0,0,1
0,0,15203,3,input,4461,0,0,0,0,-1
0,0,15204,3,input,4462,0,0,0,0,-1
0,0,15205,3,input,4463,0,0,0,0,-1
0,0,15206,3,input,4464,0,0,0,0,-1
0,0,15207,3,input,4465,0,0,0,0,1
0,0,15208,3,input,4466,0,0,0,0,-1
0,0,15209,3,input,4468,0,0,0,0,1
0,0,15210,3,input,4469,0,0,0,0,-1
0,0,15211,3,input,4471,0,0,0,0,-1
0,0,15212,3,input,4475,0,0,0,0,-1
0,0,15213,3,input,4476,0,0,0,0,-1
0,0,15214,3,input,4478,0,0,0,0,-1
0,0,15215,3,input,4480,0,0,0,0,-1
0,0,15216,3,input,4481,0,0,0,0,-1
0,0,15217,3,input,4483,0,0,0,0,-1
0,0,15218,3,input,4484,0,0,0,0,-1
0,0,15219,3,input,4486,0,0,0,0,-1
0,0,15220,3,input,4489,0,0,0,0,-1
0,0,15221,3,input,4490,0,0,0,0,-1
0,0,15222,3,input,4492,0,0,0,0,-1
0,0,15223,3,input,4494,0,0,0,0,-1
0,0,15224,3,input,4495,0,0,0,0,1
0,0,15225,3,input,4496,0,0,0,0,-1
0,0,15226,3,input,4497,0,0,0,0,-1
0,0,15227,3,input,4498,0,0,0,0,-1
0,0,15228,3,input,4504,0,0,0,0,-1
0,0,15229,3,input,4505,0,0,0,0,-1
0,0,15230,3,input,4507,0,0,0,0,-1
0,0,15231,3,input,4511,0,0,0,0,-1
0,0,15232,3,input,4514,0,0,0,0,-1
0,0,15233,3,input,4517,0,0,0,0,-1
0,0,15234,3,input,4518,0,0,0,0,-1
0,0,15235,3,input,4523,0,0,0,0,-1
0,0,15236,3,input,4528,0,0,0,0,-1
0,0,15237,3,input,4531,0,0,0,0,-1
0,0,15238,3,input,4533,0,0,0,0,-1
0,0,15239,3,input,4535,0,0,0,0,-1
0,0,15240,3,input,4536,0,0,0,0,-1
0,0,15241,3,input,4537,0,0,0,0,1
0,0,15242,3,input,4538,0,0,0,0,-1
0,0,15243,3,input,4541,0,0,0,0,-1
0,0,15244,3,input,4543,0,0,0,0,-1
0,0,15245,3,input,4545,0,0,0,0,1
0,0,15246,3,input,4549,0,0,0,0,-1
0,0,15247,3,input,4550,0,0,0,0,-1
0,0,15248,3,input,4551,0,0,0,0,-1
0,0,15249,3,input,4554,0,0,0,0,-1
0,0,15250,3,input,4557,0,0,0,0,-1
0,0,15251,3,input,4558,0,0,0,0,-1
0,0,15252,3,input,4562,0,0,0,0,-1
0,0,15253,3,input,4565,0,0,0,0,-1
0,0,15254,3,input,4566,0,0,0,0,-1
0,0,15255,3,input,4568,0,0,0,0,-1
0,0,15256,3,input,4574,0,0,0,0,-1
0,0,15257,3,input,4577,0,0,0,0,-1
0,0,15258,3,input,4579,0,0,0,0,-1
0,0,15259,3,input,4581,0,0,0,0,-1
0,0,15260,3,input,4586,0,0,0,0,-1
0,0,15261,3,input,4588,0,0,0,0,-1
0,0,15262,3,input,4590,0,0,0,0,-1
0,0,15263,3,input,4591,0,0,0,0,-1
0,0,15264,3,input,4593,0,0,0,0,-1
0,0,15265,3,input,4596,0,0,0,0,1
0,0,15266,3,input,4599,0,0,0,0,-1
0,0,15267,3,input,4600,0,0,0,0,-1
0,0,15268,3,input,4604,0,0,0,0,1
0,0,15269,3,input,4609,0,0,0,0,-1
0,0,15270,3,input,4611,0,0,0,0,-1
0,0,15271,3,input,4612,0,0,0,0,-1
0,0,15272,3,input,4613,0,0,0,0,-1
0,0,15273,3,input,4614,0,0,0,0,-1
0,0,15274,3,input,4615,0,0,0,0,-1
0,0,15275,3,input,4616,0,0,0,0,-1
0,0,15276,3,input,4617,0,0,0,0,-1
0,0,15277,3,input,4618,0,0,0,0,1
0,0,15278,3,input,4624,0,0,0,0,-1
0,0,15279,3,input,4626,0,0,0,0,-1
0,0,15280,3,input,4628,0,0,0,0,-1
0,0,15281,3,input,4631,0,0,0,0,1
0,0,15282,3,input,4635,0,0,0,0,-1
0,0,15283,3,input,4636,0,0,0,0,-1
0,0,15284,3,input,4637,0,0,0,0,-1
0,0,15285,3,input,4638,0,0,0,0,1
0,0,15286,3,input,4640,0,0,0,0,-1
0,0,15287,3,input,4644,0,0,0,0,-1
0,0,15288,3,input,4645,0,0,0,0,-1
0,0,15289,3,input,4647,0,0,0,0,-1
0,0,15290,3,input,4648,0,0,0,0,-1
0,0,15291,3,input,4649,0,0,0,0,-1
0,0,15292,3,input,4650,0,0,0,0,-1
0,0,15293,3,input,4652,0,0,0,0,-1
0,0,15294,3,input,4653,0,0,0,0,-1
0,0,15295,3,input,4655,0,0,0,0,1
0,0,15296,3,input,4656,0,0,0,0,-1
0,0,15297,3,input,4658,0,0,0,0,-1
0,0,15298,3,input,4659,0,0,0,0,1
0,0,15299,3,input,4663,0,0,0,0,-1
0,0,15300,3,input,4670,0,0,0,0,-1
0,0,15301,3,input,4672,0,0,0,0,-1
0,0,15302,3,input,4677,0,0,0,0,-1
0,0,15303,3,input,4678,0,0,0,0,-1
0,0,15304,3,input,4679,0,0,0,0,-1
0,0,15305,3,input,4683,0,0,0,0,1
0,0,15306,3,input,4684,0,0,0,0,-1
0,0,15307,3,input,4685,0,0,0,0,-1
0,0,15308,3,input,4686,0,0,0,0,-1
0,0,15309,3,input,4687,0,0,0,0,-1
0,0,15310,3,input,4689,0,0,0,0,-1
0,0,15311,3,input,4690,0,0,0,0,-1
0,0,15312,3,input,4691,0,0,0,0,-1
0,0,15313,3,input,4692,0,0,0,0,-1
0,0,15314,3,input,4693,0,0,0,0,-1
0,0,15315,3,input,4696,0,0,0,0,-1
0,0,15316,3,input,4700,0,0,0,0,-1
0,0,15317,3,input,4703,0,0,0,0,-1
0,0,15318,3,input,4705,0,0,0,0,-1
0,0,15319,3,input,4708,0,0,0,0,-1
0,0,15320,3,input,4716,0,0,0,0,-1
0,0,15321,3,input,4717,0,0,0,0,1
0,0,15322,3,input,4719,0,0,0,0,-1
0,0,15323,3,input,4720,0,0,0,0,-1
0,0,15324,3,input,4726,0,0,0,0,-1
0,0,15325,3,input,4727,0,0,0,0,-1
0,0,15326,3,input,4728,0,0,0,0,-1
0,0,15327,3,input,4730,0,0,0,0,-1
0,0,15328,3,input,4736,0,0,0,0,-1
0,0,15329,3,input,4739,0,0,0,0,-1
0,0,15330,3,input,4740,0,0,0,0,1
0,0,15331,3,input,4742,0,0,0,0,-1
0,0,15332,3,input,4743,0,0,0,0,-1
0,0,15333,3,input,4745,0,0,0,0,-1
0,0,15334,3,input,4746,0,0,0,0,-1
0,0,15335,3,input,4747,0,0,0,0,-1
0,0,15336,3,input,4748,0,0,0,0,-1
0,0,15337,3,input,4749,0,0,0,0,-1
0,0,15338,3,input,4751,0,0,0,0,1
0,0,15339,3,input,4752,0,0,0,0,1
0,0,15340,3,input,4753,0,0,0,0,-1
0,0,15341,3,input,4759,0,0,0,0,1
0,0,15342,3,input,4762,0,0,0,0,-1
0,0,15343,3,input,4764,0,0,0,0,-1
0,0,15344,3,input,4767,0,0,0,0,-1
0,0,15345,3,input,4769,0,0,0,0,-1
0,0,15346,3,input,4771,0,0,0,0,-1
0,0,15347,3,input,4772,0,0,0,0,-1
0,0,15348,3,input,4773,0,0,0,0,-1
0,0,15349,3,input,4774,0,0,0,0,-1
0,0,15350,3,input,4775,0,0,0,0,-1
0,0,15351,3,input,4776,0,0,0,0,-1
0,0,15352,3,input,4777,0,0,0,0,-1
0,0,15353,3,input,4778,0,0,0,0,-1
0,0,15354,3,input,4782,0,0,0,0,-1
0,0,15355,3,input,4786,0,0,0,0,-1
0,0,15356,3,input,4787,0,0,0,0,1
0,0,15357,3,input,4788,0,0,0,0,-1
0,0,15358,3,input,4790,0,0,0,0,-1
0,0,15359,3,input,4791,0,0,0,0,-1
0,0,15360,3,input,4793,0,0,0,0,-1
0,0,15361,3,input,4794,0,0,0,0,-1
0,0,15362,3,input,4797,0,0,0,0,-1
0,0,15363,3,input,4798,0,0,0,0,-1
0,0,15364,3,input,4799,0,0,0,0,-1
0,0,15365,3,input,4800,0,0,0,0,-1
0,0,15366,3,input,4801,0,0,0,0,-1
0,0,15367,3,input,4802,0,0,0,0,-1
0,0,15368,3,input,4805,0,0,0,0,-1
0,0,15369,3,input,4807,0,0,0,0,1
0,0,15370,3,input,4809,0,0,0,0,-1
0,0,15371,3,input,4810,0,0,0,0,-1
0,0,15372,3,input,4813,0,0,0,0,-1
0,0,15373,3,input,4814,0,0,0,0,-1
0,0,15374,3,input,4816,0,0,0,0,-1
0,0,15375,3,input,4818,0,0,0,0,1
0,0,15376,3,input,4819,0,0,0,0,-1
0,0,15377,3,input,4820,0,0,0,0,-1
0,0,15378,3,input,4821,0,0,0,0,1
0,0,15379,3,input,4822,0,0,0,0,-1
0,0,15380,3,input,4824,0,0,0,0,1
0,0,15381,3,input,4825,0,0,0,0,-1
0,0,15382,3,input,4827,0,0,0,0,-1
0,0,15383,3,input,4828,0,0,0,0,-1
0,0,15384,3,input,4831,0,0,0,0,-1
0,0,15385,3,input,4832,0,0,0,0,1
0,0,15386,3,input,4833,0,0,0,0,-1
0,0,15387,3,input,4837,0,0,0,0,-1
0,0,15388,3,input,4839,0,0,0,0,-1
0,0,15389,3,input,4846,0,0,0,0,-1
0,0,15390,3,input,4849,0,0,0,0,-1
0,0,15391,3,input,4850,0,0,0,0,-1
0,0,15392,3,input,4853,0,0,0,0,-1
0,0,15393,3,input,4855,0,0,0,0,-1
0,0,15394,3,input,4856,0,0,0,0,-1
0,0,15395,3,input,4858,0,0,0,0,-1
0,0,15396,3,input,4859,0,0,0,0,-1
0,0,15397,3,input,4860,0,0,0,0,-1
0,0,15398,3,input,4862,0,0,0,0,-1
0,0,15399,3,input,4863,0,0,0,0,-1
0,0,15400,3,input,4864,0,0,0,0,-1
0,0,15401,3,input,4865,0,0,0,0,-1
0,0,15402,3,input,4866,0,0,0,0,-1
0,0,15403,3,input,4876,0,0,0,0,1
0,0,15404,3,input,4877,0,0,0,0,-1
0,0,15405,3,input,4878,0,0,0,0,-1
0,0,15406,3,input,4880,0,0,0,0,-1
0,0,15407,3,input,4882,0,0,0,0,-1
0,0,15408,3,input,4883,0,0,0,0,-1
0,0,15409,3,input,4886,0,0,0,0,-1
0,0,15410,3,input,4887,0,0,0,0,1
0,0,15411,3,input,4891,0,0,0,0,-1
0,0,15412,3,input,4893,0,0,0,0,-1
0,0,15413,3,input,4894,0,0,0,0,-1
0,0,15414,3,input,4895,0,0,0,0,-1
0,0,15415,3,input,4898,0,0,0,0,-1
0,0,15416,3,input,4901,0,0,0,0,-1
0,0,15417,3,input,4902,0,0,0,0,-1
0,0,15418,3,input,4903,0,0,0,0,-1
0,0,15419,3,input,4904,0,0,0,0,-1
0,0,15420,3,input,4910,0,0,0,0,-1
0,0,15421,3,input,4912,0,0,0,0,-1
0,0,15422,3,input,4916,0,0,0,0,-1
0,0,15423,3,input,4918,0,0,0,0,-1
0,0,15424,3,input,4919,0,0,0,0,-1
0,0,15425,3,input,4925,0,0,0,0,-1
0,0,15426,3,input,4928,0,0,0,0,1
0,0,15427,3,input,4930,0,0,0,0,-1
0,0,15428,3,input,4932,0,0,0,0,-1
0,0,15429,3,input,4933,0,0,0,0,-1
0,0,15430,3,input,4934,0,0,0,0,-1
0,0,15431,3,input,4935,0,0,0,0,-1
0,0,15432,3,input,4941,0,0,0,0,-1
0,0,15433,3,input,4943,0,0,0,0,-1
0,0,15434,3,input,4944,0,0,0,0,-1
0,0,15435,3,input,4949,0,0,0,0,-1
0,0,15436,3,input,4951,0,0,0,0,-1
0,0,15437,3,input,4955,0,0,0,0,-1
0,0,15438,3,input,4956,0,0,0,0,-1
0,0,15439,3,input,4957,0,0,0,0,-1
0,0,15440,3,input,4959,0,0,0,0,1
0,0,15441,3,input,4963,0,0,0,0,-1
0,0,15442,3,input,4964,0,0,0,0,-1
0,0,15443,3,input,4965,0,0,0,0,-1
0,0,15444,3,input,4967,0,0,0,0,-1
0,0,15445,3,input,4968,0,0,0,0,-1
0,0,15446,3,input,4970,0,0,0,0,-1
0,0,15447,3,input,4971,0,0,0,0,-1
0,0,15448,3,input,4972,0,0,0,0,-1
0,0,15449,3,input,4973,0,0,0,0,-1
0,0,15450,3,input,4974,0,0,0,0,-1
0,0,15451,3,input,4976,0,0,0,0,-1
0,0,15452,3,input,4977,0,0,0,0,-1
0,0,15453,3,input,4978,0,0,0,0,-1
0,0,15454,3,input,4979,0,0,0,0,-1
0,0,15455,3,input,4984,0,0,0,0,-1
0,0,15456,3,input,4985,0,0,0,0,-1
0,0,15457,3,input,4986,0,0,0,0,-1
0,0,15458,3,input,4987,0,0,0,0,-1
0,0,15459,3,input,4989,0,0,0,0,-1
0,0,15460,3,input,4990,0,0,0,0,-1
0,0,15461,3,input,4991,0,0,0,0,-1
0,0,15462,3,input,4994,0,0,0,0,-1
0,0,15463,3,input,4995,0,0,0,0,-1
0,0,15464,3,input,4998,0,0,0,0,-1
0,0,15465,3,input,4999,0,0,0,0,-1
0,0,15466,3,input,5000,0,0,0,0,-1
0,0,15467,3,input,5001,0,0,0,0,-1
0,0,15468,3,input,5003,0,0,0,0,-1
0,0,15469,3,input,5005,0,0,0,0,-1
0,0,15470,3,input,5006,0,0,0,0,-1
0,0,15471,3,input,5010,0,0,0,0,-1
0,0,15472,3,input,5013,0,0,0,0,-1
0,0,15473,3,input,5016,0,0,0,0,-1
0,0,15474,3,input,5018,0,0,0,0,-1
0,0,15475,3,input,5022,0,0,0,0,-1
0,0,15476,3,input,5023,0,0,0,0,-1
0,0,15477,3,input,5024,0,0,0,0,-1
0,0,15478,3,input,5025,0,0,0,0,-1
0,0,15479,3,input,5026,0,0,0,0,-1
0,0,15480,3,input,5029,0,0,0,0,-1
0,0,15481,3,input,5030,0,0,0,0,-1
0,0,15482,3,input,5031,0,0,0,0,-1
0,0,15483,3,input,5032,0,0,0,0,-1
0,0,15484,3,input,5033,0,0,0,0,-1
0,0,15485,3,input,5035,0,0,0,0,-1
0,0,15486,3,input,5037,0,0,0,0,-1
0,0,15487,3,input,5039,0,0,0,0,-1
0,0,15488,3,input,5040,0,0,0,0,-1
0,0,15489,3,input,5041,0,0,0,0,1
0,0,15490,3,input,5042,0,0,0,0,-1
0,0,15491,3,input,5045,0,0,0,0,-1
0,0,15492,3,input,5048,0,0,0,0,1
0,0,15493,3,input,5054,0,0,0,0,-1
0,0,15494,3,input,5055,0,0,0,0,-1
0,0,15495,3,input,5059,0,0,0,0,1
0,0,15496,3,input,5060,0,0,0,0,-1
0,0,15497,3,input,5061,0,0,0,0,-1
0,0,15498,3,input,5062,0,0,0,0,-1
0,0,15499,3,input,5065,0,0,0,0,-1
0,0,15500,3,input,5069,0,0,0,0,-1
0,0,15501,3,input,5071,0,0,0,0,-1
0,0,15502,3,input,5074,0,0,0,0,-1
0,0,15503,3,input,5076,0,0,0,0,-1
0,0,15504,3,input,5077,0,0,0,0,-1
0,0,15505,3,input,5079,0,0,0,0,-1
0,0,15506,3,input,5080,0,0,0,0,-1
0,0,15507,3,input,5083,0,0,0,0,-1
0,0,15508,3,input,5084,0,0,0,0,-1
0,0,15509,3,input,5085,0,0,0,0,-1
0,0,15510,3,input,5086,0,0,0,0,1
0,0,15511,3,input,5087,0,0,0,0,-1
0,0,15512,3,input,5092,0,0,0,0,-1
0,0,15513,3,input,5094,0,0,0,0,-1
0,0,15514,3,input,5096,0,0,0,0,-1
0,0,15515,3,input,5099,0,0,0,0,-1
0,0,15516,3,input,5101,0,0,0,0,-1
0,0,15517,3,input,5103,0,0,0,0,-1
0,0,15518,3,input,5104,0,0,0,0,-1
0,0,15519,3,input,5107,0,0,0,0,-1
0,0,15520,3,input,5108,0,0,0,0,1
0,0,15521,3,input,5111,0,0,0,0,-1
0,0,15522,3,input,5112,0,0,0,0,-1
0,0,15523,3,input,5113,0,0,0,0,-1
0,0,15524,3,input,5115,0,0,0,0,-1
0,0,15525,3,input,5116,0,0,0,0,-1
0,0,15526,3,input,5117,0,0,0,0,-1
0,0,15527,3,input,5118,0,0,0,0,-1
0,0,15528,3,input,5119,0,0,0,0,1
0,0,15529,3,input,5123,0,0,0,0,-1
0,0,15530,3,input,5125,0,0,0,0,-1
0,0,15531,3,input,5126,0,0,0,0,-1
0,0,15532,3,input,5127,0,0,0,0,1
0,0,15533,3,input,5128,0,0,0,0,-1
0,0,15534,3,input,5129,0,0,0,0,-1
0,0,15535,3,input,5131,0,0,0,0,1
0,0,15536,3,input,5132,0,0,0,0,1
0,0,15537,3,input,5133,0,0,0,0,1
0,0,15538,3,input,5134,0,0,0,0,-1
0,0,15539,3,input,5136,0,0,0,0,-1
0,0,15540,3,input,5137,0,0,0,0,-1
0,0,15541,3,input,5139,0,0,0,0,-1
0,0,15542,3,input,5140,0,0,0,0,-1
0,0,15543,3,input,5142,0,0,0,0,-1
0,0,15544,3,input,5143,0,0,0,0,-1
0,0,15545,3,input,5144,0,0,0,0,-1
0,0,15546,3,input,5145,0,0,0,0,-1
0,0,15547,3,input,5146,0,0,0,0,-1
0,0,15548,3,input,5148,0,0,0,0,1
0,0,15549,3,input,5149,0,0,0,0,-1
0,0,15550,3,input,5150,0,0,0,0,-1
0,0,15551,3,input,5151,0,0,0,0,-1
0,0,15552,3,input,5153,0,0,0,0,1
0,0,15553,3,input,5154,0,0,0,0,-1
0,0,15554,3,input,5155,0,0,0,0,-1
0,0,15555,3,input,5156,0,0,0,0,-1
0,0,15556,3,input,5157,0,0,0,0,1
0,0,15557,3,input,5159,0,0,0,0,-1
0,0,15558,3,input,5160,0,0,0,0,-1
0,0,15559,3,input,5162,0,0,0,0,-1
0,0,15560,3,input,5164,0,0,0,0,-1
0,0,15561,3,input,5165,0,0,0,0,-1
0,0,15562,3,input,5166,0,0,0,0,-1
0,0,15563,3,input,5167,0,0,0,0,-1
0,0,15564,3,input,5168,0,0,0,0,1
0,0,15565,3,input,5169,0,0,0,0,-1
0,0,15566,3,input,5170,0,0,0,0,-1
0,0,15567,3,input,5171,0,0,0,0,-1
0,0,15568,3,input,5173,0,0,0,0,1
0,0,15569,3,input,5175,0,0,0,0,-1
0,0,15570,3,input,5176,0,0,0,0,-1
0,0,15571,3,input,5177,0,0,0,0,-1
0,0,15572,3,input,5178,0,0,0,0,-1
0,0,15573,3,input,5180,0,0,0,0,-1
0,0,15574,3,input,5182,0,0,0,0,-1
0,0,15575,3,input,5185,0,0,0,0,-1
0,0,15576,3,input,5187,0,0,0,0,-1
0,0,15577,3,input,5189,0,0,0,0,-1
0,0,15578,3,input,5191,0,0,0,0,-1
0,0,15579,3,input,5192,0,0,0,0,-1
0,0,15580,3,input,5194,0,0,0,0,-1
0,0,15581,3,input,5196,0,0,0,0,-1
0,0,15582,3,input,5197,0,0,0,0,1
0,0,15583,3,input,5198,0,0,0,0,-1
0,0,15584,3,input,5201,0,0,0,0,-1
0,0,15585,3,input,5203,0,0,0,0,-1
0,0,15586,3,input,5206,0,0,0,0,-1
0,0,15587,3,input,5207,0,0,0,0,1
0,0,15588,3,input,5209,0,0,0,0,1
0,0,15589,3,input,5211,0,0,0,0,-1
0,0,15590,3,input,5212,0,0,0,0,-1
0,0,15591,3,input,5214,0,0,0,0,-1
0,0,15592,3,input,5215,0,0,0,0,-1
0,0,15593,3,input,5217,0,0,0,0,-1
0,0,15594,3,input,5219,0,0,0,0,1
0,0,15595,3,input,5220,0,0,0,0,-1
0,0,15596,3,input,5222,0,0,0,0,-1
0,0,15597,3,input,5226,0,0,0,0,1
0,0,15598,3,input,5227,0,0,0,0,1
0,0,15599,3,input,5230,0,0,0,0,-1
0,0,15600,3,input,5233,0,0,0,0,-1
0,0,15601,3,input,5234,0,0,0,0,1
0,0,15602,3,input,5236,0,0,0,0,-1
0,0,15603,3,input,5237,0,0,0,0,1
0,0,15604,3,input,5238,0,0,0,0,-1
0,0,15605,3,input,5240,0,0,0,0,-1
0,0,15606,3,input,5241,0,0,0,0,1
0,0,15607,3,input,5245,0,0,0,0,1
0,0,15608,3,input,5247,0,0,0,0,-1
0,0,15609,3,input,5249,0,0,0,0,-1
0,0,15610,3,input,5251,0,0,0,0,-1
0,0,15611,3,input,5252,0,0,0,0,-1
0,0,15612,3,input,5254,0,0,0,0,1
0,0,15613,3,input,5255,0,0,0,0,1
0,0,15614,3,input,5256,0,0,0,0,1
0,0,15615,3,input,5258,0,0,0,0,-1
0,0,15616,3,input,5260,0,0,0,0,-1
0,0,15617,3,input,5262,0,0,0,0,-1
0,0,15618,3,input,5264,0,0,0,0,-1
0,0,15619,3,input,5265,0,0,0,0,-1
0,0,15620,3,input,5267,0,0,0,0,-1
0,0,15621,3,input,5269,0,0,0,0,1
0,0,15622,3,input,5270,0,0,0,0,-1
0,0,15623,3,input,5271,0,0,0,0,-1
0,0,15624,3,input,5272,0,0,0,0,-1
0,0,15625,3,input,5273,0,0,0,0,-1
0,0,15626,3,input,5274,0,0,0,0,1
0,0,15627,3,input,5275,0,0,0,0,-1
0,0,15628,3,input,5276,0,0,0,0,1
0,0,15629,3,input,5278,0,0,0,0,-1
0,0,15630,3,input,5282,0,0,0,0,-1
0,0,15631,3,input,5288,0,0,0,0,1
0,0,15632,3,input,5289,0,0,0,0,1
0,0,15633,3,input,5290,0,0,0,0,1
0,0,15634,3,input,5291,0,0,0,0,-1
0,0,15635,3,input,5294,0,0,0,0,1
0,0,15636,3,input,5296,0,0,0,0,-1
0,0,15637,3,input,5297,0,0,0,0,-1
0,0,15638,3,input,5298,0,0,0,0,1
0,0,15639,3,input,5299,0,0,0,0,-1
0,0,15640,3,input,5300,0,0,0,0,-1
0,0,15641,3,input,5301,0,0,0,0,-1
0,0,15642,3,input,5303,0,0,0,0,-1
0,0,15643,3,input,5304,0,0,0,0,-1
0,0,15644,3,input,5305,0,0,0,0,1
0,0,15645,3,input,5306,0,0,0,0,-1
0,0,15646,3,input,5309,0,0,0,0,-1
0,0,15647,3,input,5311,0,0,0,0,-1
0,0,15648,3,input,5312,0,0,0,0,1
0,0,15649,3,input,5313,0,0,0,0,1
0,0,15650,3,input,5316,0,0,0,0,1
0,0,15651,3,input,5319,0,0,0,0,-1
0,0,15652,3,input,5320,0,0,0,0,-1
0,0,15653,3,input,5322,0,0,0,0,-1
0,0,15654,3,input,5324,0,0,0,0,1
0,0,15655,3,input,5325,0,0,0,0,1
0,0,15656,3,input,5326,0,0,0,0,-1
0,0,15657,3,input,5328,0,0,0,0,1
0,0,15658,3,input,5330,0,0,0,0,-1
0,0,15659,3,input,5332,0,0,0,0,1
0,0,15660,3,input,5333,0,0,0,0,-1
0,0,15661,3,input,5334,0,0,0,0,-1
0,0,15662,3,input,5336,0,0,0,0,-1
0,0,15663,3,input,5337,0,0,0,0,-1
0,0,15664,3,input,5338,0,0,0,0,-1
0,0,15665,3,input,5339,0,0,0,0,-1
0,0,15666,3,input,5340,0,0,0,0,1
0,0,15667,3,input,5342,0,0,0,0,-1
0,0,15668,3,input,5343,0,0,0,0,1
0,0,15669,3,input,5345,0,0,0,0,-1
0,0,15670,3,input,5347,0,0,0,0,-1
0,0,15671,3,input,5352,0,0,0,0,-1
0,0,15672,3,input,5354,0,0,0,0,-1
0,0,15673,3,input,5355,0,0,0,0,1
0,0,15674,3,input,5356,0,0,0,0,-1
0,0,15675,3,input,5358,0,0,0,0,-1
0,0,15676,3,input,5359,0,0,0,0,-1
0,0,15677,3,input,5361,0,0,0,0,-1
0,0,15678,3,input,5362,0,0,0,0,-1
0,0,15679,3,input,5363,0,0,0,0,-1
0,0,15680,3,input,5364,0,0,0,0,-1
0,0,15681,3,input,5365,0,0,0,0,-1
0,0,15682,3,input,5366,0,0,0,0,-1
0,0,15683,3,input,5367,0,0,0,0,-1
0,0,15684,3,input,5368,0,0,0,0,-1
0,0,15685,3,input,5369,0,0,0,0,1
0,0,15686,3,input,5371,0,0,0,0,-1
0,0,15687,3,input,5372,0,0,0,0,1
0,0,15688,3,input,5376,0,0,0,0,1
0,0,15689,3,input,5377,0,0,0,0,1
0,0,15690,3,input,5383,0,0,0,0,-1
0,0,15691,3,input,5384,0,0,0,0,-1
0,0,15692,3,input,5385,0,0,0,0,-1
0,0,15693,3,input,5386,0,0,0,0,-1
0,0,15694,3,input,5387,0,0,0,0,-1
0,0,15695,3,input,5388,0,0,0,0,-1
0,0,15696,3,input,5391,0,0,0,0,-1
0,0,15697,3,input,5392,0,0,0,0,1
0,0,15698,3,input,5394,0,0,0,0,1
0,0,15699,3,input,5395,0,0,0,0,-1
0,0,15700,3,input,5396,0,0,0,0,-1
0,0,15701,3,input,5397,0,0,0,0,-1
0,0,15702,3,input,5399,0,0,0,0,-1
0,0,15703,3,input,5400,0,0,0,0,-1
0,0,15704,3,input,5401,0,0,0,0,-1
0,0,15705,3,input,5402,0,0,0,0,-1
0,0,15706,3,input,5405,0,0,0,0,-1
0,0,15707,3,input,5409,0,0,0,0,1
0,0,15708,3,input,5410,0,0,0,0,-1
0,0,15709,3,input,5412,0,0,0,0,-1
0,0,15710,3,input,5415,0,0,0,0,1
0,0,15711,3,input,5417,0,0,0,0,-1
0,0,15712,3,input,5418,0,0,0,0,1
0,0,15713,3,input,5420,0,0,0,0,-1
0,0,15714,3,input,5422,0,0,0,0,1
0,0,15715,3,input,5423,0,0,0,0,-1
0,0,15716,3,input,5425,0,0,0,0,1
0,0,15717,3,input,5426,0,0,0,0,-1
0,0,15718,3,input,5427,0,0,0,0,-1
0,0,15719,3,input,5428,0,0,0,0,-1
0,0,15720,3,input,5430,0,0,0,0,1
0,0,15721,3,input,5432,0,0,0,0,-1
0,0,15722,3,input,5434,0,0,0,0,-1
0,0,15723,3,input,5435,0,0,0,0,-1
0,0,15724,3,input,5436,0,0,0,0,-1
0,0,15725,3,input,5437,0,0,0,0,1
0,0,15726,3,input,5438,0,0,0,0,1
0,0,15727,3,input,5439,0,0,0,0,-1
0,0,15728,3,input,5442,0,0,0,0,1
0,0,15729,3,input,5443,0,0,0,0,-1
0,0,15730,3,input,5444,0,0,0,0,-1
0,0,15731,3,input,5447,0,0,0,0,1
0,0,15732,3,input,5448,0,0,0,0,-1
0,0,15733,3,input,5449,0,0,0,0,-1
0,0,15734,3,input,5450,0,0,0,0,1
0,0,15735,3,input,5451,0,0,0,0,-1
0,0,15736,3,input,5452,0,0,0,0,-1
0,0,15737,3,input,5453,0,0,0,0,1
0,0,15738,3,input,5454,0,0,0,0,-1
0,0,15739,3,input,5455,0,0,0,0,-1
0,0,15740,3,input,5456,0,0,0,0,1
0,0,15741,3,input,5457,0,0,0,0,-1
0,0,15742,3,input,5460,0,0,0,0,-1
0,0,15743,3,input,5461,0,0,0,0,1
0,0,15744,3,input,5464,0,0,0,0,-1
0,0,15745,3,input,5465,0,0,0,0,-1
0,0,15746,3,input,5466,0,0,0,0,-1
0,0,15747,3,input,5467,0,0,0,0,1
0,0,15748,3,input,5469,0,0,0,0,1
0,0,15749,3,input,5470,0,0,0,0,-1
0,0,15750,3,input,5471,0,0,0,0,-1
0,0,15751,3,input,5472,0,0,0,0,-1
0,0,15752,3,input,5473,0,0,0,0,-1
0,0,15753,3,input,5475,0,0,0,0,1
0,0,15754,3,input,5476,0,0,0,0,-1
0,0,15755,3,input,5477,0,0,0,0,1
0,0,15756,3,input,5478,0,0,0,0,-1
0,0,15757,3,input,5480,0,0,0,0,-1
0,0,15758,3,input,5481,0,0,0,0,-1
0,0,15759,3,input,5482,0,0,0,0,1
0,0,15760,3,input,5483,0,0,0,0,1
0,0,15761,3,input,5484,0,0,0,0,1
0,0,15762,3,input,5486,0,0,0,0,1
0,0,15763,3,input,5487,0,0,0,0,-1
0,0,15764,3,input,5489,0,0,0,0,-1
0,0,15765,3,input,5490,0,0,0,0,-1
0,0,15766,3,input,5491,0,0,0,0,-1
0,0,15767,3,input,5492,0,0,0,0,-1
0,0,15768,3,input,5493,0,0,0,0,-1
0,0,15769,3,input,5494,0,0,0,0,-1
0,0,15770,3,input,5495,0,0,0,0,-1
0,0,15771,3,input,5497,0,0,0,0,1
0,0,15772,3,input,5499,0,0,0,0,-1
0,0,15773,3,input,5503,0,0,0,0,-1
0,0,15774,3,input,5504,0,0,0,0,1
0,0,15775,3,input,5510,0,0,0,0,-1
0,0,15776,3,input,5511,0,0,0,0,-1
0,0,15777,3,input,5512,0,0,0,0,-1
0,0,15778,3,input,5514,0,0,0,0,1
0,0,15779,3,input,5515,0,0,0,0,-1
0,0,15780,3,input,5516,0,0,0,0,1
0,0,15781,3,input,5518,0,0,0,0,1
0,0,15782,3,input,5519,0,0,0,0,-1
0,0,15783,3,input,5521,0,0,0,0,-1
0,0,15784,3,input,5522,0,0,0,0,1
0,0,15785,3,input,5524,0,0,0,0,-1
0,0,15786,3,input,5525,0,0,0,0,1
0,0,15787,3,input,5527,0,0,0,0,-1
0,0,15788,3,input,5528,0,0,0,0,1
0,0,15789,3,input,5529,0,0,0,0,-1
0,0,15790,3,input,5534,0,0,0,0,-1
0,0,15791,3,input,5535,0,0,0,0,-1
0,0,15792,3,input,5536,0,0,0,0,-1
0,0,15793,3,input,5538,0,0,0,0,-1
0,0,15794,3,input,5539,0,0,0,0,-1
0,0,15795,3,input,5540,0,0,0,0,-1
0,0,15796,3,input,5541,0,0,0,0,1
0,0,15797,3,input,5544,0,0,0,0,-1
0,0,15798,3,input,5545,0,0,0,0,-1
0,0,15799,3,input,5546,0,0,0,0,-1
0,0,15800,3,input,5548,0,0,0,0,-1
0,0,15801,3,input,5549,0,0,0,0,-1
0,0,15802,3,input,5550,0,0,0,0,-1
0,0,15803,3,input,5552,0,0,0,0,1
0,0,15804,3,input,5553,0,0,0,0,-1
0,0,15805,3,input,5554,0,0,0,0,-1
0,0,15806,3,input,5555,0,0,0,0,-1
0,0,15807,3,input,5557,0,0,0,0,1
0,0,15808,3,input,5559,0,0,0,0,-1
0,0,15809,3,input,5561,0,0,0,0,-1
0,0,15810,3,input,5562,0,0,0,0,1
0,0,15811,3,input,5563,0,0,0,0,-1
0,0,15812,3,input,5565,0,0,0,0,1
0,0,15813,3,input,5566,0,0,0,0,-1
0,0,15814,3,input,5568,0,0,0,0,-1
0,0,15815,3,input,5569,0,0,0,0,-1
0,0,15816,3,input,5570,0,0,0,0,-1
0,0,15817,3,input,5571,0,0,0,0,-1
0,0,15818,3,input,5572,0,0,0,0,-1
0,0,15819,3,input,5573,0,0,0,0,-1
0,0,15820,3,input,5575,0,0,0,0,1
0,0,15821,3,input,5578,0,0,0,0,-1
0,0,15822,3,input,5580,0,0,0,0,-1
0,0,15823,3,input,5581,0,0,0,0,1
0,0,15824,3,input,5582,0,0,0,0,-1
0,0,15825,3,input,5583,0,0,0,0,-1
0,0,15826,3,input,5584,0,0,0,0,-1
0,0,15827,3,input,5585,0,0,0,0,-1
0,0,15828,3,input,5586,0,0,0,0,-1
0,0,15829,3,input,5587,0,0,0,0,-1
0,0,15830,3,input,5588,0,0,0,0,-1
0,0,15831,3,input,5589,0,0,0,0,1
0,0,15832,3,input,5590,0,0,0,0,-1
0,0,15833,3,input,5591,0,0,0,0,-1
0,0,15834,3,input,5592,0,0,0,0,1
0,0,15835,3,input,5596,0,0,0,0,-1
0,0,15836,3,input,5598,0,0,0,0,-1
0,0,15837,3,input,5599,0,0,0,0,-1
0,0,15838,3,input,5600,0,0,0,0,-1
0,0,15839,3,input,5602,0,0,0,0,-1
0,0,15840,3,input,5604,0,0,0,0,-1
0,0,15841,3,input,5605,0,0,0,0,1
0,0,15842,3,input,5608,0,0,0,0,-1
0,0,15843,3,input,5610,0,0,0,0,1
0,0,15844,3,input,5611,0,0,0,0,1
0,0,15845,3,input,5612,0,0,0,0,1
0,0,15846,3,input,5613,0,0,0,0,1
0,0,15847,3,input,5614,0,0,0,0,1
0,0,15848,3,input,5615,0,0,0,0,-1
0,0,15849,3,input,5618,0,0,0,0,1
0,0,15850,3,input,5619,0,0,0,0,-1
0,0,15851,3,input,5620,0,0,0,0,-1
0,0,15852,3,input,5622,0,0,0,0,-1
0,0,15853,3,input,5623,0,0,0,0,-1
0,0,15854,3,input,5625,0,0,0,0,1
0,0,15855,3,input,5627,0,0,0,0,-1
0,0,15856,3,input,5628,0,0,0,0,-1
0,0,15857,3,input,5630,0,0,0,0,-1
0,0,15858,3,input,5631,0,0,0,0,-1
0,0,15859,3,input,5632,0,0,0,0,1
0,0,15860,3,input,5634,0,0,0,0,1
0,0,15861,3,input,5636,0,0,0,0,-1
0,0,15862,3,input,5638,0,0,0,0,-1
0,0,15863,3,input,5639,0,0,0,0,-1
0,0,15864,3,input,5640,0,0,0,0,-1
0,0,15865,3,input,5642,0,0,0,0,-1
0,0,15866,3,input,5643,0,0,0,0,-1
0,0,15867,3,input,5644,0,0,0,0,-1
0,0,15868,3,input,5645,0,0,0,0,-1
0,0,15869,3,input,5648,0,0,0,0,1
0,0,15870,3,input,5649,0,0,0,0,-1
0,0,15871,3,input,5652,0,0,0,0,-1
0,0,15872,3,input,5655,0,0,0,0,1
0,0,15873,3,input,5658,0,0,0,0,-1
0,0,15874,3,input,5660,0,0,0,0,-1
0,0,15875,3,input,5667,0,0,0,0,-1
0,0,15876,3,input,5670,0,0,0,0,-1
0,0,15877,3,input,5671,0,0,0,0,1
0,0,15878,3,input,5672,0,0,0,0,-1
0,0,15879,3,input,5674,0,0,0,0,-1
0,0,15880,3,input,5675,0,0,0,0,1
0,0,15881,3,input,5676,0,0,0,0,-1
0,0,15882,3,input,5677,0,0,0,0,-1
0,0,15883,3,input,5680,0,0,0,0,-1
0,0,15884,3,input,5683,0,0,0,0,-1
0,0,15885,3,input,5685,0,0,0,0,-1
0,0,15886,3,input,5687,0,0,0,0,-1
0,0,15887,3,input,5688,0,0,0,0,-1
0,0,15888,3,input,5689,0,0,0,0,-1
0,0,15889,3,input,5692,0,0,0,0,-1
0,0,15890,3,input,5698,0,0,0,0,-1
0,0,15891,3,input,5699,0,0,0,0,-1
0,0,15892,3,input,5701,0,0,0,0,-1
0,0,15893,3,input,5703,0,0,0,0,1
0,0,15894,3,input,5706,0,0,0,0,-1
0,0,15895,3,input,5708,0,0,0,0,-1
0,0,15896,3,input,5709,0,0,0,0,1
0,0,15897,3,input,5710,0,0,0,0,-1
0,0,15898,3,input,5712,0,0,0,0,-1
0,0,15899,3,input,5713,0,0,0,0,-1
0,0,15900,3,input,5715,0,0,0,0,-1
0,0,15901,3,input,5716,0,0,0,0,-1
0,0,15902,3,input,5718,0,0,0,0,-1
0,0,15903,3,input,5719,0,0,0,0,-1
0,0,15904,3,input,5721,0,0,0,0,-1
0,0,15905,3,input,5724,0,0,0,0,-1
0,0,15906,3,input,5726,0,0,0,0,-1
0,0,15907,3,input,5727,0,0,0,0,-1
0,0,15908,3,input,5728,0,0,0,0,-1
0,0,15909,3,input,5731,0,0,0,0,-1
0,0,15910,3,input,5732,0,0,0,0,-1
0,0,15911,3,input,5735,0,0,0,0,-1
0,0,15912,3,input,5737,0,0,0,0,-1
0,0,15913,3,input,5741,0,0,0,0,1
0,0,15914,3,input,5743,0,0,0,0,-1
0,0,15915,3,input,5747,0,0,0,0,-1
0,0,15916,3,input,5748,0,0,0,0,-1
0,0,15917,3,input,5749,0,0,0,0,-1
0,0,15918,3,input,5750,0,0,0,0,-1
0,0,15919,3,input,5751,0,0,0,0,-1
0,0,15920,3,input,5752,0,0,0,0,-1
0,0,15921,3,input,5753,0,0,0,0,1
0,0,15922,3,input,5756,0,0,0,0,1
0,0,15923,3,input,5759,0,0,0,0,-1
0,0,15924,3,input,5761,0,0,0,0,-1
0,0,15925,3,input,5763,0,0,0,0,1
0,0,15926,3,input,5766,0,0,0,0,-1
0,0,15927,3,input,5767,0,0,0,0,-1
0,0,15928,3,input,5768,0,0,0,0,-1
0,0,15929,3,input,5770,0,0,0,0,-1
0,0,15930,3,input,5773,0,0,0,0,-1
0,0,15931,3,input,5776,0,0,0,0,-1
0,0,15932,3,input,5778,0,0,0,0,-1
0,0,15933,3,input,5780,0,0,0,0,-1
0,0,15934,3,input,5781,0,0,0,0,-1
0,0,15935,3,input,5783,0,0,0,0,1
0,0,15936,3,input,5788,0,0,0,0,-1
0,0,15937,3,input,5789,0,0,0,0,-1
0,0,15938,3,input,5791,0,0,0,0,-1
0,0,15939,3,input,5794,0,0,0,0,-1
0,0,15940,3,input,5797,0,0,0,0,-1
0,0,15941,3,input,5798,0,0,0,0,-1
0,0,15942,3,input,5799,0,0,0,0,1
0,0,15943,3,input,5800,0,0,0,0,-1
0,0,15944,3,input,5801,0,0,0,0,-1
0,0,15945,3,input,5803,0,0,0,0,1
0,0,15946,3,input,5804,0,0,0,0,-1
0,0,15947,3,input,5805,0,0,0,0,-1
0,0,15948,3,input,5806,0,0,0,0,1
0,0,15949,3,input,5807,0,0,0,0,-1
0,0,15950,3,input,5809,0,0,0,0,-1
0,0,15951,3,input,5812,0,0,0,0,-1
0,0,15952,3,input,5814,0,0,0,0,-1
0,0,15953,3,input,5815,0,0,0,0,-1
0,0,15954,3,input,5816,0,0,0,0,-1
0,0,15955,3,input,5817,0,0,0,0,1
0,0,15956,3,input,5820,0,0,0,0,-1
0,0,15957,3,input,5822,0,0,0,0,-1
0,0,15958,3,input,5824,0,0,0,0,-1
0,0,15959,3,input,5827,0,0,0,0,-1
0,0,15960,3,input,5829,0,0,0,0,-1
0,0,15961,3,input,5830,0,0,0,0,1
0,0,15962,3,input,5831,0,0,0,0,-1
0,0,15963,3,input,5832,0,0,0,0,1
0,0,15964,3,input,5837,0,0,0,0,1
0,0,15965,3,input,5838,0,0,0,0,-1
0,0,15966,3,input,5840,0,0,0,0,-1
0,0,15967,3,input,5843,0,0,0,0,-1
0,0,15968,3,input,5844,0,0,0,0,-1
0,0,15969,3,input,5845,0,0,0,0,-1
0,0,15970,3,input,5847,0,0,0,0,-1
0,0,15971,3,input,5848,0,0,0,0,-1
0,0,15972,3,input,5851,0,0,0,0,-1
0,0,15973,3,input,5854,0,0,0,0,-1
0,0,15974,3,input,5855,0,0,0,0,-1
0,0,15975,3,input,5856,0,0,0,0,-1
0,0,15976,3,input,5859,0,0,0,0,-1
0,0,15977,3,input,5861,0,0,0,0,-1
0,0,15978,3,input,5862,0,0,0,0,1
0,0,15979,3,input,5864,0,0,0,0,-1
0,0,15980,3,input,5865,0,0,0,0,-1
0,0,15981,3,input,5867,0,0,0,0,-1
0,0,15982,3,input,5868,0,0,0,0,-1
0,0,15983,3,input,5873,0,0,0,0,-1
0,0,15984,3,input,5874,0,0,0,0,-1
0,0,15985,3,input,5875,0,0,0,0,-1
0,0,15986,3,input,5876,0,0,0,0,-1
0,0,15987,3,input,5877,0,0,0,0,-1
0,0,15988,3,input,5878,0,0,0,0,-1
0,0,15989,3,input,5879,0,0,0,0,-1
0,0,15990,3,input,5884,0,0,0,0,-1
0,0,15991,3,input,5885,0,0,0,0,-1
0,0,15992,3,input,5887,0,0,0,0,-1
0,0,15993,3,input,5888,0,0,0,0,-1
0,0,15994,3,input,5890,0,0,0,0,1
0,0,15995,3,input,5891,0,0,0,0,1
0,0,15996,3,input,5892,0,0,0,0,-1
0,0,15997,3,input,5897,0,0,0,0,-1
0,0,15998,3,input,5903,0,0,0,0,-1
0,0,15999,3,input,5904,0,0,0,0,-1
0,0,16000,3,input,5908,0,0,0,0,-1
0,0,16001,3,input,5911,0,0,0,0,1
0,0,16002,3,input,5912,0,0,0,0,1
0,0,16003,3,input,5916,0,0,0,0,-1
0,0,16004,3,input,5917,0,0,0,0,-1
0,0,16005,3,input,5918,0,0,0,0,-1
0,0,16006,3,input,5919,0,0,0,0,-1
0,0,16007,3,input,5923,0,0,0,0,-1
0,0,16008,3,input,5924,0,0,0,0,-1
0,0,16009,3,input,5927,0,0,0,0,1
0,0,16010,3,input,5928,0,0,0,0,-1
0,0,16011,3,input,5929,0,0,0,0,-1
0,0,16012,3,input,5931,0,0,0,0,1
0,0,16013,3,input,5932,0,0,0,0,-1
0,0,16014,3,input,5933,0,0,0,0,-1
0,0,16015,3,input,5935,0,0,0,0,-1
0,0,16016,3,input,5937,0,0,0,0,-1
0,0,16017,3,input,5940,0,0,0,0,-1
0,0,16018,3,input,5941,0,0,0,0,1
0,0,16019,3,input,5943,0,0,0,0,-1
0,0,16020,3,input,5944,0,0,0,0,-1
0,0,16021,3,input,5946,0,0,0,0,1
0,0,16022,3,input,5948,0,0,0,0,-1
0,0,16023,3,input,5950,0,0,0,0,-1
0,0,16024,3,input,5952,0,0,0,0,-1
0,0,16025,3,input,5955,0,0,0,0,-1
0,0,16026,3,input,5957,0,0,0,0,-1
0,0,16027,3,input,5958,0,0,0,0,1
0,0,16028,3,input,5959,0,0,0,0,-1
0,0,16029,3,input,5964,0,0,0,0,-1
0,0,16030,3,input,5965,0,0,0,0,1
0,0,16031,3,input,5966,0,0,0,0,-1
0,0,16032,3,input,5967,0,0,0,0,-1
0,0,16033,3,input,5968,0,0,0,0,-1
0,0,16034,3,input,5970,0,0,0,0,-1
0,0,16035,3,input,5971,0,0,0,0,-1
0,0,16036,3,input,5972,0,0,0,0,-1
0,0,16037,3,input,5975,0,0,0,0,-1
0,0,16038,3,input,5979,0,0,0,0,-1
0,0,16039,3,input,5982,0,0,0,0,-1
0,0,16040,3,input,5984,0,0,0,0,-1
0,0,16041,3,input,5987,0,0,0,0,-1
0,0,16042,3,input,5990,0,0,0,0,1
0,0,16043,3,input,5993,0,0,0,0,-1
0,0,16044,3,input,5996,0,0,0,0,-1
0,0,16045,3,input,5999,0,0,0,0,-1
0,0,16046,3,input,6002,0,0,0,0,-1
0,0,16047,3,input,6003,0,0,0,0,-1
0,0,16048,3,input,6004,0,0,0,0,-1
0,0,16049,3,input,6006,0,0,0,0,-1
0,0,16050,3,input,6008,0,0,0,0,-1
0,0,16051,3,input,6009,0,0,0,0,1
0,0,16052,3,input,6012,0,0,0,0,-1
0,0,16053,3,input,6013,0,0,0,0,-1
0,0,16054,3,input,6014,0,0,0,0,-1
0,0,16055,3,input,6015,0,0,0,0,-1
0,0,16056,3,input,6018,0,0,0,0,1
0,0,16057,3,input,6020,0,0,0,0,-1
0,0,16058,3,input,6022,0,0,0,0,-1
0,0,16059,3,input,6024,0,0,0,0,-1
0,0,16060,3,input,6025,0,0,0,0,-1
0,0,16061,3,input,6026,0,0,0,0,-1
0,0,16062,3,input,6027,0,0,0,0,1
0,0,16063,3,input,6028,0,0,0,0,-1
0,0,16064,3,input,6029,0,0,0,0,-1
0,0,16065,3,input,6031,0,0,0,0,-1
0,0,16066,3,input,6034,0,0,0,0,-1
0,0,16067,3,input,6036,0,0,0,0,-1
0,0,16068,3,input,6037,0,0,0,0,-1
0,0,16069,3,input,6038,0,0,0,0,1
0,0,16070,3,input,6039,0,0,0,0,1
0,0,16071,3,input,6044,0,0,0,0,-1
0,0,16072,3,input,6045,0,0,0,0,-1
0,0,16073,3,input,6046,0,0,0,0,-1
0,0,16074,3,input,6049,0,0,0,0,1
0,0,16075,3,input,6050,0,0,0,0,-1
0,0,16076,3,input,6051,0,0,0,0,-1
0,0,16077,3,input,6052,0,0,0,0,-1
0,0,16078,3,input,6053,0,0,0,0,-1
0,0,16079,3,input,6054,0,0,0,0,-1
0,0,16080,3,input,6055,0,0,0,0,1
0,0,16081,3,input,6056,0,0,0,0,-1
0,0,16082,3,input,6057,0,0,0,0,-1
0,0,16083,3,input,6058,0,0,0,0,-1
0,0,16084,3,input,6059,0,0,0,0,1
0,0,16085,3,input,6060,0,0,0,0,-1
0,0,16086,3,input,6061,0,0,0,0,-1
0,0,16087,3,input,6063,0,0,0,0,-1
0,0,16088,3,input,6064,0,0,0,0,-1
0,0,16089,3,input,6065,0,0,0,0,-1
0,0,16090,3,input,6067,0,0,0,0,-1
0,0,16091,3,input,6068,0,0,0,0,-1
0,0,16092,3,input,6071,0,0,0,0,-1
0,0,16093,3,input,6072,0,0,0,0,-1
0,0,16094,3,input,6075,0,0,0,0,1
0,0,16095,3,input,6076,0,0,0,0,-1
0,0,16096,3,input,6083,0,0,0,0,-1
0,0,16097,3,input,6085,0,0,0,0,-1
0,0,16098,3,input,6086,0,0,0,0,1
0,0,16099,3,input,6090,0,0,0,0,-1
0,0,16100,3,input,6092,0,0,0,0,-1
0,0,16101,3,input,6093,0,0,0,0,1
0,0,16102,3,input,6094,0,0,0,0,-1
0,0,16103,3,input,6096,0,0,0,0,-1
0,0,16104,3,input,6097,0,0,0,0,1
0,0,16105,3,input,6098,0,0,0,0,-1
0,0,16106,3,input,6099,0,0,0,0,-1
0,0,16107,3,input,6100,0,0,0,0,-1
0,0,16108,3,input,6101,0,0,0,0,-1
0,0,16109,3,input,6102,0,0,0,0,-1
0,0,16110,3,input,6106,0,0,0,0,-1
0,0,16111,3,input,6107,0,0,0,0,-1
0,0,16112,3,input,6108,0,0,0,0,-1
0,0,16113,3,input,6109,0,0,0,0,1
0,0,16114,3,input,6110,0,0,0,0,-1
0,0,16115,3,input,6112,0,0,0,0,-1
0,0,16116,3,input,6113,0,0,0,0,-1
0,0,16117,3,input,6115,0,0,0,0,-1
0,0,16118,3,input,6117,0,0,0,0,-1
0,0,16119,3,input,6118,0,0,0,0,1
0,0,16120,3,input,6122,0,0,0,0,1
0,0,16121,3,input,6124,0,0,0,0,-1
0,0,16122,3,input,6126,0,0,0,0,-1
0,0,16123,3,input,6130,0,0,0,0,-1
0,0,16124,3,input,6131,0,0,0,0,-1
0,0,16125,3,input,6132,0,0,0,0,-1
0,0,16126,3,input,6133,0,0,0,0,-1
0,0,16127,3,input,6134,0,0,0,0,-1
0,0,16128,3,input,6136,0,0,0,0,-1
0,0,16129,3,input,6141,0,0,0,0,-1
0,0,16130,3,input,6142,0,0,0,0,-1
0,0,16131,3,input,6143,0,0,0,0,-1
0,0,16132,3,input,6144,0,0,0,0,-1
0,0,16133,3,input,6146,0,0,0,0,-1
0,0,16134,3,input,6147,0,0,0,0,1
0,0,16135,3,input,6149,0,0,0,0,-1
0,0,16136,3,input,6151,0,0,0,0,-1
0,0,16137,3,input,6159,0,0,0,0,-1
0,0,16138,3,input,6161,0,0,0,0,-1
0,0,16139,3,input,6163,0,0,0,0,-1
0,0,16140,3,input,6164,0,0,0,0,-1
0,0,16141,3,input,6166,0,0,0,0,-1
0,0,16142,3,input,6167,0,0,0,0,1
0,0,16143,3,input,6168,0,0,0,0,1
0,0,16144,3,input,6169,0,0,0,0,-1
0,0,16145,3,input,6171,0,0,0,0,-1
0,0,16146,3,input,6172,0,0,0,0,-1
0,0,16147,3,input,6177,0,0,0,0,-1
0,0,16148,3,input,6178,0,0,0,0,-1
0,0,16149,3,input,6179,0,0,0,0,-1
0,0,16150,3,input,6180,0,0,0,0,-1
0,0,16151,3,input,6181,0,0,0,0,1
0,0,16152,3,input,6182,0,0,0,0,1
0,0,16153,3,input,6186,0,0,0,0,-1
0,0,16154,3,input,6187,0,0,0,0,1
0,0,16155,3,input,6188,0,0,0,0,-1
0,0,16156,3,input,6189,0,0,0,0,-1
0,0,16157,3,input,6193,0,0,0,0,-1
0,0,16158,3,input,6195,0,0,0,0,-1
0,0,16159,3,input,6196,0,0,0,0,-1
0,0,16160,3,input,6198,0,0,0,0,-1
0,0,16161,3,input,6199,0,0,0,0,-1
0,0,16162,3,input,6200,0,0,0,0,-1
0,0,16163,3,input,6203,0,0,0,0,-1
0,0,16164,3,input,6204,0,0,0,0,-1
0,0,16165,3,input,6205,0,0,0,0,-1
0,0,16166,3,input,6206,0,0,0,0,-1
0,0,16167,3,input,6207,0,0,0,0,-1
0,0,16168,3,input,6208,0,0,0,0,-1
0,0,16169,3,input,6209,0,0,0,0,-1
0,0,16170,3,input,6210,0,0,0,0,-1
0,0,16171,3,input,6211,0,0,0,0,-1
0,0,16172,3,input,6213,0,0,0,0,-1
0,0,16173,3,input,6214,0,0,0,0,1
0,0,16174,3,input,6220,0,0,0,0,-1
0,0,16175,3,input,6221,0,0,0,0,1
0,0,16176,3,input,6222,0,0,0,0,-1
0,0,16177,3,input,6223,0,0,0,0,-1
0,0,16178,3,input,6224,0,0,0,0,-1
0,0,16179,3,input,6225,0,0,0,0,-1
0,0,16180,3,input,6226,0,0,0,0,-1
0,0,16181,3,input,6227,0,0,0,0,-1
0,0,16182,3,input,6228,0,0,0,0,-1
0,0,16183,3,input,6231,0,0,0,0,-1
0,0,16184,3,input,6233,0,0,0,0,-1
0,0,16185,3,input,6234,0,0,0,0,-1
0,0,16186,3,input,6238,0,0,0,0,-1
0,0,16187,3,input,6241,0,0,0,0,1
0,0,16188,3,input,6242,0,0,0,0,-1
0,0,16189,3,input,6243,0,0,0,0,-1
0,0,16190,3,input,6244,0,0,0,0,-1
0,0,16191,3,input,6246,0,0,0,0,1
0,0,16192,3,input,6252,0,0,0,0,-1
0,0,16193,3,input,6254,0,0,0,0,-1
0,0,16194,3,input,6256,0,0,0,0,1
0,0,16195,3,input,6257,0,0,0,0,-1
0,0,16196,3,input,6258,0,0,0,0,-1
0,0,16197,3,input,6259,0,0,0,0,-1
0,0,16198,3,input,6260,0,0,0,0,-1
0,0,16199,3,input,6261,0,0,0,0,-1
0,0,16200,3,input,6262,0,0,0,0,-1
0,0,16201,3,input,6264,0,0,0,0,-1
0,0,16202,3,input,6265,0,0,0,0,1
0,0,16203,3,input,6266,0,0,0,0,-1
0,0,16204,3,input,6269,0,0,0,0,1
0,0,16205,3,input,6270,0,0,0,0,-1
0,0,16206,3,input,6271,0,0,0,0,-1
0,0,16207,3,input,6273,0,0,0,0,-1
0,0,16208,3,input,6274,0,0,0,0,-1
0,0,16209,3,input,6276,0,0,0,0,-1
0,0,16210,3,input,6277,0,0,0,0,-1
0,0,16211,3,input,6279,0,0,0,0,1
0,0,16212,3,input,6280,0,0,0,0,-1
0,0,16213,3,input,6282,0,0,0,0,1
0,0,16214,3,input,6284,0,0,0,0,1
0,0,16215,3,input,6286,0,0,0,0,-1
0,0,16216,3,input,6287,0,0,0,0,-1
0,0,16217,3,input,6288,0,0,0,0,-1
0,0,16218,3,input,6290,0,0,0,0,-1
0,0,16219,3,input,6291,0,0,0,0,1
0,0,16220,3,input,6292,0,0,0,0,-1
0,0,16221,3,input,6294,0,0,0,0,-1
0,0,16222,3,input,6295,0,0,0,0,-1
0,0,16223,3,input,6297,0,0,0,0,-1
0,0,16224,3,input,6298,0,0,0,0,1
0,0,16225,3,input,6301,0,0,0,0,-1
0,0,16226,3,input,6302,0,0,0,0,-1
0,0,16227,3,input,6303,0,0,0,0,1
0,0,16228,3,input,6304,0,0,0,0,-1
0,0,16229,3,input,6305,0,0,0,0,1
0,0,16230,3,input,6306,0,0,0,0,-1
0,0,16231,3,input,6308,0,0,0,0,-1
0,0,16232,3,input,6309,0,0,0,0,-1
0,0,16233,3,input,6310,0,0,0,0,1
0,0,16234,3,input,6311,0,0,0,0,-1
0,0,16235,3,input,6312,0,0,0,0,-1
0,0,16236,3,input,6316,0,0,0,0,-1
0,0,16237,3,input,6317,0,0,0,0,-1
0,0,16238,3,input,6318,0,0,0,0,-1
0,0,16239,3,input,6319,0,0,0,0,1
0,0,16240,3,input,6321,0,0,0,0,-1
0,0,16241,3,input,6322,0,0,0,0,-1
0,0,16242,3,input,6327,0,0,0,0,-1
0,0,16243,3,input,6328,0,0,0,0,-1
0,0,16244,3,input,6329,0,0,0,0,-1
0,0,16245,3,input,6335,0,0,0,0,1
0,0,16246,3,input,6338,0,0,0,0,-1
0,0,16247,3,input,6339,0,0,0,0,-1
0,0,16248,3,input,6341,0,0,0,0,-1
0,0,16249,3,input,6343,0,0,0,0,-1
0,0,16250,3,input,6344,0,0,0,0,-1
0,0,16251,3,input,6348,0,0,0,0,-1
0,0,16252,3,input,6349,0,0,0,0,1
0,0,16253,3,input,6350,0,0,0,0,-1
0,0,16254,3,input,6351,0,0,0,0,-1
0,0,16255,3,input,6352,0,0,0,0,1
0,0,16256,3,input,6353,0,0,0,0,-1
0,0,16257,3,input,6354,0,0,0,0,-1
0,0,16258,3,input,6355,0,0,0,0,-1
0,0,16259,3,input,6357,0,0,0,0,-1
0,0,16260,3,input,6358,0,0,0,0,1
0,0,16261,3,input,6361,0,0,0,0,1
0,0,16262,3,input,6366,0,0,0,0,-1
0,0,16263,3,input,6367,0,0,0,0,-1
0,0,16264,3,input,6368,0,0,0,0,-1
0,0,16265,3,input,6369,0,0,0,0,-1
0,0,16266,3,input,6370,0,0,0,0,-1
0,0,16267,3,input,6371,0,0,0,0,-1
0,0,16268,3,input,6377,0,0,0,0,1
0,0,16269,3,input,6379,0,0,0,0,1
0,0,16270,3,input,6380,0,0,0,0,-1
0,0,16271,3,input,6384,0,0,0,0,1
0,0,16272,3,input,6385,0,0,0,0,1
0,0,16273,3,input,6386,0,0,0,0,1
0,0,16274,3,input,6388,0,0,0,0,-1
0,0,16275,3,input,6389,0,0,0,0,1
0,0,16276,3,input,6390,0,0,0,0,-1
0,0,16277,3,input,6393,0,0,0,0,1
0,0,16278,3,input,6395,0,0,0,0,1
0,0,16279,3,input,6397,0,0,0,0,1
0,0,16280,3,input,6398,0,0,0,0,1
0,0,16281,3,input,6401,0,0,0,0,-1
0,0,16282,3,input,6403,0,0,0,0,1
0,0,16283,3,input,6404,0,0,0,0,-1
0,0,16284,3,input,6407,0,0,0,0,-1
0,0,16285,3,input,6409,0,0,0,0,1
0,0,16286,3,input,6410,0,0,0,0,-1
0,0,16287,3,input,6411,0,0,0,0,-1
0,0,16288,3,input,6412,0,0,0,0,-1
0,0,16289,3,input,6413,0,0,0,0,-1
0,0,16290,3,input,6416,0,0,0,0,1
0,0,16291,3,input,6417,0,0,0,0,-1
0,0,16292,3,input,6420,0,0,0,0,-1
0,0,16293,3,input,6421,0,0,0,0,-1
0,0,16294,3,input,6423,0,0,0,0,1
0,0,16295,3,input,6424,0,0,0,0,-1
0,0,16296,3,input,6426,0,0,0,0,1
0,0,16297,3,input,6428,0,0,0,0,-1
0,0,16298,3,input,6429,0,0,0,0,1
0,0,16299,3,input,6432,0,0,0,0,1
0,0,16300,3,input,6433,0,0,0,0,1
0,0,16301,3,input,6434,0,0,0,0,-1
0,0,16302,3,input,6435,0,0,0,0,-1
0,0,16303,3,input,6439,0,0,0,0,1
0,0,16304,3,input,6442,0,0,0,0,-1
0,0,16305,3,input,6443,0,0,0,0,1
0,0,16306,3,input,6444,0,0,0,0,-1
0,0,16307,3,input,6445,0,0,0,0,-1
0,0,16308,3,input,6446,0,0,0,0,-1
0,0,16309,3,input,6448,0,0,0,0,-1
0,0,16310,3,input,6450,0,0,0,0,1
0,0,16311,3,input,6451,0,0,0,0,-1
0,0,16312,3,input,6453,0,0,0,0,-1
0,0,16313,3,input,6455,0,0,0,0,-1
0,0,16314,3,input,6456,0,0,0,0,-1
0,0,16315,3,input,6457,0,0,0,0,-1
0,0,16316,3,input,6458,0,0,0,0,-1
0,0,16317,3,input,6460,0,0,0,0,-1
0,0,16318,3,input,6462,0,0,0,0,1
0,0,16319,3,input,6466,0,0,0,0,-1
0,0,16320,3,input,6467,0,0,0,0,-1
0,0,16321,3,input,6469,0,0,0,0,-1
0,0,16322,3,input,6470,0,0,0,0,1
0,0,16323,3,input,6471,0,0,0,0,1
0,0,16324,3,input,6473,0,0,0,0,-1
0,0,16325,3,input,6475,0,0,0,0,-1
0,0,16326,3,input,6476,0,0,0,0,-1
0,0,16327,3,input,6477,0,0,0,0,1
0,0,16328,3,input,6478,0,0,0,0,-1
0,0,16329,3,input,6480,0,0,0,0,-1
0,0,16330,3,input,6483,0,0,0,0,-1
0,0,16331,3,input,6484,0,0,0,0,-1
0,0,16332,3,input,6485,0,0,0,0,-1
0,0,16333,3,input,6486,0,0,0,0,-1
0,0,16334,3,input,6488,0,0,0,0,1
0,0,16335,3,input,6489,0,0,0,0,-1
0,0,16336,3,input,6490,0,0,0,0,-1
0,0,16337,3,input,6492,0,0,0,0,1
0,0,16338,3,input,6494,0,0,0,0,-1
0,0,16339,3,input,6497,0,0,0,0,-1
0,0,16340,3,input,6498,0,0,0,0,-1
0,0,16341,3,input,6499,0,0,0,0,-1
0,0,16342,3,input,6501,0,0,0,0,-1
0,0,16343,3,input,6502,0,0,0,0,1
0,0,16344,3,input,6503,0,0,0,0,-1
0,0,16345,3,input,6504,0,0,0,0,-1
0,0,16346,3,input,6506,0,0,0,0,-1
0,0,16347,3,input,6507,0,0,0,0,1
0,0,16348,3,input,6508,0,0,0,0,-1
0,0,16349,3,input,6509,0,0,0,0,-1
0,0,16350,3,input,6510,0,0,0,0,-1
0,0,16351,3,input,6511,0,0,0,0,-1
0,0,16352,3,input,6512,0,0,0,0,1
0,0,16353,3,input,6514,0,0,0,0,-1
0,0,16354,3,input,6516,0,0,0,0,-1
0,0,16355,3,input,6517,0,0,0,0,-1
0,0,16356,3,input,6518,0,0,0,0,-1
0,0,16357,3,input,6519,0,0,0,0,-1
0,0,16358,3,input,6520,0,0,0,0,-1
0,0,16359,3,input,6521,0,0,0,0,1
0,0,16360,3,input,6522,0,0,0,0,-1
0,0,16361,3,input,6524,0,0,0,0,1
0,0,16362,3,input,6526,0,0,0,0,1
0,0,16363,3,input,6527,0,0,0,0,-1
0,0,16364,3,input,6529,0,0,0,0,-1
0,0,16365,3,input,6530,0,0,0,0,-1
0,0,16366,3,input,6531,0,0,0,0,1
0,0,16367,3,input,6533,0,0,0,0,-1
0,0,16368,3,input,6534,0,0,0,0,-1
0,0,16369,3,input,6535,0,0,0,0,-1
0,0,16370,3,input,6538,0,0,0,0,-1
0,0,16371,3,input,6539,0,0,0,0,-1
0,0,16372,3,input,6540,0,0,0,0,-1
0,0,16373,3,input,6542,0,0,0,0,1
0,0,16374,3,input,6543,0,0,0,0,-1
0,0,16375,3,input,6545,0,0,0,0,-1
0,0,16376,3,input,6548,0,0,0,0,-1
0,0,16377,3,input,6551,0,0,0,0,1
0,0,16378,3,input,6553,0,0,0,0,-1
0,0,16379,3,input,6554,0,0,0,0,-1
0,0,16380,3,input,6555,0,0,0,0,-1
0,0,16381,3,input,6556,0,0,0,0,-1
0,0,16382,3,input,6557,0,0,0,0,-1
0,0,16383,3,input,6562,0,0,0,0,-1
0,0,16384,3,input,6564,0,0,0,0,-1
0,0,16385,3,input,6568,0,0,0,0,-1
0,0,16386,3,input,6570,0,0,0,0,-1
0,0,16387,3,input,6571,0,0,0,0,1
0,0,16388,3,input,6572,0,0,0,0,-1
0,0,16389,3,input,6573,0,0,0,0,-1
0,0,16390,3,input,6577,0,0,0,0,-1
0,0,16391,3,input,6580,0,0,0,0,-1
0,0,16392,3,input,6582,0,0,0,0,-1
0,0,16393,3,input,6583,0,0,0,0,-1
0,0,16394,3,input,6584,0,0,0,0,-1
0,0,16395,3,input,6587,0,0,0,0,-1
0,0,16396,3,input,6588,0,0,0,0,-1
0,0,16397,3,input,6590,0,0,0,0,-1
0,0,16398,3,input,6592,0,0,0,0,-1
0,0,16399,3,input,6593,0,0,0,0,-1
0,0,16400,3,input,6595,0,0,0,0,-1
0,0,16401,3,input,6597,0,0,0,0,-1
0,0,16402,3,input,6598,0,0,0,0,1
0,0,16403,3,input,6600,0,0,0,0,1
0,0,16404,3,input,6601,0,0,0,0,1
0,0,16405,3,input,6604,0,0,0,0,-1
0,0,16406,3,input,6605,0,0,0,0,1
0,0,16407,3,input,6606,0,0,0,0,-1
0,0,16408,3,input,6607,0,0,0,0,-1
0,0,16409,3,input,6608,0,0,0,0,-1
0,0,16410,3,input,6609,0,0,0,0,-1
0,0,16411,3,input,6612,0,0,0,0,-1
0,0,16412,3,input,6615,0,0,0,0,-1
0,0,16413,3,input,6617,0,0,0,0,-1
0,0,16414,3,input,6618,0,0,0,0,-1
0,0,16415,3,input,6622,0,0,0,0,-1
0,0,16416,3,input,6623,0,0,0,0,-1
0,0,16417,3,input,6624,0,0,0,0,-1
0,0,16418,3,input,6627,0,0,0,0,-1
0,0,16419,3,input,6629,0,0,0,0,-1
0,0,16420,3,input,6630,0,0,0,0,1
0,0,16421,3,input,6631,0,0,0,0,-1
0,0,16422,3,input,6632,0,0,0,0,-1
0,0,16423,3,input,6633,0,0,0,0,-1
0,0,16424,3,input,6634,0,0,0,0,-1
0,0,16425,3,input,6636,0,0,0,0,-1
0,0,16426,3,input,6638,0,0,0,0,-1
0,0,16427,3,input,6640,0,0,0,0,1
0,0,16428,3,input,6641,0,0,0,0,-1
0,0,16429,3,input,6642,0,0,0,0,-1
0,0,16430,3,input,6643,0,0,0,0,-1
0,0,16431,3,input,6644,0,0,0,0,-1
0,0,16432,3,input,6645,0,0,0,0,-1
0,0,16433,3,input,6646,0,0,0,0,-1
0,0,16434,3,input,6647,0,0,0,0,-1
0,0,16435,3,input,6648,0,0,0,0,-1
0,0,16436,3,input,6649,0,0,0,0,1
0,0,16437,3,input,6650,0,0,0,0,-1
0,0,16438,3,input,6654,0,0,0,0,-1
0,0,16439,3,input,6655,0,0,0,0,-1
0,0,16440,3,input,6657,0,0,0,0,-1
0,0,16441,3,input,6659,0,0,0,0,1
0,0,16442,3,input,6662,0,0,0,0,-1
0,0,16443,3,input,6663,0,0,0,0,-1
0,0,16444,3,input,6664,0,0,0,0,-1
0,0,16445,3,input,6667,0,0,0,0,-1
0,0,16446,3,input,6668,0,0,0,0,-1
0,0,16447,3,input,6669,0,0,0,0,-1
0,0,16448,3,input,6670,0,0,0,0,1
0,0,16449,3,input,6671,0,0,0,0,-1
0,0,16450,3,input,6673,0,0,0,0,-1
0,0,16451,3,input,6676,0,0,0,0,-1
0,0,16452,3,input,6677,0,0,0,0,-1
0,0,16453,3,input,6679,0,0,0,0,1
0,0,16454,3,input,6683,0,0,0,0,-1
0,0,16455,3,input,6684,0,0,0,0,-1
0,0,16456,3,input,6685,0,0,0,0,-1
0,0,16457,3,input,6687,0,0,0,0,-1
0,0,16458,3,input,6692,0,0,0,0,-1
0,0,16459,3,input,6695,0,0,0,0,1
0,0,16460,3,input,6696,0,0,0,0,-1
0,0,16461,3,input,6698,0,0,0,0,-1
0,0,16462,3,input,6699,0,0,0,0,1
0,0,16463,3,input,6700,0,0,0,0,-1
0,0,16464,3,input,6701,0,0,0,0,-1
0,0,16465,3,input,6705,0,0,0,0,-1
0,0,16466,3,input,6708,0,0,0,0,-1
0,0,16467,3,input,6710,0,0,0,0,-1
0,0,16468,3,input,6711,0,0,0,0,-1
0,0,16469,3,input,6712,0,0,0,0,-1
0,0,16470,3,input,6715,0,0,0,0,-1
0,0,16471,3,input,6716,0,0,0,0,-1
0,0,16472,3,input,6718,0,0,0,0,-1
0,0,16473,3,input,6721,0,0,0,0,-1
0,0,16474,3,input,6723,0,0,0,0,-1
0,0,16475,3,input,6725,0,0,0,0,-1
0,0,16476,3,input,6726,0,0,0,0,1
0,0,16477,3,input,6727,0,0,0,0,-1
0,0,16478,3,input,6728,0,0,0,0,1
0,0,16479,3,input,6731,0,0,0,0,-1
0,0,16480,3,input,6733,0,0,0,0,1
0,0,16481,3,input,6735,0,0,0,0,-1
0,0,16482,3,input,6736,0,0,0,0,-1
0,0,16483,3,input,6737,0,0,0,0,-1
0,0,16484,3,input,6740,0,0,0,0,-1
0,0,16485,3,input,6750,0,0,0,0,-1
0,0,16486,3,input,6752,0,0,0,0,-1
0,0,16487,3,input,6755,0,0,0,0,-1
0,0,16488,3,input,6757,0,0,0,0,-1
0,0,16489,3,input,6758,0,0,0,0,1
0,0,16490,3,input,6759,0,0,0,0,-1
0,0,16491,3,input,6760,0,0,0,0,-1
0,0,16492,3,input,6761,0,0,0,0,-1
0,0,16493,3,input,6762,0,0,0,0,-1
0,0,16494,3,input,6764,0,0,0,0,-1
0,0,16495,3,input,6766,0,0,0,0,-1
0,0,16496,3,input,6769,0,0,0,0,-1
0,0,16497,3,input,6770,0,0,0,0,-1
0,0,16498,3,input,6771,0,0,0,0,-1
0,0,16499,3,input,6772,0,0,0,0,-1
0,0,16500,3,input,6773,0,0,0,0,-1
0,0,16501,3,input,6774,0,0,0,0,-1
0,0,16502,3,input,6776,0,0,0,0,-1
0,0,16503,3,input,6777,0,0,0,0,1
0,0,16504,3,input,6778,0,0,0,0,-1
0,0,16505,3,input,6782,0,0,0,0,-1
0,0,16506,3,input,6783,0,0,0,0,-1
0,0,16507,3,input,6785,0,0,0,0,-1
0,0,16508,3,input,6786,0,0,0,0,-1
0,0,16509,3,input,6787,0,0,0,0,1
0,0,16510,3,input,6789,0,0,0,0,-1
0,0,16511,3,input,6790,0,0,0,0,-1
0,0,16512,3,input,6791,0,0,0,0,-1
0,0,16513,3,input,6792,0,0,0,0,-1
0,0,16514,3,input,6797,0,0,0,0,-1
0,0,16515,3,input,6798,0,0,0,0,1
0,0,16516,3,input,6800,0,0,0,0,-1
0,0,16517,3,input,6801,0,0,0,0,-1
0,0,16518,3,input,6804,0,0,0,0,-1
0,0,16519,3,input,6807,0,0,0,0,1
0,0,16520,3,input,6811,0,0,0,0,-1
0,0,16521,3,input,6812,0,0,0,0,-1
0,0,16522,3,input,6813,0,0,0,0,-1
0,0,16523,3,input,6815,0,0,0,0,-1
0,0,16524,3,input,6820,0,0,0,0,-1
0,0,16525,3,input,6823,0,0,0,0,1
0,0,16526,3,input,6824,0,0,0,0,-1
0,0,16527,3,input,6827,0,0,0,0,1
0,0,16528,3,input,6828,0,0,0,0,-1
0,0,16529,3,input,6829,0,0,0,0,-1
0,0,16530,3,input,6833,0,0,0,0,-1
0,0,16531,3,input,6836,0,0,0,0,-1
0,0,16532,3,input,6838,0,0,0,0,-1
0,0,16533,3,input,6839,0,0,0,0,-1
0,0,16534,3,input,6840,0,0,0,0,-1
0,0,16535,3,input,6843,0,0,0,0,-1
0,0,16536,3,input,6844,0,0,0,0,-1
0,0,16537,3,input,6846,0,0,0,0,-1
0,0,16538,3,input,6849,0,0,0,0,-1
0,0,16539,3,input,6851,0,0,0,0,-1
0,0,16540,3,input,6853,0,0,0,0,-1
0,0,16541,3,input,6854,0,0,0,0,1
0,0,16542,3,input,6855,0,0,0,0,-1
0,0,16543,3,input,6859,0,0,0,0,-1
0,0,16544,3,input,6861,0,0,0,0,1
0,0,16545,3,input,6862,0,0,0,0,-1
0,0,16546,3,input,6863,0,0,0,0,-1
0,0,16547,3,input,6864,0,0,0,0,-1
0,0,16548,3,input,6865,0,0,0,0,-1
0,0,16549,3,input,6867,0,0,0,0,-1
0,0,16550,3,input,6868,0,0,0,0,-1
0,0,16551,3,input,6874,0,0,0,0,-1
0,0,16552,3,input,6877,0,0,0,0,1
0,0,16553,3,input,6878,0,0,0,0,-1
0,0,16554,3,input,6879,0,0,0,0,-1
0,0,16555,3,input,6880,0,0,0,0,-1
0,0,16556,3,input,6883,0,0,0,0,-1
0,0,16557,3,input,6885,0,0,0,0,-1
0,0,16558,3,input,6886,0,0,0,0,1
0,0,16559,3,input,6887,0,0,0,0,-1
0,0,16560,3,input,6888,0,0,0,0,-1
0,0,16561,3,input,6890,0,0,0,0,-1
0,0,16562,3,input,6892,0,0,0,0,-1
0,0,16563,3,input,6896,0,0,0,0,1
0,0,16564,3,input,6897,0,0,0,0,-1
0,0,16565,3,input,6898,0,0,0,0,-1
0,0,16566,3,input,6899,0,0,0,0,-1
0,0,16567,3,input,6900,0,0,0,0,-1
0,0,16568,3,input,6902,0,0,0,0,-1
0,0,16569,3,input,6904,0,0,0,0,-1
0,0,16570,3,input,6905,0,0,0,0,1
0,0,16571,3,input,6906,0,0,0,0,-1
0,0,16572,3,input,6908,0,0,0,0,-1
0,0,16573,3,input,6910,0,0,0,0,-1
0,0,16574,3,input,6911,0,0,0,0,-1
0,0,16575,3,input,6913,0,0,0,0,-1
0,0,16576,3,input,6915,0,0,0,0,1
0,0,16577,3,input,6917,0,0,0,0,-1
0,0,16578,3,input,6919,0,0,0,0,-1
0,0,16579,3,input,6920,0,0,0,0,-1
0,0,16580,3,input,6925,0,0,0,0,-1
0,0,16581,3,input,6929,0,0,0,0,-1
0,0,16582,3,input,6932,0,0,0,0,-1
0,0,16583,3,input,6935,0,0,0,0,1
0,0,16584,3,input,6938,0,0,0,0,-1
0,0,16585,3,input,6939,0,0,0,0,-1
0,0,16586,3,input,6940,0,0,0,0,-1
0,0,16587,3,input,6943,0,0,0,0,-1
0,0,16588,3,input,6947,0,0,0,0,-1
0,0,16589,3,input,6948,0,0,0,0,-1
0,0,16590,3,input,6951,0,0,0,0,1
0,0,16591,3,input,6952,0,0,0,0,-1
0,0,16592,3,input,6954,0,0,0,0,-1
0,0,16593,3,input,6955,0,0,0,0,1
0,0,16594,3,input,6956,0,0,0,0,-1
0,0,16595,3,input,6957,0,0,0,0,-1
0,0,16596,3,input,6959,0,0,0,0,-1
0,0,16597,3,input,6961,0,0,0,0,-1
0,0,16598,3,input,6963,0,0,0,0,-1
0,0,16599,3,input,6964,0,0,0,0,-1
0,0,16600,3,input,6966,0,0,0,0,-1
0,0,16601,3,input,6967,0,0,0,0,-1
0,0,16602,3,input,6968,0,0,0,0,-1
0,0,16603,3,input,6969,0,0,0,0,-1
0,0,16604,3,input,6971,0,0,0,0,-1
0,0,16605,3,input,6972,0,0,0,0,-1
0,0,16606,3,input,6974,0,0,0,0,-1
0,0,16607,3,input,6976,0,0,0,0,-1
0,0,16608,3,input,6978,0,0,0,0,-1
0,0,16609,3,input,6979,0,0,0,0,-1
0,0,16610,3,input,6981,0,0,0,0,-1
0,0,16611,3,input,6982,0,0,0,0,1
0,0,16612,3,input,6984,0,0,0,0,1
0,0,16613,3,input,6986,0,0,0,0,-1
0,0,16614,3,input,6988,0,0,0,0,-1
0,0,16615,3,input,6989,0,0,0,0,1
0,0,16616,3,input,6991,0,0,0,0,-1
0,0,16617,3,input,6992,0,0,0,0,-1
0,0,16618,3,input,6993,0,0,0,0,-1
0,0,16619,3,input,6995,0,0,0,0,-1
0,0,16620,3,input,6996,0,0,0,0,-1
0,0,16621,3,input,6998,0,0,0,0,-1
0,0,16622,3,input,6999,0,0,0,0,-1
0,0,16623,3,input,7002,0,0,0,0,-1
0,0,16624,3,input,7003,0,0,0,0,-1
0,0,16625,3,input,7005,0,0,0,0,1
0,0,16626,3,input,7006,0,0,0,0,-1
0,0,16627,3,input,7007,0,0,0,0,-1
0,0,16628,3,input,7008,0,0,0,0,-1
0,0,16629,3,input,7011,0,0,0,0,-1
0,0,16630,3,input,7013,0,0,0,0,-1
0,0,16631,3,input,7014,0,0,0,0,1
0,0,16632,3,input,7015,0,0,0,0,-1
0,0,16633,3,input,7016,0,0,0,0,-1
0,0,16634,3,input,7017,0,0,0,0,-1
0,0,16635,3,input,7020,0,0,0,0,-1
0,0,16636,3,input,7024,0,0,0,0,1
0,0,16637,3,input,7025,0,0,0,0,-1
0,0,16638,3,input,7026,0,0,0,0,-1
0,0,16639,3,input,7027,0,0,0,0,-1
0,0,16640,3,input,7028,0,0,0,0,-1
0,0,16641,3,input,7029,0,0,0,0,-1
0,0,16642,3,input,7030,0,0,0,0,-1
0,0,16643,3,input,7032,0,0,0,0,-1
0,0,16644,3,input,7033,0,0,0,0,1
0,0,16645,3,input,7034,0,0,0,0,-1
0,0,16646,3,input,7036,0,0,0,0,-1
0,0,16647,3,input,7038,0,0,0,0,-1
0,0,16648,3,input,7039,0,0,0,0,-1
0,0,16649,3,input,7042,0,0,0,0,-1
0,0,16650,3,input,7043,0,0,0,0,1
0,0,16651,3,input,7047,0,0,0,0,-1
0,0,16652,3,input,7048,0,0,0,0,-1
0,0,16653,3,input,7053,0,0,0,0,-1
0,0,16654,3,input,7057,0,0,0,0,-1
0,0,16655,3,input,7058,0,0,0,0,1
0,0,16656,3,input,7060,0,0,0,0,-1
0,0,16657,3,input,7067,0,0,0,0,-1
0,0,16658,3,input,7068,0,0,0,0,-1
0,0,16659,3,input,7069,0,0,0,0,-1
0,0,16660,3,input,7073,0,0,0,0,1
0,0,16661,3,input,7076,0,0,0,0,-1
0,0,16662,3,input,7078,0,0,0,0,1
0,0,16663,3,input,7083,0,0,0,0,1
0,0,16664,3,input,7084,0,0,0,0,-1
0,0,16665,3,input,7085,0,0,0,0,-1
0,0,16666,3,input,7087,0,0,0,0,-1
0,0,16667,3,input,7088,0,0,0,0,1
0,0,16668,3,input,7089,0,0,0,0,-1
0,0,16669,3,input,7092,0,0,0,0,-1
0,0,16670,3,input,7094,0,0,0,0,-1
0,0,16671,3,input,7095,0,0,0,0,-1
0,0,16672,3,input,7096,0,0,0,0,-1
0,0,16673,3,input,7099,0,0,0,0,-1
0,0,16674,3,input,7100,0,0,0,0,-1
0,0,16675,3,input,7101,0,0,0,0,1
0,0,16676,3,input,7104,0,0,0,0,-1
0,0,16677,3,input,7105,0,0,0,0,-1
0,0,16678,3,input,7107,0,0,0,0,-1
0,0,16679,3,input,7109,0,0,0,0,-1
0,0,16680,3,input,7110,0,0,0,0,1
0,0,16681,3,input,7111,0,0,0,0,-1
0,0,16682,3,input,7115,0,0,0,0,-1
0,0,16683,3,input,7116,0,0,0,0,-1
0,0,16684,3,input,7117,0,0,0,0,1
0,0,16685,3,input,7118,0,0,0,0,-1
0,0,16686,3,input,7119,0,0,0,0,-1
0,0,16687,3,input,7121,0,0,0,0,-1
0,0,16688,3,input,7122,0,0,0,0,-1
0,0,16689,3,input,7123,0,0,0,0,-1
0,0,16690,3,input,7124,0,0,0,0,-1
0,0,16691,3,input,7130,0,0,0,0,-1
0,0,16692,3,input,7131,0,0,0,0,-1
0,0,16693,3,input,7134,0,0,0,0,-1
0,0,16694,3,input,7135,0,0,0,0,-1
0,0,16695,3,input,7136,0,0,0,0,-1
0,0,16696,3,input,7138,0,0,0,0,-1
0,0,16697,3,input,7139,0,0,0,0,-1
0,0,16698,3,input,7142,0,0,0,0,1
0,0,16699,3,input,7143,0,0,0,0,-1
0,0,16700,3,input,7144,0,0,0,0,-1
0,0,16701,3,input,7145,0,0,0,0,-1
0,0,16702,3,input,7147,0,0,0,0,1
0,0,16703,3,input,7148,0,0,0,0,-1
0,0,16704,3,input,7152,0,0,0,0,1
0,0,16705,3,input,7153,0,0,0,0,-1
0,0,16706,3,input,7154,0,0,0,0,-1
0,0,16707,3,input,7155,0,0,0,0,-1
0,0,16708,3,input,7156,0,0,0,0,-1
0,0,16709,3,input,7157,0,0,0,0,-1
0,0,16710,3,input,7158,0,0,0,0,-1
0,0,16711,3,input,7159,0,0,0,0,1
0,0,16712,3,input,7161,0,0,0,0,1
0,0,16713,3,input,7162,0,0,0,0,-1
0,0,16714,3,input,7164,0,0,0,0,-1
0,0,16715,3,input,7166,0,0,0,0,-1
0,0,16716,3,input,7167,0,0,0,0,-1
0,0,16717,3,input,7170,0,0,0,0,-1
0,0,16718,3,input,7171,0,0,0,0,1
0,0,16719,3,input,7172,0,0,0,0,-1
0,0,16720,3,input,7173,0,0,0,0,-1
0,0,16721,3,input,7175,0,0,0,0,-1
0,0,16722,3,input,7177,0,0,0,0,1
0,0,16723,3,input,7178,0,0,0,0,-1
0,0,16724,3,input,7180,0,0,0,0,-1
0,0,16725,3,input,7181,0,0,0,0,-1
0,0,16726,3,input,7182,0,0,0,0,-1
0,0,16727,3,input,7183,0,0,0,0,-1
0,0,16728,3,input,7185,0,0,0,0,-1
0,0,16729,3,input,7187,0,0,0,0,-1
0,0,16730,3,input,7188,0,0,0,0,-1
0,0,16731,3,input,7189,0,0,0,0,-1
0,0,16732,3,input,7190,0,0,0,0,-1
0,0,16733,3,input,7191,0,0,0,0,1
0,0,16734,3,input,7193,0,0,0,0,-1
0,0,16735,3,input,7196,0,0,0,0,-1
0,0,16736,3,input,7202,0,0,0,0,-1
0,0,16737,3,input,7203,0,0,0,0,-1
0,0,16738,3,input,7204,0,0,0,0,-1
0,0,16739,3,input,7205,0,0,0,0,1
0,0,16740,3,input,7206,0,0,0,0,1
0,0,16741,3,input,7207,0,0,0,0,1
0,0,16742,3,input,7209,0,0,0,0,1
0,0,16743,3,input,7210,0,0,0,0,-1
0,0,16744,3,input,7211,0,0,0,0,1
0,0,16745,3,input,7212,0,0,0,0,-1
0,0,16746,3,input,7213,0,0,0,0,-1
0,0,16747,3,input,7215,0,0,0,0,-1
0,0,16748,3,input,7217,0,0,0,0,-1
0,0,16749,3,input,7219,0,0,0,0,-1
0,0,16750,3,input,7220,0,0,0,0,-1
0,0,16751,3,input,7223,0,0,0,0,-1
0,0,16752,3,input,7224,0,0,0,0,-1
0,0,16753,3,input,7227,0,0,0,0,-1
0,0,16754,3,input,7228,0,0,0,0,-1
0,0,16755,3,input,7230,0,0,0,0,-1
0,0,16756,3,input,7232,0,0,0,0,-1
0,0,16757,3,input,7234,0,0,0,0,-1
0,0,16758,3,input,7235,0,0,0,0,-1
0,0,16759,3,input,7237,0,0,0,0,-1
0,0,16760,3,input,7238,0,0,0,0,1
0,0,16761,3,input,7244,0,0,0,0,-1
0,0,16762,3,input,7245,0,0,0,0,1
0,0,16763,3,input,7247,0,0,0,0,-1
0,0,16764,3,input,7248,0,0,0,0,-1
0,0,16765,3,input,7249,0,0,0,0,-1
0,0,16766,3,input,7252,0,0,0,0,-1
0,0,16767,3,input,7255,0,0,0,0,-1
0,0,16768,3,input,7257,0,0,0,0,-1
0,0,16769,3,input,7258,0,0,0,0,-1
0,0,16770,3,input,7262,0,0,0,0,-1
0,0,16771,3,input,7263,0,0,0,0,-1
0,0,16772,3,input,7264,0,0,0,0,-1
0,0,16773,3,input,7267,0,0,0,0,-1
0,0,16774,3,input,7269,0,0,0,0,-1
0,0,16775,3,input,7270,0,0,0,0,1
0,0,16776,3,input,7271,0,0,0,0,-1
0,0,16777,3,input,7272,0,0,0,0,-1
0,0,16778,3,input,7273,0,0,0,0,-1
0,0,16779,3,input,7274,0,0,0,0,-1
0,0,16780,3,input,7276,0,0,0,0,-1
0,0,16781,3,input,7280,0,0,0,0,1
0,0,16782,3,input,7281,0,0,0,0,-1
0,0,16783,3,input,7282,0,0,0,0,-1
0,0,16784,3,input,7283,0,0,0,0,-1
0,0,16785,3,input,7284,0,0,0,0,-1
0,0,16786,3,input,7285,0,0,0,0,-1
0,0,16787,3,input,7286,0,0,0,0,-1
0,0,16788,3,input,7287,0,0,0,0,1
0,0,16789,3,input,7288,0,0,0,0,-1
0,0,16790,3,input,7289,0,0,0,0,1
0,0,16791,3,input,7290,0,0,0,0,-1
0,0,16792,3,input,7291,0,0,0,0,1
0,0,16793,3,input,7293,0,0,0,0,1
0,0,16794,3,input,7294,0,0,0,0,-1
0,0,16795,3,input,7295,0,0,0,0,-1
0,0,16796,3,input,7296,0,0,0,0,-1
0,0,16797,3,input,7298,0,0,0,0,-1
0,0,16798,3,input,7299,0,0,0,0,1
0,0,16799,3,input,7301,0,0,0,0,-1
0,0,16800,3,input,7306,0,0,0,0,1
0,0,16801,3,input,7308,0,0,0,0,1
0,0,16802,3,input,7311,0,0,0,0,-1
0,0,16803,3,input,7312,0,0,0,0,-1
0,0,16804,3,input,7315,0,0,0,0,-1
0,0,16805,3,input,7316,0,0,0,0,-1
0,0,16806,3,input,7317,0,0,0,0,-1
0,0,16807,3,input,7318,0,0,0,0,-1
0,0,16808,3,input,7319,0,0,0,0,1
0,0,16809,3,input,7320,0,0,0,0,1
0,0,16810,3,input,7321,0,0,0,0,-1
0,0,16811,3,input,7324,0,0,0,0,-1
0,0,16812,3,input,7325,0,0,0,0,-1
0,0,16813,3,input,7326,0,0,0,0,-1
0,0,16814,3,input,7329,0,0,0,0,-1
0,0,16815,3,input,7330,0,0,0,0,-1
0,0,16816,3,input,7331,0,0,0,0,-1
0,0,16817,3,input,7332,0,0,0,0,-1
0,0,16818,3,input,7333,0,0,0,0,1
0,0,16819,3,input,7334,0,0,0,0,1
0,0,16820,3,input,7336,0,0,0,0,-1
0,0,16821,3,input,7338,0,0,0,0,-1
0,0,16822,3,input,7339,0,0,0,0,1
0,0,16823,3,input,7340,0,0,0,0,-1
0,0,16824,3,input,7341,0,0,0,0,-1
0,0,16825,3,input,7342,0,0,0,0,-1
0,0,16826,3,input,7345,0,0,0,0,-1
0,0,16827,3,input,7346,0,0,0,0,1
0,0,16828,3,input,7348,0,0,0,0,-1
0,0,16829,3,input,7351,0,0,0,0,-1
0,0,16830,3,input,7353,0,0,0,0,-1
0,0,16831,3,input,7355,0,0,0,0,-1
0,0,16832,3,input,7356,0,0,0,0,-1
0,0,16833,3,input,7357,0,0,0,0,-1
0,0,16834,3,input,7358,0,0,0,0,-1
0,0,16835,3,input,7359,0,0,0,0,-1
0,0,16836,3,input,7360,0,0,0,0,-1
0,0,16837,3,input,7361,0,0,0,0,-1
0,0,16838,3,input,7362,0,0,0,0,-1
0,0,16839,3,input,7363,0,0,0,0,-1
0,0,16840,3,input,7365,0,0,0,0,-1
0,0,16841,3,input,7366,0,0,0,0,1
0,0,16842,3,input,7368,0,0,0,0,1
0,0,16843,3,input,7372,0,0,0,0,-1
0,0,16844,3,input,7373,0,0,0,0,1
0,0,16845,3,input,7374,0,0,0,0,-1
0,0,16846,3,input,7375,0,0,0,0,-1
0,0,16847,3,input,7376,0,0,0,0,-1
0,0,16848,3,input,7377,0,0,0,0,-1
0,0,16849,3,input,7378,0,0,0,0,-1
0,0,16850,3,input,7379,0,0,0,0,-1
0,0,16851,3,input,7380,0,0,0,0,-1
0,0,16852,3,input,7383,0,0,0,0,-1
0,0,16853,3,input,7384,0,0,0,0,1
0,0,16854,3,input,7385,0,0,0,0,-1
0,0,16855,3,input,7386,0,0,0,0,-1
0,0,16856,3,input,7389,0,0,0,0,-1
0,0,16857,3,input,7390,0,0,0,0,-1
0,0,16858,3,input,7393,0,0,0,0,1
0,0,16859,3,input,7394,0,0,0,0,-1
0,0,16860,3,input,7395,0,0,0,0,-1
0,0,16861,3,input,7396,0,0,0,0,-1
0,0,16862,3,input,7398,0,0,0,0,1
0,0,16863,3,input,7404,0,0,0,0,-1
0,0,16864,3,input,7406,0,0,0,0,-1
0,0,16865,3,input,7408,0,0,0,0,1
0,0,16866,3,input,7409,0,0,0,0,-1
0,0,16867,3,input,7410,0,0,0,0,-1
0,0,16868,3,input,7411,0,0,0,0,-1
0,0,16869,3,input,7412,0,0,0,0,-1
0,0,16870,3,input,7413,0,0,0,0,-1
0,0,16871,3,input,7416,0,0,0,0,-1
0,0,16872,3,input,7417,0,0,0,0,1
0,0,16873,3,input,7418,0,0,0,0,-1
0,0,16874,3,input,7421,0,0,0,0,1
0,0,16875,3,input,7422,0,0,0,0,-1
0,0,16876,3,input,7423,0,0,0,0,-1
0,0,16877,3,input,7424,0,0,0,0,-1
0,0,16878,3,input,7426,0,0,0,0,-1
0,0,16879,3,input,7427,0,0,0,0,1
0,0,16880,3,input,7430,0,0,0,0,-1
0,0,16881,3,input,7431,0,0,0,0,-1
0,0,16882,3,input,7434,0,0,0,0,-1
0,0,16883,3,input,7435,0,0,0,0,-1
0,0,16884,3,input,7436,0,0,0,0,-1
0,0,16885,3,input,7437,0,0,0,0,-1
0,0,16886,3,input,7441,0,0,0,0,-1
0,0,16887,3,input,7442,0,0,0,0,-1
0,0,16888,3,input,7443,0,0,0,0,-1
0,0,16889,3,input,7444,0,0,0,0,-1
0,0,16890,3,input,7445,0,0,0,0,-1
0,0,16891,3,input,7447,0,0,0,0,1
0,0,16892,3,input,7449,0,0,0,0,-1
0,0,16893,3,input,7451,0,0,0,0,-1
0,0,16894,3,input,7452,0,0,0,0,-1
0,0,16895,3,input,7455,0,0,0,0,-1
0,0,16896,3,input,7458,0,0,0,0,-1
0,0,16897,3,input,7459,0,0,0,0,-1
0,0,16898,3,input,7460,0,0,0,0,-1
0,0,16899,3,input,7463,0,0,0,0,1
0,0,16900,3,input,7464,0,0,0,0,-1
0,0,16901,3,input,7466,0,0,0,0,-1
0,0,16902,3,input,7467,0,0,0,0,1
0,0,16903,3,input,7468,0,0,0,0,-1
0,0,16904,3,input,7469,0,0,0,0,-1
0,0,16905,3,input,7473,0,0,0,0,-1
0,0,16906,3,input,7476,0,0,0,0,-1
0,0,16907,3,input,7478,0,0,0,0,-1
0,0,16908,3,input,7479,0,0,0,0,-1
0,0,16909,3,input,7480,0,0,0,0,-1
0,0,16910,3,input,7483,0,0,0,0,-1
0,0,16911,3,input,7484,0,0,0,0,-1
0,0,16912,3,input,7486,0,0,0,0,-1
0,0,16913,3,input,7488,0,0,0,0,-1
0,0,16914,3,input,7489,0,0,0,0,-1
0,0,16915,3,input,7490,0,0,0,0,-1
0,0,16916,3,input,7491,0,0,0,0,-1
0,0,16917,3,input,7493,0,0,0,0,-1
0,0,16918,3,input,7494,0,0,0,0,1
0,0,16919,3,input,7496,0,0,0,0,1
0,0,16920,3,input,7499,0,0,0,0,-1
0,0,16921,3,input,7500,0,0,0,0,-1
0,0,16922,3,input,7501,0,0,0,0,1
0,0,16923,3,input,7504,0,0,0,0,-1
0,0,16924,3,input,7505,0,0,0,0,-1
0,0,16925,3,input,7507,0,0,0,0,-1
0,0,16926,3,input,7508,0,0,0,0,-1
0,0,16927,3,input,7511,0,0,0,0,-1
0,0,16928,3,input,7512,0,0,0,0,1
0,0,16929,3,input,7514,0,0,0,0,-1
0,0,16930,3,input,7518,0,0,0,0,-1
0,0,16931,3,input,7520,0,0,0,0,-1
0,0,16932,3,input,7523,0,0,0,0,-1
0,0,16933,3,input,7525,0,0,0,0,-1
0,0,16934,3,input,7526,0,0,0,0,1
0,0,16935,3,input,7527,0,0,0,0,-1
0,0,16936,3,input,7528,0,0,0,0,-1
0,0,16937,3,input,7529,0,0,0,0,-1
0,0,16938,3,input,7530,0,0,0,0,-1
0,0,16939,3,input,7532,0,0,0,0,-1
0,0,16940,3,input,7534,0,0,0,0,-1
0,0,16941,3,input,7537,0,0,0,0,-1
0,0,16942,3,input,7538,0,0,0,0,-1
0,0,16943,3,input,7539,0,0,0,0,-1
0,0,16944,3,input,7540,0,0,0,0,-1
0,0,16945,3,input,7541,0,0,0,0,-1
0,0,16946,3,input,7542,0,0,0,0,-1
0,0,16947,3,input,7544,0,0,0,0,-1
0,0,16948,3,input,7546,0,0,0,0,-1
0,0,16949,3,input,7547,0,0,0,0,1
0,0,16950,3,input,7550,0,0,0,0,-1
0,0,16951,3,input,7551,0,0,0,0,-1
0,0,16952,3,input,7555,0,0,0,0,1
0,0,16953,3,input,7558,0,0,0,0,-1
0,0,16954,3,input,7559,0,0,0,0,-1
0,0,16955,3,input,7561,0,0,0,0,1
0,0,16956,3,input,7562,0,0,0,0,-1
0,0,16957,3,input,7563,0,0,0,0,-1
0,0,16958,3,input,7565,0,0,0,0,-1
0,0,16959,3,input,7566,0,0,0,0,1
0,0,16960,3,input,7567,0,0,0,0,-1
0,0,16961,3,input,7569,0,0,0,0,-1
0,0,16962,3,input,7571,0,0,0,0,-1
0,0,16963,3,input,7572,0,0,0,0,-1
0,0,16964,3,input,7575,0,0,0,0,1
0,0,16965,3,input,7577,0,0,0,0,-1
0,0,16966,3,input,7578,0,0,0,0,-1
0,0,16967,3,input,7579,0,0,0,0,-1
0,0,16968,3,input,7580,0,0,0,0,-1
0,0,16969,3,input,7581,0,0,0,0,-1
0,0,16970,3,input,7586,0,0,0,0,-1
0,0,16971,3,input,7587,0,0,0,0,-1
0,0,16972,3,input,7588,0,0,0,0,-1
0,0,16973,3,input,7594,0,0,0,0,-1
0,0,16974,3,input,7595,0,0,0,0,1
0,0,16975,3,input,7596,0,0,0,0,-1
0,0,16976,3,input,7597,0,0,0,0,-1
0,0,16977,3,input,7598,0,0,0,0,-1
0,0,16978,3,input,7601,0,0,0,0,-1
0,0,16979,3,input,7604,0,0,0,0,-1
0,0,16980,3,input,7606,0,0,0,0,-1
0,0,16981,3,input,7607,0,0,0,0,-1
0,0,16982,3,input,7608,0,0,0,0,-1
0,0,16983,3,input,7609,0,0,0,0,-1
0,0,16984,3,input,7611,0,0,0,0,-1
0,0,16985,3,input,7612,0,0,0,0,-1
0,0,16986,3,input,7614,0,0,0,0,-1
0,0,16987,3,input,7616,0,0,0,0,-1
0,0,16988,3,input,7617,0,0,0,0,-1
0,0,16989,3,input,7618,0,0,0,0,-1
0,0,16990,3,input,7619,0,0,0,0,-1
0,0,16991,3,input,7620,0,0,0,0,-1
0,0,16992,3,input,7621,0,0,0,0,-1
0,0,16993,3,input,7622,0,0,0,0,1
0,0,16994,3,input,7624,0,0,0,0,1
0,0,16995,3,input,7625,0,0,0,0,1
0,0,16996,3,input,7626,0,0,0,0,-1
0,0,16997,3,input,7627,0,0,0,0,-1
0,0,16998,3,input,7628,0,0,0,0,-1
0,0,16999,3,input,7629,0,0,0,0,1
0,0,17000,3,input,7631,0,0,0,0,-1
0,0,17001,3,input,7632,0,0,0,0,-1
0,0,17002,3,input,7633,0,0,0,0,-1
0,0,17003,3,input,7635,0,0,0,0,-1
0,0,17004,3,input,7636,0,0,0,0,-1
0,0,17005,3,input,7639,0,0,0,0,-1
0,0,17006,3,input,7640,0,0,0,0,1
0,0,17007,3,input,7642,0,0,0,0,-1
0,0,17008,3,input,7643,0,0,0,0,-1
0,0,17009,3,input,7646,0,0,0,0,-1
0,0,17010,3,input,7647,0,0,0,0,-1
0,0,17011,3,input,7648,0,0,0,0,-1
0,0,17012,3,input,7650,0,0,0,0,-1
0,0,17013,3,input,7651,0,0,0,0,-1
0,0,17014,3,input,7653,0,0,0,0,-1
0,0,17015,3,input,7654,0,0,0,0,1
0,0,17016,3,input,7655,0,0,0,0,-1
0,0,17017,3,input,7656,0,0,0,0,-1
0,0,17018,3,input,7658,0,0,0,0,-1
0,0,17019,3,input,7662,0,0,0,0,-1
0,0,17020,3,input,7664,0,0,0,0,1
0,0,17021,3,input,7665,0,0,0,0,-1
0,0,17022,3,input,7667,0,0,0,0,-1
0,0,17023,3,input,7668,0,0,0,0,-1
0,0,17024,3,input,7670,0,0,0,0,-1
0,0,17025,3,input,7672,0,0,0,0,-1
0,0,17026,3,input,7673,0,0,0,0,1
0,0,17027,3,input,7674,0,0,0,0,-1
0,0,17028,3,input,7675,0,0,0,0,1
0,0,17029,3,input,7679,0,0,0,0,-1
0,0,17030,3,input,7681,0,0,0,0,-1
0,0,17031,3,input,7682,0,0,0,0,-1
0,0,17032,3,input,7683,0,0,0,0,1
0,0,17033,3,input,7684,0,0,0,0,-1
0,0,17034,3,input,7685,0,0,0,0,-1
0,0,17035,3,input,7686,0,0,0,0,-1
0,0,17036,3,input,7687,0,0,0,0,-1
0,0,17037,3,input,7688,0,0,0,0,-1
0,0,17038,3,input,7693,0,0,0,0,-1
0,0,17039,3,input,7694,0,0,0,0,1
0,0,17040,3,input,7696,0,0,0,0,-1
0,0,17041,3,input,7697,0,0,0,0,-1
0,0,17042,3,input,7699,0,0,0,0,-1
0,0,17043,3,input,7700,0,0,0,0,-1
0,0,17044,3,input,7702,0,0,0,0,-1
0,0,17045,3,input,7703,0,0,0,0,1
0,0,17046,3,input,7705,0,0,0,0,-1
0,0,17047,3,input,7707,0,0,0,0,-1
0,0,17048,3,input,7708,0,0,0,0,-1
0,0,17049,3,input,7709,0,0,0,0,-1
0,0,17050,3,input,7710,0,0,0,0,-1
0,0,17051,3,input,7711,0,0,0,0,-1
0,0,17052,3,input,7712,0,0,0,0,-1
0,0,17053,3,input,7714,0,0,0,0,-1
0,0,17054,3,input,7716,0,0,0,0,-1
0,0,17055,3,input,7721,0,0,0,0,1
0,0,17056,3,input,7722,0,0,0,0,-1
0,0,17057,3,input,7723,0,0,0,0,1
0,0,17058,3,input,7724,0,0,0,0,-1
0,0,17059,3,input,7725,0,0,0,0,-1
0,0,17060,3,input,7729,0,0,0,0,-1
0,0,17061,3,input,7731,0,0,0,0,-1
0,0,17062,3,input,7732,0,0,0,0,-1
0,0,17063,3,input,7735,0,0,0,0,-1
0,0,17064,3,input,7736,0,0,0,0,-1
0,0,17065,3,input,7739,0,0,0,0,-1
0,0,17066,3,input,7742,0,0,0,0,-1
0,0,17067,3,input,7744,0,0,0,0,-1
0,0,17068,3,input,7747,0,0,0,0,-1
0,0,17069,3,input,7749,0,0,0,0,-1
0,0,17070,3,input,7750,0,0,0,0,1
0,0,17071,3,input,7751,0,0,0,0,-1
0,0,17072,3,input,7755,0,0,0,0,-1
0,0,17073,3,input,7756,0,0,0,0,-1
0,0,17074,3,input,7757,0,0,0,0,1
0,0,17075,3,input,7758,0,0,0,0,-1
0,0,17076,3,input,7759,0,0,0,0,-1
0,0,17077,3,input,7760,0,0,0,0,-1
0,0,17078,3,input,7761,0,0,0,0,-1
0,0,17079,3,input,7764,0,0,0,0,-1
0,0,17080,3,input,7767,0,0,0,0,-1
0,0,17081,3,input,7770,0,0,0,0,-1
0,0,17082,3,input,7774,0,0,0,0,-1
0,0,17083,3,input,7775,0,0,0,0,-1
0,0,17084,3,input,7776,0,0,0,0,-1
0,0,17085,3,input,7779,0,0,0,0,-1
0,0,17086,3,input,7781,0,0,0,0,-1
0,0,17087,3,input,7782,0,0,0,0,1
0,0,17088,3,input,7783,0,0,0,0,-1
0,0,17089,3,input,7784,0,0,0,0,-1
0,0,17090,3,input,7786,0,0,0,0,-1
0,0,17091,3,input,7788,0,0,0,0,-1
0,0,17092,3,input,7792,0,0,0,0,1
0,0,17093,3,input,7793,0,0,0,0,-1
0,0,17094,3,input,7795,0,0,0,0,-1
0,0,17095,3,input,7796,0,0,0,0,-1
0,0,17096,3,input,7798,0,0,0,0,-1
0,0,17097,3,input,7800,0,0,0,0,-1
0,0,17098,3,input,7801,0,0,0,0,1
0,0,17099,3,input,7802,0,0,0,0,-1
0,0,17100,3,input,7803,0,0,0,0,1
0,0,17101,3,input,7807,0,0,0,0,-1
0,0,17102,3,input,7808,0,0,0,0,-1
0,0,17103,3,input,7810,0,0,0,0,-1
0,0,17104,3,input,7811,0,0,0,0,1
0,0,17105,3,input,7813,0,0,0,0,-1
0,0,17106,3,input,7815,0,0,0,0,-1
0,0,17107,3,input,7816,0,0,0,0,-1
0,0,17108,3,input,7820,0,0,0,0,-1
0,0,17109,3,input,7821,0,0,0,0,-1
0,0,17110,3,input,7822,0,0,0,0,1
0,0,17111,3,input,7825,0,0,0,0,-1
0,0,17112,3,input,7827,0,0,0,0,-1
0,0,17113,3,input,7828,0,0,0,0,-1
0,0,17114,3,input,7829,0,0,0,0,-1
0,0,17115,3,input,7831,0,0,0,0,1
0,0,17116,3,input,7833,0,0,0,0,-1
0,0,17117,3,input,7834,0,0,0,0,-1
0,0,17118,3,input,7835,0,0,0,0,-1
0,0,17119,3,input,7836,0,0,0,0,-1
0,0,17120,3,input,7839,0,0,0,0,-1
0,0,17121,3,input,7841,0,0,0,0,-1
0,0,17122,3,input,7844,0,0,0,0,-1
0,0,17123,3,input,7847,0,0,0,0,1
0,0,17124,3,input,7850,0,0,0,0,-1
0,0,17125,3,input,7851,0,0,0,0,1
0,0,17126,3,input,7852,0,0,0,0,-1
0,0,17127,3,input,7853,0,0,0,0,-1
0,0,17128,3,input,7857,0,0,0,0,-1
0,0,17129,3,input,7859,0,0,0,0,-1
0,0,17130,3,input,7860,0,0,0,0,-1
0,0,17131,3,input,7862,0,0,0,0,-1
0,0,17132,3,input,7863,0,0,0,0,-1
0,0,17133,3,input,7864,0,0,0,0,-1
0,0,17134,3,input,7867,0,0,0,0,-1
0,0,17135,3,input,7870,0,0,0,0,-1
0,0,17136,3,input,7872,0,0,0,0,-1
0,0,17137,3,input,7873,0,0,0,0,-1
0,0,17138,3,input,7875,0,0,0,0,-1
0,0,17139,3,input,7877,0,0,0,0,-1
0,0,17140,3,input,7878,0,0,0,0,1
0,0,17141,3,input,7883,0,0,0,0,-1
0,0,17142,3,input,7885,0,0,0,0,1
0,0,17143,3,input,7887,0,0,0,0,-1
0,0,17144,3,input,7888,0,0,0,0,-1
0,0,17145,3,input,7889,0,0,0,0,-1
0,0,17146,3,input,7892,0,0,0,0,-1
0,0,17147,3,input,7895,0,0,0,0,-1
0,0,17148,3,input,7897,0,0,0,0,-1
0,0,17149,3,input,7898,0,0,0,0,-1
0,0,17150,3,input,7902,0,0,0,0,-1
0,0,17151,3,input,7903,0,0,0,0,-1
0,0,17152,3,input,7904,0,0,0,0,-1
0,0,17153,3,input,7906,0,0,0,0,-1
0,0,17154,3,input,7907,0,0,0,0,-1
0,0,17155,3,input,7909,0,0,0,0,-1
0,0,17156,3,input,7910,0,0,0,0,1
0,0,17157,3,input,7911,0,0,0,0,-1
0,0,17158,3,input,7912,0,0,0,0,-1
0,0,17159,3,input,7914,0,0,0,0,-1
0,0,17160,3,input,7916,0,0,0,0,-1
0,0,17161,3,input,7918,0,0,0,0,-1
0,0,17162,3,input,7920,0,0,0,0,1
0,0,17163,3,input,7921,0,0,0,0,-1
0,0,17164,3,input,7922,0,0,0,0,-1
0,0,17165,3,input,7923,0,0,0,0,-1
0,0,17166,3,input,7924,0,0,0,0,-1
0,0,17167,3,input,7925,0,0,0,0,-1
0,0,17168,3,input,7926,0,0,0,0,-1
0,0,17169,3,input,7927,0,0,0,0,1
0,0,17170,3,input,7928,0,0,0,0,-1
0,0,17171,3,input,7929,0,0,0,0,1
0,0,17172,3,input,7930,0,0,0,0,-1
0,0,17173,3,input,7931,0,0,0,0,1
0,0,17174,3,input,7934,0,0,0,0,-1
0,0,17175,3,input,7935,0,0,0,0,-1
0,0,17176,3,input,7937,0,0,0,0,-1
0,0,17177,3,input,7938,0,0,0,0,-1
0,0,17178,3,input,7939,0,0,0,0,1
0,0,17179,3,input,7941,0,0,0,0,-1
0,0,17180,3,input,7943,0,0,0,0,-1
0,0,17181,3,input,7944,0,0,0,0,-1
0,0,17182,3,input,7946,0,0,0,0,1
0,0,17183,3,input,7948,0,0,0,0,1
0,0,17184,3,input,7949,0,0,0,0,-1
0,0,17185,3,input,7952,0,0,0,0,-1
0,0,17186,3,input,7953,0,0,0,0,-1
0,0,17187,3,input,7956,0,0,0,0,-1
0,0,17188,3,input,7957,0,0,0,0,-1
0,0,17189,3,input,7961,0,0,0,0,-1
0,0,17190,3,input,7963,0,0,0,0,-1
0,0,17191,3,input,7964,0,0,0,0,-1
0,0,17192,3,input,7965,0,0,0,0,-1
0,0,17193,3,input,7968,0,0,0,0,-1
0,0,17194,3,input,7972,0,0,0,0,-1
0,0,17195,3,input,7974,0,0,0,0,1
0,0,17196,3,input,7979,0,0,0,0,1
0,0,17197,3,input,7980,0,0,0,0,-1
0,0,17198,3,input,7981,0,0,0,0,-1
0,0,17199,3,input,7983,0,0,0,0,-1
0,0,17200,3,input,7985,0,0,0,0,-1
0,0,17201,3,input,7988,0,0,0,0,-1
0,0,17202,3,input,7989,0,0,0,0,1
0,0,17203,3,input,7991,0,0,0,0,-1
0,0,17204,3,input,7992,0,0,0,0,-1
0,0,17205,3,input,7995,0,0,0,0,-1
0,0,17206,3,input,7996,0,0,0,0,-1
0,0,17207,3,input,8000,0,0,0,0,-1
0,0,17208,3,input,8001,0,0,0,0,-1
0,0,17209,3,input,8003,0,0,0,0,-1
0,0,17210,3,input,8005,0,0,0,0,-1
0,0,17211,3,input,8006,0,0,0,0,1
0,0,17212,3,input,8007,0,0,0,0,-1
0,0,17213,3,input,8011,0,0,0,0,-1
0,0,17214,3,input,8012,0,0,0,0,-1
0,0,17215,3,input,8013,0,0,0,0,1
0,0,17216,3,input,8014,0,0,0,0,-1
0,0,17217,3,input,8015,0,0,0,0,-1
0,0,17218,3,input,8017,0,0,0,0,-1
0,0,17219,3,input,8018,0,0,0,0,-1
0,0,17220,3,input,8024,0,0,0,0,-1
0,0,17221,3,input,8025,0,0,0,0,1
0,0,17222,3,input,8026,0,0,0,0,-1
0,0,17223,3,input,8030,0,0,0,0,-1
0,0,17224,3,input,8031,0,0,0,0,-1
0,0,17225,3,input,8032,0,0,0,0,-1
0,0,17226,3,input,8034,0,0,0,0,-1
0,0,17227,3,input,8038,0,0,0,0,1
0,0,17228,3,input,8039,0,0,0,0,-1
0,0,17229,3,input,8040,0,0,0,0,-1
0,0,17230,3,input,8043,0,0,0,0,1
0,0,17231,3,input,8044,0,0,0,0,-1
0,0,17232,3,input,8047,0,0,0,0,1
0,0,17233,3,input,8048,0,0,0,0,1
0,0,17234,3,input,8049,0,0,0,0,-1
0,0,17235,3,input,8050,0,0,0,0,-1
0,0,17236,3,input,8051,0,0,0,0,-1
0,0,17237,3,input,8052,0,0,0,0,-1
0,0,17238,3,input,8054,0,0,0,0,-1
0,0,17239,3,input,8055,0,0,0,0,1
0,0,17240,3,input,8057,0,0,0,0,1
0,0,17241,3,input,8058,0,0,0,0,-1
0,0,17242,3,input,8059,0,0,0,0,1
0,0,17243,3,input,8060,0,0,0,0,-1
0,0,17244,3,input,8062,0,0,0,0,-1
0,0,17245,3,input,8063,0,0,0,0,-1
0,0,17246,3,input,8065,0,0,0,0,-1
0,0,17247,3,input,8066,0,0,0,0,-1
0,0,17248,3,input,8067,0,0,0,0,1
0,0,17249,3,input,8069,0,0,0,0,-1
0,0,17250,3,input,8071,0,0,0,0,-1
0,0,17251,3,input,8072,0,0,0,0,-1
0,0,17252,3,input,8076,0,0,0,0,-1
0,0,17253,3,input,8077,0,0,0,0,-1
0,0,17254,3,input,8079,0,0,0,0,-1
0,0,17255,3,input,8081,0,0,0,0,-1
0,0,17256,3,input,8083,0,0,0,0,-1
0,0,17257,3,input,8084,0,0,0,0,-1
0,0,17258,3,input,8085,0,0,0,0,-1
0,0,17259,3,input,8086,0,0,0,0,-1
0,0,17260,3,input,8087,0,0,0,0,1
0,0,17261,3,input,8088,0,0,0,0,1
0,0,17262,3,input,8091,0,0,0,0,-1
0,0,17263,3,input,8092,0,0,0,0,-1
0,0,17264,3,input,8100,0,0,0,0,-1
0,0,17265,3,input,8102,0,0,0,0,1
0,0,17266,3,input,8103,0,0,0,0,1
0,0,17267,3,input,8106,0,0,0,0,-1
0,0,17268,3,input,8107,0,0,0,0,1
0,0,17269,3,input,8108,0,0,0,0,-1
0,0,17270,3,input,8109,0,0,0,0,-1
0,0,17271,3,input,8111,0,0,0,0,-1
0,0,17272,3,input,8113,0,0,0,0,-1
0,0,17273,3,input,8115,0,0,0,0,-1
0,0,17274,3,input,8116,0,0,0,0,-1
0,0,17275,3,input,8117,0,0,0,0,-1
0,0,17276,3,input,8118,0,0,0,0,-1
0,0,17277,3,input,8119,0,0,0,0,-1
0,0,17278,3,input,8120,0,0,0,0,-1
0,0,17279,3,input,8123,0,0,0,0,-1
0,0,17280,3,input,8124,0,0,0,0,-1
0,0,17281,3,input,8126,0,0,0,0,-1
0,0,17282,3,input,8128,0,0,0,0,-1
0,0,17283,3,input,8130,0,0,0,0,-1
0,0,17284,3,input,8131,0,0,0,0,-1
0,0,17285,3,input,8133,0,0,0,0,-1
0,0,17286,3,input,8134,0,0,0,0,1
0,0,17287,3,input,8136,0,0,0,0,1
0,0,17288,3,input,8140,0,0,0,0,-1
0,0,17289,3,input,8141,0,0,0,0,1
0,0,17290,3,input,8143,0,0,0,0,-1
0,0,17291,3,input,8144,0,0,0,0,-1
0,0,17292,3,input,8145,0,0,0,0,-1
0,0,17293,3,input,8146,0,0,0,0,-1
0,0,17294,3,input,8147,0,0,0,0,-1
0,0,17295,3,input,8148,0,0,0,0,-1
0,0,17296,3,input,8149,0,0,0,0,-1
0,0,17297,3,input,8151,0,0,0,0,-1
0,0,17298,3,input,8153,0,0,0,0,-1
0,0,17299,3,input,8154,0,0,0,0,-1
0,0,17300,3,input,8155,0,0,0,0,-1
0,0,17301,3,input,8158,0,0,0,0,-1
0,0,17302,3,input,8159,0,0,0,0,-1
0,0,17303,3,input,8161,0,0,0,0,1
0,0,17304,3,input,8162,0,0,0,0,-1
0,0,17305,3,input,8163,0,0,0,0,-1
0,0,17306,3,input,8164,0,0,0,0,-1
0,0,17307,3,input,8166,0,0,0,0,1
0,0,17308,3,input,8168,0,0,0,0,-1
0,0,17309,3,input,8169,0,0,0,0,-1
0,0,17310,3,input,8170,0,0,0,0,-1
0,0,17311,3,input,8172,0,0,0,0,-1
0,0,17312,3,input,8174,0,0,0,0,-1
0,0,17313,3,input,8176,0,0,0,0,1
0,0,17314,3,input,8177,0,0,0,0,-1
0,0,17315,3,input,8178,0,0,0,0,-1
0,0,17316,3,input,8179,0,0,0,0,-1
0,0,17317,3,input,8180,0,0,0,0,-1
0,0,17318,3,input,8181,0,0,0,0,-1
0,0,17319,3,input,8182,0,0,0,0,-1
0,0,17320,3,input,8183,0,0,0,0,1
0,0,17321,3,input,8184,0,0,0,0,-1
0,0,17322,3,input,8185,0,0,0,0,1
0,0,17323,3,input,8186,0,0,0,0,-1
0,0,17324,3,input,8187,0,0,0,0,1
0,0,17325,3,input,8188,0,0,0,0,1
0,0,17326,3,input,8190,0,0,0,0,-1
0,0,17327,3,input,8191,0,0,0,0,-1
0,0,17328,4,input,0,0,0,0,0,-1
0,0,17329,4,input,3,0,0,0,0,-1
0,0,17330,4,input,14,0,0,0,0,-1
0,0,17331,4,input,18,0,0,0,0,-1
0,0,17332,4,input,19,0,0,0,0,-1
0,0,17333,4,input,20,0,0,0,0,1
0,0,17334,4,input,21,0,0,0,0,-1
0,0,17335,4,input,22,0,0,0,0,-1
0,0,17336,4,input,30,0,0,0,0,-1
0,0,17337,4,input,33,0,0,0,0,-1
0,0,17338,4,input,35,0,0,0,0,-1
0,0,17339,4,input,38,0,0,0,0,-1
0,0,17340,4,input,39,0,0,0,0,-1
0,0,17341,4,input,41,0,0,0,0,-1
0,0,17342,4,input,43,0,0,0,0,-1
0,0,17343,4,input,48,0,0,0,0,-1
0,0,17344,4,input,49,0,0,0,0,1
0,0,17345,4,input,50,0,0,0,0,-1
0,0,17346,4,input,52,0,0,0,0,1
0,0,17347,4,input,53,0,0,0,0,-1
0,0,17348,4,input,54,0,0,0,0,-1
0,0,17349,4,input,55,0,0,0,0,1
0,0,17350,4,input,60,0,0,0,0,-1
0,0,17351,4,input,61,0,0,0,0,-1
0,0,17352,4,input,62,0,0,0,0,-1
0,0,17353,4,input,63,0,0,0,0,-1
0,0,17354,4,input,64,0,0,0,0,-1
0,0,17355,4,input,67,0,0,0,0,1
0,0,17356,4,input,68,0,0,0,0,-1
0,0,17357,4,input,70,0,0,0,0,-1
0,0,17358,4,input,74,0,0,0,0,-1
0,0,17359,4,input,75,0,0,0,0,1
0,0,17360,4,input,77,0,0,0,0,-1
0,0,17361,4,input,82,0,0,0,0,-1
0,0,17362,4,input,85,0,0,0,0,-1
0,0,17363,4,input,87,0,0,0,0,-1
0,0,17364,4,input,92,0,0,0,0,-1
0,0,17365,4,input,93,0,0,0,0,-1
0,0,17366,4,input,94,0,0,0,0,1
0,0,17367,4,input,97,0,0,0,0,-1
0,0,17368,4,input,102,0,0,0,0,-1
0,0,17369,4,input,107,0,0,0,0,-1
0,0,17370,4,input,109,0,0,0,0,-1
0,0,17371,4,input,111,0,0,0,0,-1
0,0,17372,4,input,112,0,0,0,0,-1
0,0,17373,4,input,116,0,0,0,0,1
0,0,17374,4,input,119,0,0,0,0,-1
0,0,17375,4,input,121,0,0,0,0,-1
0,0,17376,4,input,123,0,0,0,0,-1
0,0,17377,4,input,127,0,0,0,0,1
0,0,17378,4,input,131,0,0,0,0,-1
0,0,17379,4,input,134,0,0,0,0,-1
0,0,17380,4,input,135,0,0,0,0,-1
0,0,17381,4,input,137,0,0,0,0,-1
0,0,17382,4,input,142,0,0,0,0,-1
0,0,17383,4,input,146,0,0,0,0,-1
0,0,17384,4,input,147,0,0,0,0,-1
0,0,17385,4,input,149,0,0,0,0,-1
0,0,17386,4,input,150,0,0,0,0,-1
0,0,17387,4,input,152,0,0,0,0,-1
0,0,17388,4,input,156,0,0,0,0,-1
0,0,17389,4,input,158,0,0,0,0,-1
0,0,17390,4,input,160,0,0,0,0,-1
0,0,17391,4,input,166,0,0,0,0,-1
0,0,17392,4,input,167,0,0,0,0,-1
0,0,17393,4,input,169,0,0,0,0,-1
0,0,17394,4,input,171,0,0,0,0,-1
0,0,17395,4,input,176,0,0,0,0,-1
0,0,17396,4,input,177,0,0,0,0,1
0,0,17397,4,input,178,0,0,0,0,-1
0,0,17398,4,input,181,0,0,0,0,-1
0,0,17399,4,input,183,0,0,0,0,1
0,0,17400,4,input,188,0,0,0,0,-1
0,0,17401,4,input,191,0,0,0,0,-1
0,0,17402,4,input,192,0,0,0,0,-1
0,0,17403,4,input,195,0,0,0,0,1
0,0,17404,4,input,196,0,0,0,0,-1
0,0,17405,4,input,198,0,0,0,0,-1
0,0,17406,4,input,205,0,0,0,0,-1
0,0,17407,4,input,213,0,0,0,0,-1
0,0,17408,4,input,216,0,0,0,0,-1
0,0,17409,4,input,220,0,0,0,0,-1
0,0,17410,4,input,221,0,0,0,0,-1
0,0,17411,4,input,222,0,0,0,0,1
0,0,17412,4,input,224,0,0,0,0,-1
0,0,17413,4,input,225,0,0,0,0,-1
0,0,17414,4,input,230,0,0,0,0,-1
0,0,17415,4,input,237,0,0,0,0,-1
0,0,17416,4,input,239,0,0,0,0,-1
0,0,17417,4,input,240,0,0,0,0,-1
0,0,17418,4,input,244,0,0,0,0,1
0,0,17419,4,input,247,0,0,0,0,-1
0,0,17420,4,input,249,0,0,0,0,-1
0,0,17421,4,input,251,0,0,0,0,-1
0,0,17422,4,input,255,0,0,0,0,1
0,0,17423,4,input,259,0,0,0,0,-1
0,0,17424,4,input,262,0,0,0,0,-1
0,0,17425,4,input,265,0,0,0,0,-1
0,0,17426,4,input,270,0,0,0,0,-1
0,0,17427,4,input,274,0,0,0,0,-1
0,0,17428,4,input,275,0,0,0,0,-1
0,0,17429,4,input,277,0,0,0,0,-1
0,0,17430,4,input,278,0,0,0,0,-1
0,0,17431,4,input,280,0,0,0,0,-1
0,0,17432,4,input,286,0,0,0,0,-1
0,0,17433,4,input,287,0,0,0,0,-1
0,0,17434,4,input,289,0,0,0,0,-1
0,0,17435,4,input,294,0,0,0,0,-1
0,0,17436,4,input,297,0,0,0,0,-1
0,0,17437,4,input,299,0,0,0,0,-1
0,0,17438,4,input,304,0,0,0,0,-1
0,0,17439,4,input,305,0,0,0,0,1
0,0,17440,4,input,309,0,0,0,0,-1
0,0,17441,4,input,310,0,0,0,0,-1
0,0,17442,4,input,311,0,0,0,0,1
0,0,17443,4,input,317,0,0,0,0,-1
0,0,17444,4,input,319,0,0,0,0,-1
0,0,17445,4,input,326,0,0,0,0,-1
0,0,17446,4,input,330,0,0,0,0,-1
0,0,17447,4,input,333,0,0,0,0,-1
0,0,17448,4,input,337,0,0,0,0,-1
0,0,17449,4,input,338,0,0,0,0,-1
0,0,17450,4,input,341,0,0,0,0,-1
0,0,17451,4,input,344,0,0,0,0,-1
0,0,17452,4,input,348,0,0,0,0,-1
0,0,17453,4,input,349,0,0,0,0,-1
0,0,17454,4,input,350,0,0,0,0,1
0,0,17455,4,input,353,0,0,0,0,-1
0,0,17456,4,input,358,0,0,0,0,-1
0,0,17457,4,input,365,0,0,0,0,-1
0,0,17458,4,input,367,0,0,0,0,-1
0,0,17459,4,input,368,0,0,0,0,-1
0,0,17460,4,input,372,0,0,0,0,1
0,0,17461,4,input,375,0,0,0,0,-1
0,0,17462,4,input,376,0,0,0,0,-1
0,0,17463,4,input,377,0,0,0,0,-1
0,0,17464,4,input,379,0,0,0,0,-1
0,0,17465,4,input,381,0,0,0,0,-1
0,0,17466,4,input,383,0,0,0,0,1
0,0,17467,4,input,387,0,0,0,0,-1
0,0,17468,4,input,393,0,0,0,0,-1
0,0,17469,4,input,398,0,0,0,0,-1
0,0,17470,4,input,402,0,0,0,0,-1
0,0,17471,4,input,403,0,0,0,0,-1
0,0,17472,4,input,405,0,0,0,0,-1
0,0,17473,4,input,406,0,0,0,0,-1
0,0,17474,4,input,412,0,0,0,0,-1
0,0,17475,4,input,416,0,0,0,0,-1
0,0,17476,4,input,417,0,0,0,0,-1
0,0,17477,4,input,421,0,0,0,0,-1
0,0,17478,4,input,422,0,0,0,0,-1
0,0,17479,4,input,423,0,0,0,0,-1
0,0,17480,4,input,425,0,0,0,0,-1
0,0,17481,4,input,426,0,0,0,0,-1
0,0,17482,4,input,427,0,0,0,0,-1
0,0,17483,4,input,432,0,0,0,0,-1
0,0,17484,4,input,433,0,0,0,0,1
0,0,17485,4,input,434,0,0,0,0,-1
0,0,17486,4,input,436,0,0,0,0,1
0,0,17487,4,input,437,0,0,0,0,-1
0,0,17488,4,input,438,0,0,0,0,-1
0,0,17489,4,input,446,0,0,0,0,-1
0,0,17490,4,input,447,0,0,0,0,-1
0,0,17491,4,input,448,0,0,0,0,-1
0,0,17492,4,input,451,0,0,0,0,1
0,0,17493,4,input,454,0,0,0,0,-1
0,0,17494,4,input,457,0,0,0,0,-1
0,0,17495,4,input,458,0,0,0,0,-1
0,0,17496,4,input,461,0,0,0,0,-1
0,0,17497,4,input,465,0,0,0,0,-1
0,0,17498,4,input,466,0,0,0,0,-1
0,0,17499,4,input,471,0,0,0,0,-1
0,0,17500,4,input,472,0,0,0,0,-1
0,0,17501,4,input,476,0,0,0,0,-1
0,0,17502,4,input,477,0,0,0,0,-1
0,0,17503,4,input,478,0,0,0,0,1
0,0,17504,4,input,481,0,0,0,0,-1
0,0,17505,4,input,484,0,0,0,0,-1
0,0,17506,4,input,486,0,0,0,0,-1
0,0,17507,4,input,493,0,0,0,0,-1
0,0,17508,4,input,495,0,0,0,0,-1
0,0,17509,4,input,496,0,0,0,0,-1
0,0,17510,4,input,500,0,0,0,0,1
0,0,17511,4,input,503,0,0,0,0,-1
0,0,17512,4,input,505,0,0,0,0,-1
0,0,17513,4,input,507,0,0,0,0,-1
0,0,17514,4,input,509,0,0,0,0,-1
0,0,17515,4,input,511,0,0,0,0,1
0,0,17516,4,input,514,0,0,0,0,1
0,0,17517,4,input,515,0,0,0,0,-1
0,0,17518,4,input,518,0,0,0,0,-1
0,0,17519,4,input,521,0,0,0,0,-1
0,0,17520,4,input,526,0,0,0,0,-1
0,0,17521,4,input,530,0,0,0,0,-1
0,0,17522,4,input,531,0,0,0,0,-1
0,0,17523,4,input,533,0,0,0,0,-1
0,0,17524,4,input,534,0,0,0,0,-1
0,0,17525,4,input,540,0,0,0,0,-1
0,0,17526,4,input,542,0,0,0,0,-1
0,0,17527,4,input,543,0,0,0,0,-1
0,0,17528,4,input,547,0,0,0,0,-1
0,0,17529,4,input,549,0,0,0,0,-1
0,0,17530,4,input,550,0,0,0,0,-1
0,0,17531,4,input,552,0,0,0,0,-1
0,0,17532,4,input,553,0,0,0,0,-1
0,0,17533,4,input,554,0,0,0,0,-1
0,0,17534,4,input,555,0,0,0,0,-1
0,0,17535,4,input,560,0,0,0,0,-1
0,0,17536,4,input,561,0,0,0,0,1
0,0,17537,4,input,562,0,0,0,0,-1
0,0,17538,4,input,566,0,0,0,0,-1
0,0,17539,4,input,572,0,0,0,0,-1
0,0,17540,4,input,575,0,0,0,0,-1
0,0,17541,4,input,582,0,0,0,0,-1
0,0,17542,4,input,585,0,0,0,0,-1
0,0,17543,4,input,586,0,0,0,0,-1
0,0,17544,4,input,589,0,0,0,0,-1
0,0,17545,4,input,593,0,0,0,0,-1
0,0,17546,4,input,594,0,0,0,0,-1
0,0,17547,4,input,595,0,0,0,0,-1
0,0,17548,4,input,604,0,0,0,0,-1
0,0,17549,4,input,605,0,0,0,0,-1
0,0,17550,4,input,607,0,0,0,0,-1
0,0,17551,4,input,609,0,0,0,0,-1
0,0,17552,4,input,614,0,0,0,0,-1
0,0,17553,4,input,621,0,0,0,0,-1
0,0,17554,4,input,624,0,0,0,0,-1
0,0,17555,4,input,628,0,0,0,0,1
0,0,17556,4,input,629,0,0,0,0,-1
0,0,17557,4,input,631,0,0,0,0,-1
0,0,17558,4,input,633,0,0,0,0,-1
0,0,17559,4,input,635,0,0,0,0,-1
0,0,17560,4,input,637,0,0,0,0,-1
0,0,17561,4,input,639,0,0,0,0,1
0,0,17562,4,input,642,0,0,0,0,1
0,0,17563,4,input,643,0,0,0,0,-1
0,0,17564,4,input,645,0,0,0,0,1
0,0,17565,4,input,649,0,0,0,0,-1
0,0,17566,4,input,650,0,0,0,0,-1
0,0,17567,4,input,654,0,0,0,0,-1
0,0,17568,4,input,658,0,0,0,0,-1
0,0,17569,4,input,661,0,0,0,0,-1
0,0,17570,4,input,663,0,0,0,0,1
0,0,17571,4,input,668,0,0,0,0,-1
0,0,17572,4,input,675,0,0,0,0,-1
0,0,17573,4,input,678,0,0,0,0,-1
0,0,17574,4,input,680,0,0,0,0,-1
0,0,17575,4,input,681,0,0,0,0,-1
0,0,17576,4,input,682,0,0,0,0,-1
0,0,17577,4,input,683,0,0,0,0,-1
0,0,17578,4,input,684,0,0,0,0,-1
0,0,17579,4,input,688,0,0,0,0,-1
0,0,17580,4,input,694,0,0,0,0,-1
0,0,17581,4,input,697,0,0,0,0,-1
0,0,17582,4,input,700,0,0,0,0,-1
0,0,17583,4,input,704,0,0,0,0,-1
0,0,17584,4,input,706,0,0,0,0,-1
0,0,17585,4,input,709,0,0,0,0,-1
0,0,17586,4,input,710,0,0,0,0,-1
0,0,17587,4,input,714,0,0,0,0,-1
0,0,17588,4,input,717,0,0,0,0,-1
0,0,17589,4,input,720,0,0,0,0,-1
0,0,17590,4,input,721,0,0,0,0,-1
0,0,17591,4,input,723,0,0,0,0,-1
0,0,17592,4,input,727,0,0,0,0,-1
0,0,17593,4,input,731,0,0,0,0,-1
0,0,17594,4,input,732,0,0,0,0,-1
0,0,17595,4,input,733,0,0,0,0,-1
0,0,17596,4,input,736,0,0,0,0,-1
0,0,17597,4,input,737,0,0,0,0,-1
0,0,17598,4,input,742,0,0,0,0,-1
0,0,17599,4,input,749,0,0,0,0,-1
0,0,17600,4,input,751,0,0,0,0,-1
0,0,17601,4,input,752,0,0,0,0,-1
0,0,17602,4,input,756,0,0,0,0,1
0,0,17603,4,input,757,0,0,0,0,-1
0,0,17604,4,input,758,0,0,0,0,-1
0,0,17605,4,input,761,0,0,0,0,-1
0,0,17606,4,input,763,0,0,0,0,-1
0,0,17607,4,input,765,0,0,0,0,-1
0,0,17608,4,input,766,0,0,0,0,-1
0,0,17609,4,input,771,0,0,0,0,-1
0,0,17610,4,input,774,0,0,0,0,-1
0,0,17611,4,input,776,0,0,0,0,-1
0,0,17612,4,input,777,0,0,0,0,-1
0,0,17613,4,input,782,0,0,0,0,-1
0,0,17614,4,input,786,0,0,0,0,-1
0,0,17615,4,input,787,0,0,0,0,-1
0,0,17616,4,input,790,0,0,0,0,-1
0,0,17617,4,input,791,0,0,0,0,1
0,0,17618,4,input,798,0,0,0,0,-1
0,0,17619,4,input,803,0,0,0,0,-1
0,0,17620,4,input,805,0,0,0,0,-1
0,0,17621,4,input,806,0,0,0,0,-1
0,0,17622,4,input,809,0,0,0,0,-1
0,0,17623,4,input,810,0,0,0,0,-1
0,0,17624,4,input,811,0,0,0,0,-1
0,0,17625,4,input,816,0,0,0,0,-1
0,0,17626,4,input,817,0,0,0,0,1
0,0,17627,4,input,818,0,0,0,0,-1
0,0,17628,4,input,822,0,0,0,0,-1
0,0,17629,4,input,825,0,0,0,0,-1
0,0,17630,4,input,828,0,0,0,0,-1
0,0,17631,4,input,837,0,0,0,0,-1
0,0,17632,4,input,838,0,0,0,0,-1
0,0,17633,4,input,841,0,0,0,0,-1
0,0,17634,4,input,842,0,0,0,0,-1
0,0,17635,4,input,844,0,0,0,0,-1
0,0,17636,4,input,845,0,0,0,0,-1
0,0,17637,4,input,849,0,0,0,0,-1
0,0,17638,4,input,853,0,0,0,0,-1
0,0,17639,4,input,855,0,0,0,0,-1
0,0,17640,4,input,860,0,0,0,0,-1
0,0,17641,4,input,861,0,0,0,0,-1
0,0,17642,4,input,863,0,0,0,0,-1
0,0,17643,4,input,868,0,0,0,0,-1
0,0,17644,4,input,870,0,0,0,0,-1
0,0,17645,4,input,875,0,0,0,0,-1
0,0,17646,4,input,877,0,0,0,0,-1
0,0,17647,4,input,879,0,0,0,0,-1
0,0,17648,4,input,880,0,0,0,0,-1
0,0,17649,4,input,882,0,0,0,0,1
0,0,17650,4,input,884,0,0,0,0,1
0,0,17651,4,input,887,0,0,0,0,-1
0,0,17652,4,input,889,0,0,0,0,-1
0,0,17653,4,input,891,0,0,0,0,-1
0,0,17654,4,input,893,0,0,0,0,-1
0,0,17655,4,input,895,0,0,0,0,1
0,0,17656,4,input,899,0,0,0,0,-1
0,0,17657,4,input,902,0,0,0,0,-1
0,0,17658,4,input,903,0,0,0,0,-1
0,0,17659,4,input,905,0,0,0,0,-1
0,0,17660,4,input,908,0,0,0,0,-1
0,0,17661,4,input,909,0,0,0,0,-1
0,0,17662,4,input,910,0,0,0,0,-1
0,0,17663,4,input,914,0,0,0,0,-1
0,0,17664,4,input,915,0,0,0,0,-1
0,0,17665,4,input,917,0,0,0,0,-1
0,0,17666,4,input,919,0,0,0,0,1
0,0,17667,4,input,923,0,0,0,0,-1
0,0,17668,4,input,924,0,0,0,0,-1
0,0,17669,4,input,926,0,0,0,0,-1
0,0,17670,4,input,927,0,0,0,0,-1
0,0,17671,4,input,929,0,0,0,0,-1
0,0,17672,4,input,931,0,0,0,0,-1
0,0,17673,4,input,933,0,0,0,0,-1
0,0,17674,4,input,934,0,0,0,0,-1
0,0,17675,4,input,937,0,0,0,0,-1
0,0,17676,4,input,938,0,0,0,0,-1
0,0,17677,4,input,939,0,0,0,0,-1
0,0,17678,4,input,943,0,0,0,0,-1
0,0,17679,4,input,944,0,0,0,0,-1
0,0,17680,4,input,945,0,0,0,0,1
0,0,17681,4,input,946,0,0,0,0,-1
0,0,17682,4,input,949,0,0,0,0,-1
0,0,17683,4,input,951,0,0,0,0,1
0,0,17684,4,input,956,0,0,0,0,-1
0,0,17685,4,input,959,0,0,0,0,-1
0,0,17686,4,input,966,0,0,0,0,-1
0,0,17687,4,input,969,0,0,0,0,-1
0,0,17688,4,input,970,0,0,0,0,-1
0,0,17689,4,input,973,0,0,0,0,-1
0,0,17690,4,input,977,0,0,0,0,-1
0,0,17691,4,input,981,0,0,0,0,-1
0,0,17692,4,input,983,0,0,0,0,-1
0,0,17693,4,input,984,0,0,0,0,-1
0,0,17694,4,input,988,0,0,0,0,-1
0,0,17695,4,input,989,0,0,0,0,-1
0,0,17696,4,input,990,0,0,0,0,1
0,0,17697,4,input,997,0,0,0,0,-1
0,0,17698,4,input,998,0,0,0,0,-1
0,0,17699,4,input,1000,0,0,0,0,-1
0,0,17700,4,input,1003,0,0,0,0,-1
0,0,17701,4,input,1005,0,0,0,0,-1
0,0,17702,4,input,1008,0,0,0,0,-1
0,0,17703,4,input,1012,0,0,0,0,1
0,0,17704,4,input,1015,0,0,0,0,-1
0,0,17705,4,input,1017,0,0,0,0,-1
0,0,17706,4,input,1019,0,0,0,0,-1
0,0,17707,4,input,1021,0,0,0,0,-1
0,0,17708,4,input,1022,0,0,0,0,-1
0,0,17709,4,input,1023,0,0,0,0,1
0,0,17710,4,input,1024,0,0,0,0,-1
0,0,17711,4,input,1026,0,0,0,0,1
0,0,17712,4,input,1027,0,0,0,0,-1
0,0,17713,4,input,1028,0,0,0,0,1
0,0,17714,4,input,1029,0,0,0,0,1
0,0,17715,4,input,1032,0,0,0,0,1
0,0,17716,4,input,1033,0,0,0,0,-1
0,0,17717,4,input,1034,0,0,0,0,-1
0,0,17718,4,input,1038,0,0,0,0,-1
0,0,17719,4,input,1043,0,0,0,0,-1
0,0,17720,4,input,1046,0,0,0,0,-1
0,0,17721,4,input,1047,0,0,0,0,1
0,0,17722,4,input,1050,0,0,0,0,-1
0,0,17723,4,input,1052,0,0,0,0,-1
0,0,17724,4,input,1054,0,0,0,0,-1
0,0,17725,4,input,1055,0,0,0,0,-1
0,0,17726,4,input,1059,0,0,0,0,-1
0,0,17727,4,input,1062,0,0,0,0,-1
0,0,17728,4,input,1064,0,0,0,0,-1
0,0,17729,4,input,1065,0,0,0,0,-1
0,0,17730,4,input,1066,0,0,0,0,-1
0,0,17731,4,input,1067,0,0,0,0,-1
0,0,17732,4,input,1068,0,0,0,0,-1
0,0,17733,4,input,1071,0,0,0,0,-1
0,0,17734,4,input,1081,0,0,0,0,-1
0,0,17735,4,input,1083,0,0,0,0,1
0,0,17736,4,input,1084,0,0,0,0,-1
0,0,17737,4,input,1085,0,0,0,0,-1
0,0,17738,4,input,1086,0,0,0,0,-1
0,0,17739,4,input,1087,0,0,0,0,-1
0,0,17740,4,input,1088,0,0,0,0,-1
0,0,17741,4,input,1089,0,0,0,0,-1
0,0,17742,4,input,1090,0,0,0,0,-1
0,0,17743,4,input,1094,0,0,0,0,-1
0,0,17744,4,input,1095,0,0,0,0,1
0,0,17745,4,input,1098,0,0,0,0,-1
0,0,17746,4,input,1101,0,0,0,0,-1
0,0,17747,4,input,1104,0,0,0,0,-1
0,0,17748,4,input,1107,0,0,0,0,-1
0,0,17749,4,input,1111,0,0,0,0,-1
0,0,17750,4,input,1112,0,0,0,0,1
0,0,17751,4,input,1113,0,0,0,0,-1
0,0,17752,4,input,1114,0,0,0,0,-1
0,0,17753,4,input,1115,0,0,0,0,-1
0,0,17754,4,input,1116,0,0,0,0,-1
0,0,17755,4,input,1117,0,0,0,0,-1
0,0,17756,4,input,1123,0,0,0,0,-1
0,0,17757,4,input,1124,0,0,0,0,-1
0,0,17758,4,input,1127,0,0,0,0,-1
0,0,17759,4,input,1133,0,0,0,0,-1
0,0,17760,4,input,1135,0,0,0,0,-1
0,0,17761,4,input,1136,0,0,0,0,-1
0,0,17762,4,input,1137,0,0,0,0,-1
0,0,17763,4,input,1140,0,0,0,0,1
0,0,17764,4,input,1141,0,0,0,0,-1
0,0,17765,4,input,1142,0,0,0,0,-1
0,0,17766,4,input,1143,0,0,0,0,-1
0,0,17767,4,input,1145,0,0,0,0,-1
0,0,17768,4,input,1146,0,0,0,0,1
0,0,17769,4,input,1147,0,0,0,0,-1
0,0,17770,4,input,1150,0,0,0,0,-1
0,0,17771,4,input,1155,0,0,0,0,-1
0,0,17772,4,input,1158,0,0,0,0,-1
0,0,17773,4,input,1161,0,0,0,0,-1
0,0,17774,4,input,1166,0,0,0,0,-1
0,0,17775,4,input,1170,0,0,0,0,-1
0,0,17776,4,input,1171,0,0,0,0,-1
0,0,17777,4,input,1173,0,0,0,0,-1
0,0,17778,4,input,1174,0,0,0,0,-1
0,0,17779,4,input,1176,0,0,0,0,-1
0,0,17780,4,input,1185,0,0,0,0,-1
0,0,17781,4,input,1186,0,0,0,0,-1
0,0,17782,4,input,1190,0,0,0,0,-1
0,0,17783,4,input,1191,0,0,0,0,-1
0,0,17784,4,input,1193,0,0,0,0,-1
0,0,17785,4,input,1195,0,0,0,0,-1
0,0,17786,4,input,1200,0,0,0,0,-1
0,0,17787,4,input,1201,0,0,0,0,1
0,0,17788,4,input,1202,0,0,0,0,-1
0,0,17789,4,input,1204,0,0,0,0,1
0,0,17790,4,input,1205,0,0,0,0,-1
0,0,17791,4,input,1206,0,0,0,0,-1
0,0,17792,4,input,1207,0,0,0,0,1
0,0,17793,4,input,1213,0,0,0,0,-1
0,0,17794,4,input,1214,0,0,0,0,-1
0,0,17795,4,input,1215,0,0,0,0,-1
0,0,17796,4,input,1220,0,0,0,0,-1
0,0,17797,4,input,1222,0,0,0,0,-1
0,0,17798,4,input,1229,0,0,0,0,-1
0,0,17799,4,input,1237,0,0,0,0,-1
0,0,17800,4,input,1244,0,0,0,0,-1
0,0,17801,4,input,1245,0,0,0,0,-1
0,0,17802,4,input,1246,0,0,0,0,1
0,0,17803,4,input,1252,0,0,0,0,-1
0,0,17804,4,input,1254,0,0,0,0,-1
0,0,17805,4,input,1261,0,0,0,0,-1
0,0,17806,4,input,1263,0,0,0,0,-1
0,0,17807,4,input,1264,0,0,0,0,-1
0,0,17808,4,input,1268,0,0,0,0,1
0,0,17809,4,input,1271,0,0,0,0,-1
0,0,17810,4,input,1273,0,0,0,0,-1
0,0,17811,4,input,1275,0,0,0,0,-1
0,0,17812,4,input,1279,0,0,0,0,1
0,0,17813,4,input,1280,0,0,0,0,-1
0,0,17814,4,input,1283,0,0,0,0,-1
0,0,17815,4,input,1289,0,0,0,0,-1
0,0,17816,4,input,1290,0,0,0,0,1
0,0,17817,4,input,1292,0,0,0,0,1
0,0,17818,4,input,1294,0,0,0,0,-1
0,0,17819,4,input,1295,0,0,0,0,-1
0,0,17820,4,input,1296,0,0,0,0,-1
0,0,17821,4,input,1297,0,0,0,0,1
0,0,17822,4,input,1298,0,0,0,0,-1
0,0,17823,4,input,1299,0,0,0,0,-1
0,0,17824,4,input,1301,0,0,0,0,-1
0,0,17825,4,input,1302,0,0,0,0,-1
0,0,17826,4,input,1305,0,0,0,0,-1
0,0,17827,4,input,1308,0,0,0,0,-1
0,0,17828,4,input,1310,0,0,0,0,-1
0,0,17829,4,input,1312,0,0,0,0,-1
0,0,17830,4,input,1313,0,0,0,0,-1
0,0,17831,4,input,1315,0,0,0,0,-1
0,0,17832,4,input,1317,0,0,0,0,-1
0,0,17833,4,input,1318,0,0,0,0,-1
0,0,17834,4,input,1320,0,0,0,0,-1
0,0,17835,4,input,1321,0,0,0,0,-1
0,0,17836,4,input,1323,0,0,0,0,-1
0,0,17837,4,input,1325,0,0,0,0,1
0,0,17838,4,input,1328,0,0,0,0,-1
0,0,17839,4,input,1329,0,0,0,0,1
0,0,17840,4,input,1333,0,0,0,0,-1
0,0,17841,4,input,1335,0,0,0,0,1
0,0,17842,4,input,1338,0,0,0,0,-1
0,0,17843,4,input,1341,0,0,0,0,-1
0,0,17844,4,input,1342,0,0,0,0,-1
0,0,17845,4,input,1343,0,0,0,0,-1
0,0,17846,4,input,1345,0,0,0,0,-1
0,0,17847,4,input,1346,0,0,0,0,-1
0,0,17848,4,input,1350,0,0,0,0,-1
0,0,17849,4,input,1353,0,0,0,0,-1
0,0,17850,4,input,1357,0,0,0,0,-1
0,0,17851,4,input,1361,0,0,0,0,-1
0,0,17852,4,input,1362,0,0,0,0,-1
0,0,17853,4,input,1363,0,0,0,0,-1
0,0,17854,4,input,1364,0,0,0,0,-1
0,0,17855,4,input,1369,0,0,0,0,-1
0,0,17856,4,input,1370,0,0,0,0,-1
0,0,17857,4,input,1372,0,0,0,0,-1
0,0,17858,4,input,1373,0,0,0,0,-1
0,0,17859,4,input,1377,0,0,0,0,-1
0,0,17860,4,input,1382,0,0,0,0,-1
0,0,17861,4,input,1386,0,0,0,0,1
0,0,17862,4,input,1389,0,0,0,0,-1
0,0,17863,4,input,1390,0,0,0,0,-1
0,0,17864,4,input,1392,0,0,0,0,-1
0,0,17865,4,input,1396,0,0,0,0,1
0,0,17866,4,input,1399,0,0,0,0,-1
0,0,17867,4,input,1401,0,0,0,0,-1
0,0,17868,4,input,1403,0,0,0,0,-1
0,0,17869,4,input,1406,0,0,0,0,-1
0,0,17870,4,input,1407,0,0,0,0,1
0,0,17871,4,input,1408,0,0,0,0,-1
0,0,17872,4,input,1410,0,0,0,0,1
0,0,17873,4,input,1417,0,0,0,0,-1
0,0,17874,4,input,1418,0,0,0,0,-1
0,0,17875,4,input,1420,0,0,0,0,-1
0,0,17876,4,input,1425,0,0,0,0,1
0,0,17877,4,input,1426,0,0,0,0,-1
0,0,17878,4,input,1427,0,0,0,0,-1
0,0,17879,4,input,1429,0,0,0,0,-1
0,0,17880,4,input,1430,0,0,0,0,-1
0,0,17881,4,input,1431,0,0,0,0,1
0,0,17882,4,input,1434,0,0,0,0,-1
0,0,17883,4,input,1436,0,0,0,0,-1
0,0,17884,4,input,1437,0,0,0,0,-1
0,0,17885,4,input,1438,0,0,0,0,-1
0,0,17886,4,input,1443,0,0,0,0,-1
0,0,17887,4,input,1445,0,0,0,0,-1
0,0,17888,4,input,1446,0,0,0,0,-1
0,0,17889,4,input,1448,0,0,0,0,-1
0,0,17890,4,input,1449,0,0,0,0,-1
0,0,17891,4,input,1450,0,0,0,0,-1
0,0,17892,4,input,1451,0,0,0,0,-1
0,0,17893,4,input,1453,0,0,0,0,1
0,0,17894,4,input,1455,0,0,0,0,-1
0,0,17895,4,input,1456,0,0,0,0,-1
0,0,17896,4,input,1461,0,0,0,0,-1
0,0,17897,4,input,1466,0,0,0,0,-1
0,0,17898,4,input,1469,0,0,0,0,-1
0,0,17899,4,input,1471,0,0,0,0,-1
0,0,17900,4,input,1473,0,0,0,0,-1
0,0,17901,4,input,1478,0,0,0,0,-1
0,0,17902,4,input,1481,0,0,0,0,-1
0,0,17903,4,input,1482,0,0,0,0,-1
0,0,17904,4,input,1484,0,0,0,0,-1
0,0,17905,4,input,1485,0,0,0,0,-1
0,0,17906,4,input,1489,0,0,0,0,-1
0,0,17907,4,input,1491,0,0,0,0,-1
0,0,17908,4,input,1497,0,0,0,0,-1
0,0,17909,4,input,1500,0,0,0,0,-1
0,0,17910,4,input,1501,0,0,0,0,-1
0,0,17911,4,input,1505,0,0,0,0,-1
0,0,17912,4,input,1510,0,0,0,0,-1
0,0,17913,4,input,1511,0,0,0,0,-1
0,0,17914,4,input,1517,0,0,0,0,-1
0,0,17915,4,input,1518,0,0,0,0,-1
0,0,17916,4,input,1520,0,0,0,0,-1
0,0,17917,4,input,1524,0,0,0,0,1
0,0,17918,4,input,1527,0,0,0,0,-1
0,0,17919,4,input,1528,0,0,0,0,-1
0,0,17920,4,input,1529,0,0,0,0,-1
0,0,17921,4,input,1531,0,0,0,0,-1
0,0,17922,4,input,1532,0,0,0,0,1
0,0,17923,4,input,1533,0,0,0,0,-1
0,0,17924,4,input,1545,0,0,0,0,-1
0,0,17925,4,input,1548,0,0,0,0,1
0,0,17926,4,input,1552,0,0,0,0,-1
0,0,17927,4,input,1554,0,0,0,0,-1
0,0,17928,4,input,1556,0,0,0,0,-1
0,0,17929,4,input,1558,0,0,0,0,-1
0,0,17930,4,input,1559,0,0,0,0,1
0,0,17931,4,input,1564,0,0,0,0,-1
0,0,17932,4,input,1567,0,0,0,0,-1
0,0,17933,4,input,1568,0,0,0,0,-1
0,0,17934,4,input,1573,0,0,0,0,-1
0,0,17935,4,input,1574,0,0,0,0,-1
0,0,17936,4,input,1584,0,0,0,0,-1
0,0,17937,4,input,1585,0,0,0,0,-1
0,0,17938,4,input,1588,0,0,0,0,-1
0,0,17939,4,input,1590,0,0,0,0,-1
0,0,17940,4,input,1592,0,0,0,0,-1
0,0,17941,4,input,1597,0,0,0,0,-1
0,0,17942,4,input,1599,0,0,0,0,-1
0,0,17943,4,input,1607,0,0,0,0,-1
0,0,17944,4,input,1609,0,0,0,0,-1
0,0,17945,4,input,1614,0,0,0,0,-1
0,0,17946,4,input,1617,0,0,0,0,-1
0,0,17947,4,input,1618,0,0,0,0,-1
0,0,17948,4,input,1619,0,0,0,0,-1
0,0,17949,4,input,1621,0,0,0,0,-1
0,0,17950,4,input,1623,0,0,0,0,-1
0,0,17951,4,input,1626,0,0,0,0,-1
0,0,17952,4,input,1629,0,0,0,0,-1
0,0,17953,4,input,1633,0,0,0,0,-1
0,0,17954,4,input,1635,0,0,0,0,-1
0,0,17955,4,input,1639,0,0,0,0,-1
0,0,17956,4,input,1642,0,0,0,0,-1
0,0,17957,4,input,1644,0,0,0,0,-1
0,0,17958,4,input,1645,0,0,0,0,-1
0,0,17959,4,input,1653,0,0,0,0,-1
0,0,17960,4,input,1654,0,0,0,0,-1
0,0,17961,4,input,1655,0,0,0,0,-1
0,0,17962,4,input,1657,0,0,0,0,-1
0,0,17963,4,input,1659,0,0,0,0,-1
0,0,17964,4,input,1660,0,0,0,0,-1
0,0,17965,4,input,1671,0,0,0,0,-1
0,0,17966,4,input,1673,0,0,0,0,-1
0,0,17967,4,input,1676,0,0,0,0,-1
0,0,17968,4,input,1677,0,0,0,0,-1
0,0,17969,4,input,1680,0,0,0,0,1
0,0,17970,4,input,1683,0,0,0,0,-1
0,0,17971,4,input,1690,0,0,0,0,-1
0,0,17972,4,input,1692,0,0,0,0,-1
0,0,17973,4,input,1702,0,0,0,0,-1
0,0,17974,4,input,1711,0,0,0,0,-1
0,0,17975,4,input,1713,0,0,0,0,-1
0,0,17976,4,input,1717,0,0,0,0,-1
0,0,17977,4,input,1718,0,0,0,0,-1
0,0,17978,4,input,1727,0,0,0,0,-1
0,0,17979,4,input,1728,0,0,0,0,-1
0,0,17980,4,input,1737,0,0,0,0,-1
0,0,17981,4,input,1743,0,0,0,0,-1
0,0,17982,4,input,1745,0,0,0,0,-1
0,0,17983,4,input,1751,0,0,0,0,-1
0,0,17984,4,input,1753,0,0,0,0,-1
0,0,17985,4,input,1761,0,0,0,0,-1
0,0,17986,4,input,1770,0,0,0,0,-1
0,0,17987,4,input,1775,0,0,0,0,-1
0,0,17988,4,input,1777,0,0,0,0,-1
0,0,17989,4,input,1778,0,0,0,0,-1
0,0,17990,4,input,1781,0,0,0,0,-1
0,0,17991,4,input,1789,0,0,0,0,-1
0,0,17992,4,input,1790,0,0,0,0,-1
0,0,17993,4,input,1799,0,0,0,0,-1
0,0,17994,4,input,1801,0,0,0,0,-1
0,0,17995,4,input,1804,0,0,0,0,-1
0,0,17996,4,input,1805,0,0,0,0,-1
0,0,17997,4,input,1806,0,0,0,0,-1
0,0,17998,4,input,1808,0,0,0,0,1
0,0,17999,4,input,1810,0,0,0,0,-1
0,0,18000,4,input,1811,0,0,0,0,-1
0,0,18001,4,input,1812,0,0,0,0,-1
0,0,18002,4,input,1813,0,0,0,0,-1
0,0,18003,4,input,1815,0,0,0,0,1
0,0,18004,4,input,1818,0,0,0,0,-1
0,0,18005,4,input,1820,0,0,0,0,-1
0,0,18006,4,input,1825,0,0,0,0,-1
0,0,18007,4,input,1830,0,0,0,0,-1
0,0,18008,4,input,1834,0,0,0,0,-1
0,0,18009,4,input,1836,0,0,0,0,-1
0,0,18010,4,input,1839,0,0,0,0,-1
0,0,18011,4,input,1840,0,0,0,0,-1
0,0,18012,4,input,1846,0,0,0,0,-1
0,0,18013,4,input,1854,0,0,0,0,-1
0,0,18014,4,input,1855,0,0,0,0,-1
0,0,18015,4,input,1859,0,0,0,0,-1
0,0,18016,4,input,1865,0,0,0,0,-1
0,0,18017,4,input,1871,0,0,0,0,-1
0,0,18018,4,input,1872,0,0,0,0,-1
0,0,18019,4,input,1873,0,0,0,0,-1
0,0,18020,4,input,1876,0,0,0,0,-1
0,0,18021,4,input,1879,0,0,0,0,-1
0,0,18022,4,input,1881,0,0,0,0,-1
0,0,18023,4,input,1884,0,0,0,0,-1
0,0,18024,4,input,1886,0,0,0,0,-1
0,0,18025,4,input,1892,0,0,0,0,-1
0,0,18026,4,input,1900,0,0,0,0,-1
0,0,18027,4,input,1901,0,0,0,0,-1
0,0,18028,4,input,1903,0,0,0,0,-1
0,0,18029,4,input,1904,0,0,0,0,-1
0,0,18030,4,input,1905,0,0,0,0,-1
0,0,18031,4,input,1907,0,0,0,0,-1
0,0,18032,4,input,1909,0,0,0,0,-1
0,0,18033,4,input,1912,0,0,0,0,-1
0,0,18034,4,input,1915,0,0,0,0,-1
0,0,18035,4,input,1917,0,0,0,0,-1
0,0,18036,4,input,1918,0,0,0,0,-1
0,0,18037,4,input,1923,0,0,0,0,-1
0,0,18038,4,input,1926,0,0,0,0,-1
0,0,18039,4,input,1928,0,0,0,0,-1
0,0,18040,4,input,1929,0,0,0,0,-1
0,0,18041,4,input,1933,0,0,0,0,-1
0,0,18042,4,input,1934,0,0,0,0,-1
0,0,18043,4,input,1938,0,0,0,0,-1
0,0,18044,4,input,1943,0,0,0,0,1
0,0,18045,4,input,1946,0,0,0,0,-1
0,0,18046,4,input,1949,0,0,0,0,-1
0,0,18047,4,input,1950,0,0,0,0,-1
0,0,18048,4,input,1951,0,0,0,0,-1
0,0,18049,4,input,1954,0,0,0,0,-1
0,0,18050,4,input,1958,0,0,0,0,-1
0,0,18051,4,input,1959,0,0,0,0,-1
0,0,18052,4,input,1961,0,0,0,0,-1
0,0,18053,4,input,1962,0,0,0,0,-1
0,0,18054,4,input,1963,0,0,0,0,-1
0,0,18055,4,input,1966,0,0,0,0,-1
0,0,18056,4,input,1967,0,0,0,0,-1
0,0,18057,4,input,1968,0,0,0,0,-1
0,0,18058,4,input,1974,0,0,0,0,-1
0,0,18059,4,input,1980,0,0,0,0,-1
0,0,18060,4,input,1985,0,0,0,0,-1
0,0,18061,4,input,1988,0,0,0,0,-1
0,0,18062,4,input,1989,0,0,0,0,-1
0,0,18063,4,input,1990,0,0,0,0,-1
0,0,18064,4,input,1994,0,0,0,0,-1
0,0,18065,4,input,1996,0,0,0,0,-1
0,0,18066,4,input,1997,0,0,0,0,-1
0,0,18067,4,input,2005,0,0,0,0,-1
0,0,18068,4,input,2007,0,0,0,0,-1
0,0,18069,4,input,2011,0,0,0,0,-1
0,0,18070,4,input,2012,0,0,0,0,-1
0,0,18071,4,input,2013,0,0,0,0,-1
0,0,18072,4,input,2020,0,0,0,0,-1
0,0,18073,4,input,2022,0,0,0,0,-1
0,0,18074,4,input,2027,0,0,0,0,-1
0,0,18075,4,input,2029,0,0,0,0,-1
0,0,18076,4,input,2032,0,0,0,0,-1
0,0,18077,4,input,2034,0,0,0,0,1
0,0,18078,4,input,2036,0,0,0,0,1
0,0,18079,4,input,2041,0,0,0,0,-1
0,0,18080,4,input,2045,0,0,0,0,-1
0,0,18081,4,input,2047,0,0,0,0,1
0,0,18082,4,input,2048,0,0,0,0,1
0,0,18083,4,input,2049,0,0,0,0,-1
0,0,18084,4,input,2052,0,0,0,0,-1
0,0,18085,4,input,2053,0,0,0,0,-1
0,0,18086,4,input,2054,0,0,0,0,1
0,0,18087,4,input,2057,0,0,0,0,-1
0,0,18088,4,input,2060,0,0,0,0,-1
0,0,18089,4,input,2062,0,0,0,0,-1
0,0,18090,4,input,2068,0,0,0,0,-1
0,0,18091,4,input,2070,0,0,0,0,-1
0,0,18092,4,input,2073,0,0,0,0,-1
0,0,18093,4,input,2074,0,0,0,0,1
0,0,18094,4,input,2075,0,0,0,0,-1
0,0,18095,4,input,2080,0,0,0,0,-1
0,0,18096,4,input,2088,0,0,0,0,1
0,0,18097,4,input,2090,0,0,0,0,1
0,0,18098,4,input,2092,0,0,0,0,-1
0,0,18099,4,input,2094,0,0,0,0,1
0,0,18100,4,input,2099,0,0,0,0,-1
0,0,18101,4,input,2101,0,0,0,0,-1
0,0,18102,4,input,2104,0,0,0,0,-1
0,0,18103,4,input,2106,0,0,0,0,-1
0,0,18104,4,input,2111,0,0,0,0,-1
0,0,18105,4,input,2113,0,0,0,0,1
0,0,18106,4,input,2115,0,0,0,0,-1
0,0,18107,4,input,2119,0,0,0,0,-1
0,0,18108,4,input,2124,0,0,0,0,-1
0,0,18109,4,input,2125,0,0,0,0,1
0,0,18110,4,input,2126,0,0,0,0,-1
0,0,18111,4,input,2128,0,0,0,0,1
0,0,18112,4,input,2130,0,0,0,0,-1
0,0,18113,4,input,2133,0,0,0,0,-1
0,0,18114,4,input,2134,0,0,0,0,-1
0,0,18115,4,input,2136,0,0,0,0,-1
0,0,18116,4,input,2138,0,0,0,0,-1
0,0,18117,4,input,2142,0,0,0,0,-1
0,0,18118,4,input,2143,0,0,0,0,-1
0,0,18119,4,input,2147,0,0,0,0,-1
0,0,18120,4,input,2152,0,0,0,0,-1
0,0,18121,4,input,2158,0,0,0,0,1
0,0,18122,4,input,2159,0,0,0,0,-1
0,0,18123,4,input,2162,0,0,0,0,-1
0,0,18124,4,input,2165,0,0,0,0,-1
0,0,18125,4,input,2166,0,0,0,0,-1
0,0,18126,4,input,2167,0,0,0,0,-1
0,0,18127,4,input,2168,0,0,0,0,-1
0,0,18128,4,input,2174,0,0,0,0,1
0,0,18129,4,input,2179,0,0,0,0,-1
0,0,18130,4,input,2185,0,0,0,0,-1
0,0,18131,4,input,2188,0,0,0,0,-1
0,0,18132,4,input,2189,0,0,0,0,-1
0,0,18133,4,input,2190,0,0,0,0,-1
0,0,18134,4,input,2194,0,0,0,0,-1
0,0,18135,4,input,2197,0,0,0,0,-1
0,0,18136,4,input,2204,0,0,0,0,-1
0,0,18137,4,input,2209,0,0,0,0,-1
0,0,18138,4,input,2214,0,0,0,0,-1
0,0,18139,4,input,2217,0,0,0,0,-1
0,0,18140,4,input,2219,0,0,0,0,-1
0,0,18141,4,input,2222,0,0,0,0,1
0,0,18142,4,input,2225,0,0,0,0,1
0,0,18143,4,input,2226,0,0,0,0,-1
0,0,18144,4,input,2229,0,0,0,0,-1
0,0,18145,4,input,2237,0,0,0,0,-1
0,0,18146,4,input,2238,0,0,0,0,-1
0,0,18147,4,input,2239,0,0,0,0,-1
0,0,18148,4,input,2240,0,0,0,0,-1
0,0,18149,4,input,2244,0,0,0,0,-1
0,0,18150,4,input,2246,0,0,0,0,-1
0,0,18151,4,input,2249,0,0,0,0,-1
0,0,18152,4,input,2253,0,0,0,0,-1
0,0,18153,4,input,2258,0,0,0,0,-1
0,0,18154,4,input,2261,0,0,0,0,-1
0,0,18155,4,input,2263,0,0,0,0,-1
0,0,18156,4,input,2265,0,0,0,0,-1
0,0,18157,4,input,2268,0,0,0,0,-1
0,0,18158,4,input,2269,0,0,0,0,-1
0,0,18159,4,input,2273,0,0,0,0,-1
0,0,18160,4,input,2276,0,0,0,0,-1
0,0,18161,4,input,2278,0,0,0,0,-1
0,0,18162,4,input,2285,0,0,0,0,-1
0,0,18163,4,input,2287,0,0,0,0,-1
0,0,18164,4,input,2288,0,0,0,0,-1
0,0,18165,4,input,2290,0,0,0,0,-1
0,0,18166,4,input,2292,0,0,0,0,1
0,0,18167,4,input,2293,0,0,0,0,-1
0,0,18168,4,input,2295,0,0,0,0,-1
0,0,18169,4,input,2297,0,0,0,0,-1
0,0,18170,4,input,2299,0,0,0,0,-1
0,0,18171,4,input,2303,0,0,0,0,1
0,0,18172,4,input,2304,0,0,0,0,1
0,0,18173,4,input,2306,0,0,0,0,1
0,0,18174,4,input,2307,0,0,0,0,-1
0,0,18175,4,input,2309,0,0,0,0,-1
0,0,18176,4,input,2312,0,0,0,0,-1
0,0,18177,4,input,2313,0,0,0,0,-1
0,0,18178,4,input,2314,0,0,0,0,-1
0,0,18179,4,input,2316,0,0,0,0,-1
0,0,18180,4,input,2317,0,0,0,0,-1
0,0,18181,4,input,2320,0,0,0,0,1
0,0,18182,4,input,2323,0,0,0,0,-1
0,0,18183,4,input,2324,0,0,0,0,-1
0,0,18184,4,input,2325,0,0,0,0,-1
0,0,18185,4,input,2326,0,0,0,0,-1
0,0,18186,4,input,2327,0,0,0,0,-1
0,0,18187,4,input,2328,0,0,0,0,-1
0,0,18188,4,input,2329,0,0,0,0,-1
0,0,18189,4,input,2330,0,0,0,0,-1
0,0,18190,4,input,2331,0,0,0,0,1
0,0,18191,4,input,2333,0,0,0,0,-1
0,0,18192,4,input,2334,0,0,0,0,-1
0,0,18193,4,input,2335,0,0,0,0,-1
0,0,18194,4,input,2336,0,0,0,0,-1
0,0,18195,4,input,2338,0,0,0,0,-1
0,0,18196,4,input,2342,0,0,0,0,-1
0,0,18197,4,input,2343,0,0,0,0,-1
0,0,18198,4,input,2345,0,0,0,0,-1
0,0,18199,4,input,2347,0,0,0,0,-1
0,0,18200,4,input,2351,0,0,0,0,-1
0,0,18201,4,input,2354,0,0,0,0,-1
0,0,18202,4,input,2355,0,0,0,0,-1
0,0,18203,4,input,2360,0,0,0,0,-1
0,0,18204,4,input,2363,0,0,0,0,-1
0,0,18205,4,input,2364,0,0,0,0,-1
0,0,18206,4,input,2365,0,0,0,0,1
0,0,18207,4,input,2367,0,0,0,0,-1
0,0,18208,4,input,2371,0,0,0,0,-1
0,0,18209,4,input,2373,0,0,0,0,-1
0,0,18210,4,input,2374,0,0,0,0,-1
0,0,18211,4,input,2377,0,0,0,0,-1
0,0,18212,4,input,2382,0,0,0,0,-1
0,0,18213,4,input,2384,0,0,0,0,1
0,0,18214,4,input,2390,0,0,0,0,-1
0,0,18215,4,input,2392,0,0,0,0,-1
0,0,18216,4,input,2393,0,0,0,0,-1
0,0,18217,4,input,2399,0,0,0,0,-1
0,0,18218,4,input,2400,0,0,0,0,-1
0,0,18219,4,input,2401,0,0,0,0,-1
0,0,18220,4,input,2403,0,0,0,0,1
0,0,18221,4,input,2404,0,0,0,0,-1
0,0,18222,4,input,2405,0,0,0,0,1
0,0,18223,4,input,2406,0,0,0,0,-1
0,0,18224,4,input,2409,0,0,0,0,-1
0,0,18225,4,input,2411,0,0,0,0,1
0,0,18226,4,input,2413,0,0,0,0,-1
0,0,18227,4,input,2414,0,0,0,0,1
0,0,18228,4,input,2417,0,0,0,0,-1
0,0,18229,4,input,2418,0,0,0,0,1
0,0,18230,4,input,2419,0,0,0,0,1
0,0,18231,4,input,2420,0,0,0,0,1
0,0,18232,4,input,2421,0,0,0,0,1
0,0,18233,4,input,2422,0,0,0,0,-1
0,0,18234,4,input,2425,0,0,0,0,1
0,0,18235,4,input,2426,0,0,0,0,1
0,0,18236,4,input,2429,0,0,0,0,-1
0,0,18237,4,input,2435,0,0,0,0,-1
0,0,18238,4,input,2442,0,0,0,0,-1
0,0,18239,4,input,2443,0,0,0,0,-1
0,0,18240,4,input,2444,0,0,0,0,-1
0,0,18241,4,input,2448,0,0,0,0,1
0,0,18242,4,input,2451,0,0,0,0,-1
0,0,18243,4,input,2453,0,0,0,0,-1
0,0,18244,4,input,2454,0,0,0,0,-1
0,0,18245,4,input,2457,0,0,0,0,-1
0,0,18246,4,input,2458,0,0,0,0,-1
0,0,18247,4,input,2472,0,0,0,0,-1
0,0,18248,4,input,2478,0,0,0,0,1
0,0,18249,4,input,2479,0,0,0,0,-1
0,0,18250,4,input,2483,0,0,0,0,-1
0,0,18251,4,input,2485,0,0,0,0,-1
0,0,18252,4,input,2486,0,0,0,0,-1
0,0,18253,4,input,2490,0,0,0,0,-1
0,0,18254,4,input,2495,0,0,0,0,-1
0,0,18255,4,input,2502,0,0,0,0,-1
0,0,18256,4,input,2505,0,0,0,0,-1
0,0,18257,4,input,2507,0,0,0,0,-1
0,0,18258,4,input,2513,0,0,0,0,-1
0,0,18259,4,input,2520,0,0,0,0,-1
0,0,18260,4,input,2521,0,0,0,0,-1
0,0,18261,4,input,2529,0,0,0,0,-1
0,0,18262,4,input,2535,0,0,0,0,-1
0,0,18263,4,input,2541,0,0,0,0,-1
0,0,18264,4,input,2543,0,0,0,0,-1
0,0,18265,4,input,2545,0,0,0,0,-1
0,0,18266,4,input,2546,0,0,0,0,-1
0,0,18267,4,input,2549,0,0,0,0,-1
0,0,18268,4,input,2550,0,0,0,0,-1
0,0,18269,4,input,2555,0,0,0,0,-1
0,0,18270,4,input,2560,0,0,0,0,-1
0,0,18271,4,input,2570,0,0,0,0,-1
0,0,18272,4,input,2579,0,0,0,0,-1
0,0,18273,4,input,2582,0,0,0,0,-1
0,0,18274,4,input,2583,0,0,0,0,1
0,0,18275,4,input,2590,0,0,0,0,-1
0,0,18276,4,input,2591,0,0,0,0,-1
0,0,18277,4,input,2593,0,0,0,0,-1
0,0,18278,4,input,2595,0,0,0,0,-1
0,0,18279,4,input,2597,0,0,0,0,-1
0,0,18280,4,input,2598,0,0,0,0,-1
0,0,18281,4,input,2602,0,0,0,0,-1
0,0,18282,4,input,2604,0,0,0,0,-1
0,0,18283,4,input,2608,0,0,0,0,-1
0,0,18284,4,input,2609,0,0,0,0,-1
0,0,18285,4,input,2612,0,0,0,0,-1
0,0,18286,4,input,2613,0,0,0,0,-1
0,0,18287,4,input,2614,0,0,0,0,-1
0,0,18288,4,input,2621,0,0,0,0,-1
0,0,18289,4,input,2623,0,0,0,0,-1
0,0,18290,4,input,2629,0,0,0,0,-1
0,0,18291,4,input,2633,0,0,0,0,-1
0,0,18292,4,input,2634,0,0,0,0,-1
0,0,18293,4,input,2638,0,0,0,0,-1
0,0,18294,4,input,2640,0,0,0,0,-1
0,0,18295,4,input,2641,0,0,0,0,-1
0,0,18296,4,input,2646,0,0,0,0,-1
0,0,18297,4,input,2647,0,0,0,0,-1
0,0,18298,4,input,2651,0,0,0,0,-1
0,0,18299,4,input,2657,0,0,0,0,-1
0,0,18300,4,input,2658,0,0,0,0,1
0,0,18301,4,input,2659,0,0,0,0,-1
0,0,18302,4,input,2663,0,0,0,0,-1
0,0,18303,4,input,2666,0,0,0,0,-1
0,0,18304,4,input,2668,0,0,0,0,-1
0,0,18305,4,input,2673,0,0,0,0,-1
0,0,18306,4,input,2674,0,0,0,0,-1
0,0,18307,4,input,2675,0,0,0,0,-1
0,0,18308,4,input,2677,0,0,0,0,-1
0,0,18309,4,input,2679,0,0,0,0,-1
0,0,18310,4,input,2680,0,0,0,0,-1
0,0,18311,4,input,2681,0,0,0,0,-1
0,0,18312,4,input,2683,0,0,0,0,-1
0,0,18313,4,input,2686,0,0,0,0,-1
0,0,18314,4,input,2687,0,0,0,0,-1
0,0,18315,4,input,2696,0,0,0,0,-1
0,0,18316,4,input,2697,0,0,0,0,-1
0,0,18317,4,input,2698,0,0,0,0,-1
0,0,18318,4,input,2700,0,0,0,0,-1
0,0,18319,4,input,2701,0,0,0,0,-1
0,0,18320,4,input,2704,0,0,0,0,1
0,0,18321,4,input,2709,0,0,0,0,-1
0,0,18322,4,input,2714,0,0,0,0,-1
0,0,18323,4,input,2716,0,0,0,0,-1
0,0,18324,4,input,2718,0,0,0,0,1
0,0,18325,4,input,2725,0,0,0,0,-1
0,0,18326,4,input,2726,0,0,0,0,-1
0,0,18327,4,input,2729,0,0,0,0,-1
0,0,18328,4,input,2734,0,0,0,0,1
0,0,18329,4,input,2735,0,0,0,0,-1
0,0,18330,4,input,2738,0,0,0,0,-1
0,0,18331,4,input,2740,0,0,0,0,-1
0,0,18332,4,input,2742,0,0,0,0,-1
0,0,18333,4,input,2746,0,0,0,0,-1
0,0,18334,4,input,2753,0,0,0,0,-1
0,0,18335,4,input,2761,0,0,0,0,-1
0,0,18336,4,input,2767,0,0,0,0,-1
0,0,18337,4,input,2769,0,0,0,0,-1
0,0,18338,4,input,2776,0,0,0,0,-1
0,0,18339,4,input,2777,0,0,0,0,-1
0,0,18340,4,input,2783,0,0,0,0,-1
0,0,18341,4,input,2785,0,0,0,0,-1
0,0,18342,4,input,2789,0,0,0,0,-1
0,0,18343,4,input,2793,0,0,0,0,-1
0,0,18344,4,input,2801,0,0,0,0,-1
0,0,18345,4,input,2802,0,0,0,0,-1
0,0,18346,4,input,2805,0,0,0,0,-1
0,0,18347,4,input,2813,0,0,0,0,-1
0,0,18348,4,input,2822,0,0,0,0,-1
0,0,18349,4,input,2823,0,0,0,0,-1
0,0,18350,4,input,2824,0,0,0,0,-1
0,0,18351,4,input,2825,0,0,0,0,-1
0,0,18352,4,input,2829,0,0,0,0,-1
0,0,18353,4,input,2834,0,0,0,0,-1
0,0,18354,4,input,2836,0,0,0,0,-1
0,0,18355,4,input,2837,0,0,0,0,-1
0,0,18356,4,input,2839,0,0,0,0,1
0,0,18357,4,input,2842,0,0,0,0,-1
0,0,18358,4,input,2845,0,0,0,0,-1
0,0,18359,4,input,2847,0,0,0,0,-1
0,0,18360,4,input,2853,0,0,0,0,-1
0,0,18361,4,input,2854,0,0,0,0,-1
0,0,18362,4,input,2863,0,0,0,0,-1
0,0,18363,4,input,2868,0,0,0,0,-1
0,0,18364,4,input,2870,0,0,0,0,-1
0,0,18365,4,input,2881,0,0,0,0,-1
0,0,18366,4,input,2884,0,0,0,0,-1
0,0,18367,4,input,2885,0,0,0,0,-1
0,0,18368,4,input,2889,0,0,0,0,-1
0,0,18369,4,input,2895,0,0,0,0,-1
0,0,18370,4,input,2896,0,0,0,0,-1
0,0,18371,4,input,2901,0,0,0,0,-1
0,0,18372,4,input,2903,0,0,0,0,-1
0,0,18373,4,input,2904,0,0,0,0,-1
0,0,18374,4,input,2908,0,0,0,0,-1
0,0,18375,4,input,2912,0,0,0,0,-1
0,0,18376,4,input,2924,0,0,0,0,-1
0,0,18377,4,input,2925,0,0,0,0,-1
0,0,18378,4,input,2928,0,0,0,0,-1
0,0,18379,4,input,2941,0,0,0,0,-1
0,0,18380,4,input,2942,0,0,0,0,-1
0,0,18381,4,input,2944,0,0,0,0,-1
0,0,18382,4,input,2956,0,0,0,0,1
0,0,18383,4,input,2958,0,0,0,0,-1
0,0,18384,4,input,2960,0,0,0,0,-1
0,0,18385,4,input,2962,0,0,0,0,-1
0,0,18386,4,input,2967,0,0,0,0,1
0,0,18387,4,input,2968,0,0,0,0,1
0,0,18388,4,input,2972,0,0,0,0,-1
0,0,18389,4,input,2978,0,0,0,0,-1
0,0,18390,4,input,2981,0,0,0,0,-1
0,0,18391,4,input,2982,0,0,0,0,-1
0,0,18392,4,input,2984,0,0,0,0,-1
0,0,18393,4,input,2985,0,0,0,0,-1
0,0,18394,4,input,2989,0,0,0,0,-1
0,0,18395,4,input,2996,0,0,0,0,-1
0,0,18396,4,input,2998,0,0,0,0,-1
0,0,18397,4,input,2999,0,0,0,0,-1
0,0,18398,4,input,3002,0,0,0,0,1
0,0,18399,4,input,3004,0,0,0,0,-1
0,0,18400,4,input,3005,0,0,0,0,-1
0,0,18401,4,input,3006,0,0,0,0,-1
0,0,18402,4,input,3008,0,0,0,0,-1
0,0,18403,4,input,3010,0,0,0,0,-1
0,0,18404,4,input,3012,0,0,0,0,-1
0,0,18405,4,input,3013,0,0,0,0,-1
0,0,18406,4,input,3014,0,0,0,0,-1
0,0,18407,4,input,3017,0,0,0,0,-1
0,0,18408,4,input,3021,0,0,0,0,-1
0,0,18409,4,input,3023,0,0,0,0,-1
0,0,18410,4,input,3024,0,0,0,0,-1
0,0,18411,4,input,3026,0,0,0,0,-1
0,0,18412,4,input,3027,0,0,0,0,-1
0,0,18413,4,input,3028,0,0,0,0,-1
0,0,18414,4,input,3029,0,0,0,0,-1
0,0,18415,4,input,3031,0,0,0,0,-1
0,0,18416,4,input,3035,0,0,0,0,-1
0,0,18417,4,input,3036,0,0,0,0,-1
0,0,18418,4,input,3037,0,0,0,0,-1
0,0,18419,4,input,3043,0,0,0,0,-1
0,0,18420,4,input,3044,0,0,0,0,-1
0,0,18421,4,input,3045,0,0,0,0,-1
0,0,18422,4,input,3048,0,0,0,0,-1
0,0,18423,4,input,3051,0,0,0,0,-1
0,0,18424,4,input,3052,0,0,0,0,-1
0,0,18425,4,input,3053,0,0,0,0,-1
0,0,18426,4,input,3054,0,0,0,0,-1
0,0,18427,4,input,3055,0,0,0,0,-1
0,0,18428,4,input,3056,0,0,0,0,-1
0,0,18429,4,input,3058,0,0,0,0,-1
0,0,18430,4,input,3059,0,0,0,0,-1
0,0,18431,4,input,3060,0,0,0,0,1
0,0,18432,4,input,3061,0,0,0,0,-1
0,0,18433,4,input,3062,0,0,0,0,-1
0,0,18434,4,input,3063,0,0,0,0,-1
0,0,18435,4,input,3065,0,0,0,0,-1
0,0,18436,4,input,3067,0,0,0,0,-1
0,0,18437,4,input,3068,0,0,0,0,-1
0,0,18438,4,input,3069,0,0,0,0,-1
0,0,18439,4,input,3070,0,0,0,0,-1
0,0,18440,4,input,3074,0,0,0,0,-1
0,0,18441,4,input,3076,0,0,0,0,-1
0,0,18442,4,input,3077,0,0,0,0,-1
0,0,18443,4,input,3078,0,0,0,0,1
0,0,18444,4,input,3083,0,0,0,0,-1
0,0,18445,4,input,3086,0,0,0,0,-1
0,0,18446,4,input,3091,0,0,0,0,1
0,0,18447,4,input,3094,0,0,0,0,-1
0,0,18448,4,input,3095,0,0,0,0,-1
0,0,18449,4,input,3097,0,0,0,0,-1
0,0,18450,4,input,3098,0,0,0,0,1
0,0,18451,4,input,3100,0,0,0,0,-1
0,0,18452,4,input,3101,0,0,0,0,1
0,0,18453,4,input,3103,0,0,0,0,1
0,0,18454,4,input,3104,0,0,0,0,-1
0,0,18455,4,input,3109,0,0,0,0,-1
0,0,18456,4,input,3110,0,0,0,0,1
0,0,18457,4,input,3113,0,0,0,0,-1
0,0,18458,4,input,3114,0,0,0,0,1
0,0,18459,4,input,3118,0,0,0,0,1
0,0,18460,4,input,3119,0,0,0,0,1
0,0,18461,4,input,3123,0,0,0,0,-1
0,0,18462,4,input,3125,0,0,0,0,-1
0,0,18463,4,input,3128,0,0,0,0,-1
0,0,18464,4,input,3136,0,0,0,0,-1
0,0,18465,4,input,3137,0,0,0,0,1
0,0,18466,4,input,3138,0,0,0,0,-1
0,0,18467,4,input,3140,0,0,0,0,-1
0,0,18468,4,input,3143,0,0,0,0,-1
0,0,18469,4,input,3145,0,0,0,0,-1
0,0,18470,4,input,3147,0,0,0,0,-1
0,0,18471,4,input,3148,0,0,0,0,-1
0,0,18472,4,input,3149,0,0,0,0,1
0,0,18473,4,input,3151,0,0,0,0,-1
0,0,18474,4,input,3152,0,0,0,0,1
0,0,18475,4,input,3154,0,0,0,0,-1
0,0,18476,4,input,3155,0,0,0,0,-1
0,0,18477,4,input,3157,0,0,0,0,-1
0,0,18478,4,input,3159,0,0,0,0,-1
0,0,18479,4,input,3160,0,0,0,0,-1
0,0,18480,4,input,3162,0,0,0,0,-1
0,0,18481,4,input,3163,0,0,0,0,1
0,0,18482,4,input,3166,0,0,0,0,-1
0,0,18483,4,input,3170,0,0,0,0,-1
0,0,18484,4,input,3171,0,0,0,0,-1
0,0,18485,4,input,3176,0,0,0,0,-1
0,0,18486,4,input,3179,0,0,0,0,1
0,0,18487,4,input,3180,0,0,0,0,-1
0,0,18488,4,input,3183,0,0,0,0,-1
0,0,18489,4,input,3185,0,0,0,0,1
0,0,18490,4,input,3186,0,0,0,0,-1
0,0,18491,4,input,3188,0,0,0,0,-1
0,0,18492,4,input,3189,0,0,0,0,-1
0,0,18493,4,input,3190,0,0,0,0,-1
0,0,18494,4,input,3191,0,0,0,0,-1
0,0,18495,4,input,3194,0,0,0,0,-1
0,0,18496,4,input,3197,0,0,0,0,1
0,0,18497,4,input,3198,0,0,0,0,1
0,0,18498,4,input,3203,0,0,0,0,-1
0,0,18499,4,input,3204,0,0,0,0,-1
0,0,18500,4,input,3209,0,0,0,0,-1
0,0,18501,4,input,3214,0,0,0,0,-1
0,0,18502,4,input,3218,0,0,0,0,-1
0,0,18503,4,input,3237,0,0,0,0,-1
0,0,18504,4,input,3238,0,0,0,0,-1
0,0,18505,4,input,3239,0,0,0,0,-1
0,0,18506,4,input,3241,0,0,0,0,-1
0,0,18507,4,input,3242,0,0,0,0,-1
0,0,18508,4,input,3243,0,0,0,0,-1
0,0,18509,4,input,3244,0,0,0,0,-1
0,0,18510,4,input,3249,0,0,0,0,1
0,0,18511,4,input,3250,0,0,0,0,-1
0,0,18512,4,input,3253,0,0,0,0,-1
0,0,18513,4,input,3254,0,0,0,0,-1
0,0,18514,4,input,3255,0,0,0,0,-1
0,0,18515,4,input,3257,0,0,0,0,-1
0,0,18516,4,input,3259,0,0,0,0,1
0,0,18517,4,input,3261,0,0,0,0,-1
0,0,18518,4,input,3262,0,0,0,0,-1
0,0,18519,4,input,3268,0,0,0,0,-1
0,0,18520,4,input,3270,0,0,0,0,-1
0,0,18521,4,input,3273,0,0,0,0,-1
0,0,18522,4,input,3274,0,0,0,0,-1
0,0,18523,4,input,3276,0,0,0,0,-1
0,0,18524,4,input,3277,0,0,0,0,-1
0,0,18525,4,input,3278,0,0,0,0,-1
0,0,18526,4,input,3283,0,0,0,0,-1
0,0,18527,4,input,3285,0,0,0,0,-1
0,0,18528,4,input,3291,0,0,0,0,-1
0,0,18529,4,input,3292,0,0,0,0,-1
0,0,18530,4,input,3299,0,0,0,0,-1
0,0,18531,4,input,3300,0,0,0,0,-1
0,0,18532,4,input,3301,0,0,0,0,-1
0,0,18533,4,input,3310,0,0,0,0,-1
0,0,18534,4,input,3311,0,0,0,0,-1
0,0,18535,4,input,3312,0,0,0,0,-1
0,0,18536,4,input,3316,0,0,0,0,1
0,0,18537,4,input,3317,0,0,0,0,-1
0,0,18538,4,input,3318,0,0,0,0,-1
0,0,18539,4,input,3319,0,0,0,0,-1
0,0,18540,4,input,3320,0,0,0,0,-1
0,0,18541,4,input,3321,0,0,0,0,-1
0,0,18542,4,input,3326,0,0,0,0,1
0,0,18543,4,input,3327,0,0,0,0,1
0,0,18544,4,input,3331,0,0,0,0,-1
0,0,18545,4,input,3334,0,0,0,0,-1
0,0,18546,4,input,3340,0,0,0,0,1
0,0,18547,4,input,3344,0,0,0,0,-1
0,0,18548,4,input,3345,0,0,0,0,-1
0,0,18549,4,input,3349,0,0,0,0,1
0,0,18550,4,input,3350,0,0,0,0,-1
0,0,18551,4,input,3352,0,0,0,0,-1
0,0,18552,4,input,3355,0,0,0,0,-1
0,0,18553,4,input,3356,0,0,0,0,1
0,0,18554,4,input,3358,0,0,0,0,-1
0,0,18555,4,input,3359,0,0,0,0,-1
0,0,18556,4,input,3360,0,0,0,0,-1
0,0,18557,4,input,3361,0,0,0,0,-1
0,0,18558,4,input,3362,0,0,0,0,-1
0,0,18559,4,input,3367,0,0,0,0,-1
0,0,18560,4,input,3371,0,0,0,0,-1
0,0,18561,4,input,3374,0,0,0,0,-1
0,0,18562,4,input,3377,0,0,0,0,-1
0,0,18563,4,input,3384,0,0,0,0,-1
0,0,18564,4,input,3386,0,0,0,0,-1
0,0,18565,4,input,3389,0,0,0,0,-1
0,0,18566,4,input,3390,0,0,0,0,-1
0,0,18567,4,input,3398,0,0,0,0,-1
0,0,18568,4,input,3399,0,0,0,0,-1
0,0,18569,4,input,3402,0,0,0,0,-1
0,0,18570,4,input,3404,0,0,0,0,1
0,0,18571,4,input,3405,0,0,0,0,-1
0,0,18572,4,input,3413,0,0,0,0,-1
0,0,18573,4,input,3414,0,0,0,0,-1
0,0,18574,4,input,3416,0,0,0,0,-1
0,0,18575,4,input,3417,0,0,0,0,1
0,0,18576,4,input,3419,0,0,0,0,-1
0,0,18577,4,input,3423,0,0,0,0,1
0,0,18578,4,input,3424,0,0,0,0,-1
0,0,18579,4,input,3425,0,0,0,0,-1
0,0,18580,4,input,3426,0,0,0,0,1
0,0,18581,4,input,3427,0,0,0,0,-1
0,0,18582,4,input,3432,0,0,0,0,-1
0,0,18583,4,input,3434,0,0,0,0,-1
0,0,18584,4,input,3441,0,0,0,0,-1
0,0,18585,4,input,3444,0,0,0,0,1
0,0,18586,4,input,3445,0,0,0,0,1
0,0,18587,4,input,3447,0,0,0,0,-1
0,0,18588,4,input,3448,0,0,0,0,-1
0,0,18589,4,input,3451,0,0,0,0,-1
0,0,18590,4,input,3452,0,0,0,0,-1
0,0,18591,4,input,3459,0,0,0,0,-1
0,0,18592,4,input,3462,0,0,0,0,-1
0,0,18593,4,input,3464,0,0,0,0,-1
0,0,18594,4,input,3465,0,0,0,0,-1
0,0,18595,4,input,3466,0,0,0,0,-1
0,0,18596,4,input,3468,0,0,0,0,-1
0,0,18597,4,input,3472,0,0,0,0,1
0,0,18598,4,input,3473,0,0,0,0,-1
0,0,18599,4,input,3479,0,0,0,0,-1
0,0,18600,4,input,3480,0,0,0,0,-1
0,0,18601,4,input,3482,0,0,0,0,-1
0,0,18602,4,input,3483,0,0,0,0,-1
0,0,18603,4,input,3489,0,0,0,0,-1
0,0,18604,4,input,3492,0,0,0,0,-1
0,0,18605,4,input,3497,0,0,0,0,-1
0,0,18606,4,input,3498,0,0,0,0,-1
0,0,18607,4,input,3500,0,0,0,0,-1
0,0,18608,4,input,3503,0,0,0,0,-1
0,0,18609,4,input,3506,0,0,0,0,-1
0,0,18610,4,input,3510,0,0,0,0,-1
0,0,18611,4,input,3513,0,0,0,0,-1
0,0,18612,4,input,3514,0,0,0,0,-1
0,0,18613,4,input,3518,0,0,0,0,-1
0,0,18614,4,input,3519,0,0,0,0,-1
0,0,18615,4,input,3520,0,0,0,0,-1
0,0,18616,4,input,3527,0,0,0,0,1
0,0,18617,4,input,3529,0,0,0,0,-1
0,0,18618,4,input,3530,0,0,0,0,-1
0,0,18619,4,input,3535,0,0,0,0,-1
0,0,18620,4,input,3541,0,0,0,0,1
0,0,18621,4,input,3542,0,0,0,0,-1
0,0,18622,4,input,3545,0,0,0,0,-1
0,0,18623,4,input,3547,0,0,0,0,-1
0,0,18624,4,input,3549,0,0,0,0,1
0,0,18625,4,input,3551,0,0,0,0,-1
0,0,18626,4,input,3553,0,0,0,0,-1
0,0,18627,4,input,3558,0,0,0,0,-1
0,0,18628,4,input,3560,0,0,0,0,-1
0,0,18629,4,input,3563,0,0,0,0,1
0,0,18630,4,input,3564,0,0,0,0,1
0,0,18631,4,input,3565,0,0,0,0,1
0,0,18632,4,input,3567,0,0,0,0,-1
0,0,18633,4,input,3569,0,0,0,0,-1
0,0,18634,4,input,3573,0,0,0,0,-1
0,0,18635,4,input,3574,0,0,0,0,-1
0,0,18636,4,input,3576,0,0,0,0,-1
0,0,18637,4,input,3585,0,0,0,0,-1
0,0,18638,4,input,3587,0,0,0,0,-1
0,0,18639,4,input,3592,0,0,0,0,1
0,0,18640,4,input,3597,0,0,0,0,-1
0,0,18641,4,input,3600,0,0,0,0,-1
0,0,18642,4,input,3603,0,0,0,0,-1
0,0,18643,4,input,3604,0,0,0,0,-1
0,0,18644,4,input,3605,0,0,0,0,1
0,0,18645,4,input,3606,0,0,0,0,-1
0,0,18646,4,input,3607,0,0,0,0,1
0,0,18647,4,input,3609,0,0,0,0,-1
0,0,18648,4,input,3610,0,0,0,0,1
0,0,18649,4,input,3611,0,0,0,0,-1
0,0,18650,4,input,3614,0,0,0,0,-1
0,0,18651,4,input,3615,0,0,0,0,-1
0,0,18652,4,input,3621,0,0,0,0,-1
0,0,18653,4,input,3624,0,0,0,0,1
0,0,18654,4,input,3634,0,0,0,0,1
0,0,18655,4,input,3635,0,0,0,0,-1
0,0,18656,4,input,3637,0,0,0,0,-1
0,0,18657,4,input,3638,0,0,0,0,-1
0,0,18658,4,input,3640,0,0,0,0,-1
0,0,18659,4,input,3646,0,0,0,0,-1
0,0,18660,4,input,3647,0,0,0,0,-1
0,0,18661,4,input,3648,0,0,0,0,1
0,0,18662,4,input,3649,0,0,0,0,1
0,0,18663,4,input,3653,0,0,0,0,-1
0,0,18664,4,input,3660,0,0,0,0,1
0,0,18665,4,input,3665,0,0,0,0,-1
0,0,18666,4,input,3666,0,0,0,0,-1
0,0,18667,4,input,3667,0,0,0,0,-1
0,0,18668,4,input,3668,0,0,0,0,-1
0,0,18669,4,input,3674,0,0,0,0,-1
0,0,18670,4,input,3675,0,0,0,0,-1
0,0,18671,4,input,3678,0,0,0,0,-1
0,0,18672,4,input,3679,0,0,0,0,-1
0,0,18673,4,input,3681,0,0,0,0,-1
0,0,18674,4,input,3683,0,0,0,0,-1
0,0,18675,4,input,3688,0,0,0,0,-1
0,0,18676,4,input,3690,0,0,0,0,-1
0,0,18677,4,input,3692,0,0,0,0,-1
0,0,18678,4,input,3695,0,0,0,0,-1
0,0,18679,4,input,3697,0,0,0,0,-1
0,0,18680,4,input,3701,0,0,0,0,-1
0,0,18681,4,input,3704,0,0,0,0,-1
0,0,18682,4,input,3706,0,0,0,0,1
0,0,18683,4,input,3707,0,0,0,0,-1
0,0,18684,4,input,3716,0,0,0,0,-1
0,0,18685,4,input,3720,0,0,0,0,-1
0,0,18686,4,input,3722,0,0,0,0,-1
0,0,18687,4,input,3724,0,0,0,0,-1
0,0,18688,4,input,3725,0,0,0,0,-1
0,0,18689,4,input,3728,0,0,0,0,1
0,0,18690,4,input,3733,0,0,0,0,-1
0,0,18691,4,input,3736,0,0,0,0,-1
0,0,18692,4,input,3740,0,0,0,0,-1
0,0,18693,4,input,3752,0,0,0,0,-1
0,0,18694,4,input,3753,0,0,0,0,-1
0,0,18695,4,input,3759,0,0,0,0,-1
0,0,18696,4,input,3760,0,0,0,0,-1
0,0,18697,4,input,3763,0,0,0,0,-1
0,0,18698,4,input,3765,0,0,0,0,-1
0,0,18699,4,input,3769,0,0,0,0,-1
0,0,18700,4,input,3770,0,0,0,0,-1
0,0,18701,4,input,3780,0,0,0,0,-1
0,0,18702,4,input,3783,0,0,0,0,1
0,0,18703,4,input,3785,0,0,0,0,-1
0,0,18704,4,input,3787,0,0,0,0,-1
0,0,18705,4,input,3791,0,0,0,0,-1
0,0,18706,4,input,3796,0,0,0,0,-1
0,0,18707,4,input,3801,0,0,0,0,-1
0,0,18708,4,input,3806,0,0,0,0,-1
0,0,18709,4,input,3809,0,0,0,0,-1
0,0,18710,4,input,3813,0,0,0,0,-1
0,0,18711,4,input,3823,0,0,0,0,-1
0,0,18712,4,input,3826,0,0,0,0,-1
0,0,18713,4,input,3829,0,0,0,0,-1
0,0,18714,4,input,3836,0,0,0,0,1
0,0,18715,4,input,3848,0,0,0,0,-1
0,0,18716,4,input,3853,0,0,0,0,-1
0,0,18717,4,input,3856,0,0,0,0,-1
0,0,18718,4,input,3858,0,0,0,0,-1
0,0,18719,4,input,3860,0,0,0,0,-1
0,0,18720,4,input,3863,0,0,0,0,1
0,0,18721,4,input,3869,0,0,0,0,-1
0,0,18722,4,input,3871,0,0,0,0,-1
0,0,18723,4,input,3874,0,0,0,0,-1
0,0,18724,4,input,3877,0,0,0,0,-1
0,0,18725,4,input,3878,0,0,0,0,-1
0,0,18726,4,input,3892,0,0,0,0,-1
0,0,18727,4,input,3894,0,0,0,0,-1
0,0,18728,4,input,3908,0,0,0,0,-1
0,0,18729,4,input,3909,0,0,0,0,-1
0,0,18730,4,input,3911,0,0,0,0,-1
0,0,18731,4,input,3913,0,0,0,0,-1
0,0,18732,4,input,3919,0,0,0,0,-1
0,0,18733,4,input,3925,0,0,0,0,-1
0,0,18734,4,input,3931,0,0,0,0,-1
0,0,18735,4,input,3932,0,0,0,0,-1
0,0,18736,4,input,3934,0,0,0,0,-1
0,0,18737,4,input,3941,0,0,0,0,-1
0,0,18738,4,input,3944,0,0,0,0,-1
0,0,18739,4,input,3946,0,0,0,0,-1
0,0,18740,4,input,3948,0,0,0,0,-1
0,0,18741,4,input,3949,0,0,0,0,-1
0,0,18742,4,input,3955,0,0,0,0,-1
0,0,18743,4,input,3963,0,0,0,0,-1
0,0,18744,4,input,3965,0,0,0,0,-1
0,0,18745,4,input,3966,0,0,0,0,-1
0,0,18746,4,input,3970,0,0,0,0,-1
0,0,18747,4,input,3975,0,0,0,0,-1
0,0,18748,4,input,3976,0,0,0,0,-1
0,0,18749,4,input,3980,0,0,0,0,-1
0,0,18750,4,input,3981,0,0,0,0,-1
0,0,18751,4,input,3982,0,0,0,0,-1
0,0,18752,4,input,3991,0,0,0,0,1
0,0,18753,4,input,3994,0,0,0,0,-1
0,0,18754,4,input,3999,0,0,0,0,-1
0,0,18755,4,input,4001,0,0,0,0,-1
0,0,18756,4,input,4005,0,0,0,0,-1
0,0,18757,4,input,4006,0,0,0,0,-1
0,0,18758,4,input,4007,0,0,0,0,-1
0,0,18759,4,input,4009,0,0,0,0,-1
0,0,18760,4,input,4013,0,0,0,0,-1
0,0,18761,4,input,4016,0,0,0,0,-1
0,0,18762,4,input,4021,0,0,0,0,-1
0,0,18763,4,input,4022,0,0,0,0,-1
0,0,18764,4,input,4030,0,0,0,0,-1
0,0,18765,4,input,4036,0,0,0,0,-1
0,0,18766,4,input,4037,0,0,0,0,-1
0,0,18767,4,input,4041,0,0,0,0,-1
0,0,18768,4,input,4045,0,0,0,0,-1
0,0,18769,4,input,4047,0,0,0,0,-1
0,0,18770,4,input,4053,0,0,0,0,-1
0,0,18771,4,input,4055,0,0,0,0,-1
0,0,18772,4,input,4056,0,0,0,0,-1
0,0,18773,4,input,4059,0,0,0,0,-1
0,0,18774,4,input,4060,0,0,0,0,-1
0,0,18775,4,input,4068,0,0,0,0,-1
0,0,18776,4,input,4074,0,0,0,0,-1
0,0,18777,4,input,4076,0,0,0,0,-1
0,0,18778,4,input,4079,0,0,0,0,-1
0,0,18779,4,input,4080,0,0,0,0,-1
0,0,18780,4,input,4082,0,0,0,0,-1
0,0,18781,4,input,4083,0,0,0,0,-1
0,0,18782,4,input,4084,0,0,0,0,1
0,0,18783,4,input,4085,0,0,0,0,-1
0,0,18784,4,input,4089,0,0,0,0,-1
0,0,18785,4,input,4093,0,0,0,0,-1
0,0,18786,4,input,4094,0,0,0,0,-1
0,0,18787,4,input,4100,0,0,0,0,-1
0,0,18788,4,input,4101,0,0,0,0,-1
0,0,18789,4,input,4110,0,0,0,0,-1
0,0,18790,4,input,4117,0,0,0,0,-1
0,0,18791,4,input,4119,0,0,0,0,-1
0,0,18792,4,input,4121,0,0,0,0,-1
0,0,18793,4,input,4122,0,0,0,0,1
0,0,18794,4,input,4126,0,0,0,0,-1
0,0,18795,4,input,4132,0,0,0,0,-1
0,0,18796,4,input,4134,0,0,0,0,1
0,0,18797,4,input,4147,0,0,0,0,-1
0,0,18798,4,input,4149,0,0,0,0,-1
0,0,18799,4,input,4152,0,0,0,0,-1
0,0,18800,4,input,4154,0,0,0,0,-1
0,0,18801,4,input,4156,0,0,0,0,-1
0,0,18802,4,input,4163,0,0,0,0,-1
0,0,18803,4,input,4164,0,0,0,0,-1
0,0,18804,4,input,4168,0,0,0,0,-1
0,0,18805,4,input,4169,0,0,0,0,-1
0,0,18806,4,input,4171,0,0,0,0,-1
0,0,18807,4,input,4172,0,0,0,0,-1
0,0,18808,4,input,4173,0,0,0,0,1
0,0,18809,4,input,4174,0,0,0,0,-1
0,0,18810,4,input,4176,0,0,0,0,1
0,0,18811,4,input,4178,0,0,0,0,-1
0,0,18812,4,input,4182,0,0,0,0,-1
0,0,18813,4,input,4185,0,0,0,0,-1
0,0,18814,4,input,4186,0,0,0,0,-1
0,0,18815,4,input,4190,0,0,0,0,-1
0,0,18816,4,input,4194,0,0,0,0,-1
0,0,18817,4,input,4203,0,0,0,0,1
0,0,18818,4,input,4207,0,0,0,0,-1
0,0,18819,4,input,4210,0,0,0,0,-1
0,0,18820,4,input,4212,0,0,0,0,-1
0,0,18821,4,input,4213,0,0,0,0,-1
0,0,18822,4,input,4214,0,0,0,0,-1
0,0,18823,4,input,4217,0,0,0,0,1
0,0,18824,4,input,4221,0,0,0,0,1
0,0,18825,4,input,4224,0,0,0,0,-1
0,0,18826,4,input,4228,0,0,0,0,-1
0,0,18827,4,input,4232,0,0,0,0,1
0,0,18828,4,input,4234,0,0,0,0,-1
0,0,18829,4,input,4235,0,0,0,0,-1
0,0,18830,4,input,4236,0,0,0,0,-1
0,0,18831,4,input,4238,0,0,0,0,-1
0,0,18832,4,input,4249,0,0,0,0,-1
0,0,18833,4,input,4250,0,0,0,0,1
0,0,18834,4,input,4253,0,0,0,0,1
0,0,18835,4,input,4258,0,0,0,0,-1
0,0,18836,4,input,4270,0,0,0,0,1
0,0,18837,4,input,4275,0,0,0,0,-1
0,0,18838,4,input,4276,0,0,0,0,-1
0,0,18839,4,input,4277,0,0,0,0,-1
0,0,18840,4,input,4279,0,0,0,0,-1
0,0,18841,4,input,4287,0,0,0,0,-1
0,0,18842,4,input,4289,0,0,0,0,1
0,0,18843,4,input,4290,0,0,0,0,-1
0,0,18844,4,input,4292,0,0,0,0,-1
0,0,18845,4,input,4297,0,0,0,0,-1
0,0,18846,4,input,4299,0,0,0,0,-1
0,0,18847,4,input,4301,0,0,0,0,1
0,0,18848,4,input,4302,0,0,0,0,-1
0,0,18849,4,input,4306,0,0,0,0,-1
0,0,18850,4,input,4307,0,0,0,0,-1
0,0,18851,4,input,4311,0,0,0,0,-1
0,0,18852,4,input,4313,0,0,0,0,-1
0,0,18853,4,input,4314,0,0,0,0,-1
0,0,18854,4,input,4318,0,0,0,0,-1
0,0,18855,4,input,4323,0,0,0,0,-1
0,0,18856,4,input,4324,0,0,0,0,-1
0,0,18857,4,input,4327,0,0,0,0,-1
0,0,18858,4,input,4332,0,0,0,0,-1
0,0,18859,4,input,4333,0,0,0,0,-1
0,0,18860,4,input,4335,0,0,0,0,-1
0,0,18861,4,input,4338,0,0,0,0,-1
0,0,18862,4,input,4339,0,0,0,0,-1
0,0,18863,4,input,4341,0,0,0,0,-1
0,0,18864,4,input,4342,0,0,0,0,-1
0,0,18865,4,input,4343,0,0,0,0,-1
0,0,18866,4,input,4347,0,0,0,0,-1
0,0,18867,4,input,4351,0,0,0,0,-1
0,0,18868,4,input,4352,0,0,0,0,-1
0,0,18869,4,input,4356,0,0,0,0,-1
0,0,18870,4,input,4357,0,0,0,0,-1
0,0,18871,4,input,4363,0,0,0,0,-1
0,0,18872,4,input,4364,0,0,0,0,-1
0,0,18873,4,input,4365,0,0,0,0,-1
0,0,18874,4,input,4367,0,0,0,0,-1
0,0,18875,4,input,4369,0,0,0,0,1
0,0,18876,4,input,4370,0,0,0,0,-1
0,0,18877,4,input,4373,0,0,0,0,-1
0,0,18878,4,input,4376,0,0,0,0,1
0,0,18879,4,input,4377,0,0,0,0,-1
0,0,18880,4,input,4379,0,0,0,0,1
0,0,18881,4,input,4380,0,0,0,0,-1
0,0,18882,4,input,4385,0,0,0,0,-1
0,0,18883,4,input,4386,0,0,0,0,-1
0,0,18884,4,input,4392,0,0,0,0,-1
0,0,18885,4,input,4393,0,0,0,0,-1
0,0,18886,4,input,4398,0,0,0,0,1
0,0,18887,4,input,4404,0,0,0,0,-1
0,0,18888,4,input,4405,0,0,0,0,-1
0,0,18889,4,input,4407,0,0,0,0,-1
0,0,18890,4,input,4413,0,0,0,0,-1
0,0,18891,4,input,4420,0,0,0,0,-1
0,0,18892,4,input,4422,0,0,0,0,-1
0,0,18893,4,input,4425,0,0,0,0,-1
0,0,18894,4,input,4428,0,0,0,0,-1
0,0,18895,4,input,4429,0,0,0,0,-1
0,0,18896,4,input,4431,0,0,0,0,-1
0,0,18897,4,input,4434,0,0,0,0,-1
0,0,18898,4,input,4435,0,0,0,0,-1
0,0,18899,4,input,4439,0,0,0,0,-1
0,0,18900,4,input,4441,0,0,0,0,-1
0,0,18901,4,input,4446,0,0,0,0,-1
0,0,18902,4,input,4449,0,0,0,0,-1
0,0,18903,4,input,4450,0,0,0,0,-1
0,0,18904,4,input,4458,0,0,0,0,1
0,0,18905,4,input,4461,0,0,0,0,-1
0,0,18906,4,input,4462,0,0,0,0,-1
0,0,18907,4,input,4464,0,0,0,0,-1
0,0,18908,4,input,4465,0,0,0,0,1
0,0,18909,4,input,4466,0,0,0,0,-1
0,0,18910,4,input,4469,0,0,0,0,-1
0,0,18911,4,input,4471,0,0,0,0,-1
0,0,18912,4,input,4478,0,0,0,0,-1
0,0,18913,4,input,4481,0,0,0,0,-1
0,0,18914,4,input,4483,0,0,0,0,-1
0,0,18915,4,input,4486,0,0,0,0,-1
0,0,18916,4,input,4489,0,0,0,0,-1
0,0,18917,4,input,4496,0,0,0,0,-1
0,0,18918,4,input,4497,0,0,0,0,-1
0,0,18919,4,input,4498,0,0,0,0,-1
0,0,18920,4,input,4504,0,0,0,0,-1
0,0,18921,4,input,4505,0,0,0,0,-1
0,0,18922,4,input,4517,0,0,0,0,-1
0,0,18923,4,input,4528,0,0,0,0,-1
0,0,18924,4,input,4533,0,0,0,0,-1
0,0,18925,4,input,4535,0,0,0,0,-1
0,0,18926,4,input,4536,0,0,0,0,-1
0,0,18927,4,input,4538,0,0,0,0,-1
0,0,18928,4,input,4550,0,0,0,0,-1
0,0,18929,4,input,4551,0,0,0,0,-1
0,0,18930,4,input,4558,0,0,0,0,-1
0,0,18931,4,input,4562,0,0,0,0,-1
0,0,18932,4,input,4565,0,0,0,0,-1
0,0,18933,4,input,4566,0,0,0,0,-1
0,0,18934,4,input,4568,0,0,0,0,-1
0,0,18935,4,input,4577,0,0,0,0,-1
0,0,18936,4,input,4579,0,0,0,0,-1
0,0,18937,4,input,4581,0,0,0,0,-1
0,0,18938,4,input,4586,0,0,0,0,-1
0,0,18939,4,input,4588,0,0,0,0,-1
0,0,18940,4,input,4590,0,0,0,0,-1
0,0,18941,4,input,4593,0,0,0,0,-1
0,0,18942,4,input,4599,0,0,0,0,-1
0,0,18943,4,input,4600,0,0,0,0,-1
0,0,18944,4,input,4611,0,0,0,0,-1
0,0,18945,4,input,4613,0,0,0,0,-1
0,0,18946,4,input,4614,0,0,0,0,-1
0,0,18947,4,input,4616,0,0,0,0,-1
0,0,18948,4,input,4617,0,0,0,0,-1
0,0,18949,4,input,4624,0,0,0,0,-1
0,0,18950,4,input,4626,0,0,0,0,-1
0,0,18951,4,input,4628,0,0,0,0,-1
0,0,18952,4,input,4635,0,0,0,0,-1
0,0,18953,4,input,4636,0,0,0,0,-1
0,0,18954,4,input,4637,0,0,0,0,-1
0,0,18955,4,input,4640,0,0,0,0,-1
0,0,18956,4,input,4644,0,0,0,0,-1
0,0,18957,4,input,4645,0,0,0,0,-1
0,0,18958,4,input,4647,0,0,0,0,-1
0,0,18959,4,input,4648,0,0,0,0,-1
0,0,18960,4,input,4649,0,0,0,0,-1
0,0,18961,4,input,4650,0,0,0,0,-1
0,0,18962,4,input,4652,0,0,0,0,-1
0,0,18963,4,input,4658,0,0,0,0,-1
0,0,18964,4,input,4663,0,0,0,0,-1
0,0,18965,4,input,4678,0,0,0,0,-1
0,0,18966,4,input,4679,0,0,0,0,-1
0,0,18967,4,input,4684,0,0,0,0,-1
0,0,18968,4,input,4686,0,0,0,0,-1
0,0,18969,4,input,4687,0,0,0,0,-1
0,0,18970,4,input,4690,0,0,0,0,-1
0,0,18971,4,input,4692,0,0,0,0,-1
0,0,18972,4,input,4693,0,0,0,0,-1
0,0,18973,4,input,4700,0,0,0,0,-1
0,0,18974,4,input,4708,0,0,0,0,-1
0,0,18975,4,input,4716,0,0,0,0,-1
0,0,18976,4,input,4717,0,0,0,0,1
0,0,18977,4,input,4719,0,0,0,0,-1
0,0,18978,4,input,4720,0,0,0,0,-1
0,0,18979,4,input,4727,0,0,0,0,-1
0,0,18980,4,input,4728,0,0,0,0,-1
0,0,18981,4,input,4736,0,0,0,0,-1
0,0,18982,4,input,4742,0,0,0,0,-1
0,0,18983,4,input,4745,0,0,0,0,-1
0,0,18984,4,input,4751,0,0,0,0,1
0,0,18985,4,input,4752,0,0,0,0,1
0,0,18986,4,input,4759,0,0,0,0,1
0,0,18987,4,input,4762,0,0,0,0,-1
0,0,18988,4,input,4764,0,0,0,0,-1
0,0,18989,4,input,4767,0,0,0,0,-1
0,0,18990,4,input,4771,0,0,0,0,-1
0,0,18991,4,input,4773,0,0,0,0,-1
0,0,18992,4,input,4776,0,0,0,0,-1
0,0,18993,4,input,4777,0,0,0,0,-1
0,0,18994,4,input,4778,0,0,0,0,-1
0,0,18995,4,input,4782,0,0,0,0,-1
0,0,18996,4,input,4790,0,0,0,0,-1
0,0,18997,4,input,4791,0,0,0,0,-1
0,0,18998,4,input,4793,0,0,0,0,-1
0,0,18999,4,input,4794,0,0,0,0,-1
0,0,19000,4,input,4798,0,0,0,0,-1
0,0,19001,4,input,4800,0,0,0,0,-1
0,0,19002,4,input,4801,0,0,0,0,-1
0,0,19003,4,input,4807,0,0,0,0,1
0,0,19004,4,input,4810,0,0,0,0,-1
0,0,19005,4,input,4813,0,0,0,0,-1
0,0,19006,4,input,4814,0,0,0,0,-1
0,0,19007,4,input,4816,0,0,0,0,-1
0,0,19008,4,input,4819,0,0,0,0,-1
0,0,19009,4,input,4820,0,0,0,0,-1
0,0,19010,4,input,4822,0,0,0,0,-1
0,0,19011,4,input,4824,0,0,0,0,1
0,0,19012,4,input,4825,0,0,0,0,-1
0,0,19013,4,input,4827,0,0,0,0,-1
0,0,19014,4,input,4837,0,0,0,0,-1
0,0,19015,4,input,4846,0,0,0,0,-1
0,0,19016,4,input,4849,0,0,0,0,-1
0,0,19017,4,input,4853,0,0,0,0,-1
0,0,19018,4,input,4856,0,0,0,0,-1
0,0,19019,4,input,4858,0,0,0,0,-1
0,0,19020,4,input,4860,0,0,0,0,-1
0,0,19021,4,input,4864,0,0,0,0,-1
0,0,19022,4,input,4865,0,0,0,0,-1
0,0,19023,4,input,4866,0,0,0,0,-1
0,0,19024,4,input,4876,0,0,0,0,1
0,0,19025,4,input,4877,0,0,0,0,-1
0,0,19026,4,input,4878,0,0,0,0,-1
0,0,19027,4,input,4880,0,0,0,0,-1
0,0,19028,4,input,4882,0,0,0,0,-1
0,0,19029,4,input,4887,0,0,0,0,1
0,0,19030,4,input,4893,0,0,0,0,-1
0,0,19031,4,input,4894,0,0,0,0,-1
0,0,19032,4,input,4895,0,0,0,0,-1
0,0,19033,4,input,4898,0,0,0,0,-1
0,0,19034,4,input,4901,0,0,0,0,-1
0,0,19035,4,input,4902,0,0,0,0,-1
0,0,19036,4,input,4903,0,0,0,0,-1
0,0,19037,4,input,4910,0,0,0,0,-1
0,0,19038,4,input,4912,0,0,0,0,-1
0,0,19039,4,input,4925,0,0,0,0,-1
0,0,19040,4,input,4930,0,0,0,0,-1
0,0,19041,4,input,4932,0,0,0,0,-1
0,0,19042,4,input,4933,0,0,0,0,-1
0,0,19043,4,input,4935,0,0,0,0,-1
0,0,19044,4,input,4941,0,0,0,0,-1
0,0,19045,4,input,4949,0,0,0,0,-1
0,0,19046,4,input,4955,0,0,0,0,-1
0,0,19047,4,input,4956,0,0,0,0,-1
0,0,19048,4,input,4957,0,0,0,0,-1
0,0,19049,4,input,4963,0,0,0,0,-1
0,0,19050,4,input,4965,0,0,0,0,-1
0,0,19051,4,input,4970,0,0,0,0,-1
0,0,19052,4,input,4972,0,0,0,0,-1
0,0,19053,4,input,4973,0,0,0,0,-1
0,0,19054,4,input,4974,0,0,0,0,-1
0,0,19055,4,input,4976,0,0,0,0,-1
0,0,19056,4,input,4977,0,0,0,0,-1
0,0,19057,4,input,4979,0,0,0,0,-1
0,0,19058,4,input,4985,0,0,0,0,-1
0,0,19059,4,input,4987,0,0,0,0,-1
0,0,19060,4,input,4989,0,0,0,0,-1
0,0,19061,4,input,4990,0,0,0,0,-1
0,0,19062,4,input,4994,0,0,0,0,-1
0,0,19063,4,input,4995,0,0,0,0,-1
0,0,19064,4,input,4998,0,0,0,0,-1
0,0,19065,4,input,5000,0,0,0,0,-1
0,0,19066,4,input,5001,0,0,0,0,-1
0,0,19067,4,input,5005,0,0,0,0,-1
0,0,19068,4,input,5006,0,0,0,0,-1
0,0,19069,4,input,5018,0,0,0,0,-1
0,0,19070,4,input,5023,0,0,0,0,-1
0,0,19071,4,input,5024,0,0,0,0,-1
0,0,19072,4,input,5025,0,0,0,0,-1
0,0,19073,4,input,5029,0,0,0,0,-1
0,0,19074,4,input,5030,0,0,0,0,-1
0,0,19075,4,input,5031,0,0,0,0,-1
0,0,19076,4,input,5032,0,0,0,0,-1
0,0,19077,4,input,5033,0,0,0,0,-1
0,0,19078,4,input,5035,0,0,0,0,-1
0,0,19079,4,input,5037,0,0,0,0,-1
0,0,19080,4,input,5039,0,0,0,0,-1
0,0,19081,4,input,5040,0,0,0,0,-1
0,0,19082,4,input,5041,0,0,0,0,1
0,0,19083,4,input,5042,0,0,0,0,-1
0,0,19084,4,input,5048,0,0,0,0,1
0,0,19085,4,input,5054,0,0,0,0,-1
0,0,19086,4,input,5055,0,0,0,0,-1
0,0,19087,4,input,5060,0,0,0,0,-1
0,0,19088,4,input,5062,0,0,0,0,-1
0,0,19089,4,input,5065,0,0,0,0,-1
0,0,19090,4,input,5069,0,0,0,0,-1
0,0,19091,4,input,5077,0,0,0,0,-1
0,0,19092,4,input,5079,0,0,0,0,-1
0,0,19093,4,input,5080,0,0,0,0,-1
0,0,19094,4,input,5084,0,0,0,0,-1
0,0,19095,4,input,5085,0,0,0,0,-1
0,0,19096,4,input,5086,0,0,0,0,1
0,0,19097,4,input,5092,0,0,0,0,-1
0,0,19098,4,input,5094,0,0,0,0,-1
0,0,19099,4,input,5096,0,0,0,0,-1
0,0,19100,4,input,5103,0,0,0,0,-1
0,0,19101,4,input,5104,0,0,0,0,-1
0,0,19102,4,input,5108,0,0,0,0,1
0,0,19103,4,input,5113,0,0,0,0,-1
0,0,19104,4,input,5115,0,0,0,0,-1
0,0,19105,4,input,5116,0,0,0,0,-1
0,0,19106,4,input,5117,0,0,0,0,-1
0,0,19107,4,input,5118,0,0,0,0,-1
0,0,19108,4,input,5119,0,0,0,0,1
0,0,19109,4,input,5123,0,0,0,0,-1
0,0,19110,4,input,5125,0,0,0,0,-1
0,0,19111,4,input,5126,0,0,0,0,-1
0,0,19112,4,input,5127,0,0,0,0,1
0,0,19113,4,input,5128,0,0,0,0,-1
0,0,19114,4,input,5129,0,0,0,0,-1
0,0,19115,4,input,5131,0,0,0,0,1
0,0,19116,4,input,5132,0,0,0,0,1
0,0,19117,4,input,5134,0,0,0,0,-1
0,0,19118,4,input,5136,0,0,0,0,-1
0,0,19119,4,input,5137,0,0,0,0,-1
0,0,19120,4,input,5140,0,0,0,0,-1
0,0,19121,4,input,5142,0,0,0,0,-1
0,0,19122,4,input,5143,0,0,0,0,-1
0,0,19123,4,input,5144,0,0,0,0,-1
0,0,19124,4,input,5146,0,0,0,0,-1
0,0,19125,4,input,5149,0,0,0,0,-1
0,0,19126,4,input,5150,0,0,0,0,-1
0,0,19127,4,input,5151,0,0,0,0,-1
0,0,19128,4,input,5153,0,0,0,0,1
0,0,19129,4,input,5154,0,0,0,0,-1
0,0,19130,4,input,5155,0,0,0,0,-1
0,0,19131,4,input,5156,0,0,0,0,-1
0,0,19132,4,input,5159,0,0,0,0,-1
0,0,19133,4,input,5160,0,0,0,0,-1
0,0,19134,4,input,5164,0,0,0,0,-1
0,0,19135,4,input,5165,0,0,0,0,-1
0,0,19136,4,input,5166,0,0,0,0,-1
0,0,19137,4,input,5167,0,0,0,0,-1
0,0,19138,4,input,5169,0,0,0,0,-1
0,0,19139,4,input,5170,0,0,0,0,-1
0,0,19140,4,input,5173,0,0,0,0,1
0,0,19141,4,input,5176,0,0,0,0,-1
0,0,19142,4,input,5177,0,0,0,0,-1
0,0,19143,4,input,5178,0,0,0,0,-1
0,0,19144,4,input,5180,0,0,0,0,-1
0,0,19145,4,input,5182,0,0,0,0,-1
0,0,19146,4,input,5185,0,0,0,0,-1
0,0,19147,4,input,5187,0,0,0,0,-1
0,0,19148,4,input,5189,0,0,0,0,-1
0,0,19149,4,input,5191,0,0,0,0,-1
0,0,19150,4,input,5194,0,0,0,0,-1
0,0,19151,4,input,5196,0,0,0,0,-1
0,0,19152,4,input,5197,0,0,0,0,1
0,0,19153,4,input,5198,0,0,0,0,-1
0,0,19154,4,input,5201,0,0,0,0,-1
0,0,19155,4,input,5203,0,0,0,0,-1
0,0,19156,4,input,5207,0,0,0,0,1
0,0,19157,4,input,5211,0,0,0,0,-1
0,0,19158,4,input,5214,0,0,0,0,-1
0,0,19159,4,input,5215,0,0,0,0,-1
0,0,19160,4,input,5226,0,0,0,0,1
0,0,19161,4,input,5227,0,0,0,0,1
0,0,19162,4,input,5233,0,0,0,0,-1
0,0,19163,4,input,5234,0,0,0,0,1
0,0,19164,4,input,5236,0,0,0,0,-1
0,0,19165,4,input,5237,0,0,0,0,1
0,0,19166,4,input,5238,0,0,0,0,-1
0,0,19167,4,input,5240,0,0,0,0,-1
0,0,19168,4,input,5241,0,0,0,0,1
0,0,19169,4,input,5249,0,0,0,0,-1
0,0,19170,4,input,5252,0,0,0,0,-1
0,0,19171,4,input,5256,0,0,0,0,1
0,0,19172,4,input,5258,0,0,0,0,-1
0,0,19173,4,input,5260,0,0,0,0,-1
0,0,19174,4,input,5262,0,0,0,0,-1
0,0,19175,4,input,5264,0,0,0,0,-1
0,0,19176,4,input,5265,0,0,0,0,-1
0,0,19177,4,input,5267,0,0,0,0,-1
0,0,19178,4,input,5271,0,0,0,0,-1
0,0,19179,4,input,5272,0,0,0,0,-1
0,0,19180,4,input,5273,0,0,0,0,-1
0,0,19181,4,input,5274,0,0,0,0,1
0,0,19182,4,input,5275,0,0,0,0,-1
0,0,19183,4,input,5276,0,0,0,0,1
0,0,19184,4,input,5278,0,0,0,0,-1
0,0,19185,4,input,5282,0,0,0,0,-1
0,0,19186,4,input,5288,0,0,0,0,1
0,0,19187,4,input,5289,0,0,0,0,1
0,0,19188,4,input,5290,0,0,0,0,1
0,0,19189,4,input,5294,0,0,0,0,1
0,0,19190,4,input,5296,0,0,0,0,-1
0,0,19191,4,input,5298,0,0,0,0,1
0,0,19192,4,input,5299,0,0,0,0,-1
0,0,19193,4,input,5301,0,0,0,0,-1
0,0,19194,4,input,5304,0,0,0,0,-1
0,0,19195,4,input,5305,0,0,0,0,1
0,0,19196,4,input,5306,0,0,0,0,-1
0,0,19197,4,input,5309,0,0,0,0,-1
0,0,19198,4,input,5311,0,0,0,0,-1
0,0,19199,4,input,5313,0,0,0,0,1
0,0,19200,4,input,5324,0,0,0,0,1
0,0,19201,4,input,5325,0,0,0,0,1
0,0,19202,4,input,5326,0,0,0,0,-1
0,0,19203,4,input,5328,0,0,0,0,1
0,0,19204,4,input,5330,0,0,0,0,-1
0,0,19205,4,input,5333,0,0,0,0,-1
0,0,19206,4,input,5334,0,0,0,0,-1
0,0,19207,4,input,5336,0,0,0,0,-1
0,0,19208,4,input,5337,0,0,0,0,-1
0,0,19209,4,input,5338,0,0,0,0,-1
0,0,19210,4,input,5339,0,0,0,0,-1
0,0,19211,4,input,5340,0,0,0,0,1
0,0,19212,4,input,5342,0,0,0,0,-1
0,0,19213,4,input,5343,0,0,0,0,1
0,0,19214,4,input,5347,0,0,0,0,-1
0,0,19215,4,input,5352,0,0,0,0,-1
0,0,19216,4,input,5354,0,0,0,0,-1
0,0,19217,4,input,5355,0,0,0,0,1
0,0,19218,4,input,5356,0,0,0,0,-1
0,0,19219,4,input,5359,0,0,0,0,-1
0,0,19220,4,input,5361,0,0,0,0,-1
0,0,19221,4,input,5362,0,0,0,0,-1
0,0,19222,4,input,5365,0,0,0,0,-1
0,0,19223,4,input,5366,0,0,0,0,-1
0,0,19224,4,input,5367,0,0,0,0,-1
0,0,19225,4,input,5368,0,0,0,0,-1
0,0,19226,4,input,5369,0,0,0,0,1
0,0,19227,4,input,5372,0,0,0,0,1
0,0,19228,4,input,5376,0,0,0,0,1
0,0,19229,4,input,5377,0,0,0,0,1
0,0,19230,4,input,5384,0,0,0,0,-1
0,0,19231,4,input,5385,0,0,0,0,-1
0,0,19232,4,input,5386,0,0,0,0,-1
0,0,19233,4,input,5387,0,0,0,0,-1
0,0,19234,4,input,5388,0,0,0,0,-1
0,0,19235,4,input,5392,0,0,0,0,1
0,0,19236,4,input,5394,0,0,0,0,1
0,0,19237,4,input,5395,0,0,0,0,-1
0,0,19238,4,input,5396,0,0,0,0,-1
0,0,19239,4,input,5397,0,0,0,0,-1
0,0,19240,4,input,5399,0,0,0,0,-1
0,0,19241,4,input,5400,0,0,0,0,-1
0,0,19242,4,input,5401,0,0,0,0,-1
0,0,19243,4,input,5402,0,0,0,0,-1
0,0,19244,4,input,5405,0,0,0,0,-1
0,0,19245,4,input,5409,0,0,0,0,1
0,0,19246,4,input,5410,0,0,0,0,-1
0,0,19247,4,input,5412,0,0,0,0,-1
0,0,19248,4,input,5417,0,0,0,0,-1
0,0,19249,4,input,5418,0,0,0,0,1
0,0,19250,4,input,5420,0,0,0,0,-1
0,0,19251,4,input,5422,0,0,0,0,1
0,0,19252,4,input,5423,0,0,0,0,-1
0,0,19253,4,input,5425,0,0,0,0,1
0,0,19254,4,input,5426,0,0,0,0,-1
0,0,19255,4,input,5430,0,0,0,0,1
0,0,19256,4,input,5434,0,0,0,0,-1
0,0,19257,4,input,5435,0,0,0,0,-1
0,0,19258,4,input,5436,0,0,0,0,-1
0,0,19259,4,input,5437,0,0,0,0,1
0,0,19260,4,input,5438,0,0,0,0,1
0,0,19261,4,input,5439,0,0,0,0,-1
0,0,19262,4,input,5442,0,0,0,0,1
0,0,19263,4,input,5443,0,0,0,0,-1
0,0,19264,4,input,5447,0,0,0,0,1
0,0,19265,4,input,5448,0,0,0,0,-1
0,0,19266,4,input,5449,0,0,0,0,-1
0,0,19267,4,input,5450,0,0,0,0,1
0,0,19268,4,input,5451,0,0,0,0,-1
0,0,19269,4,input,5452,0,0,0,0,-1
0,0,19270,4,input,5453,0,0,0,0,1
0,0,19271,4,input,5454,0,0,0,0,-1
0,0,19272,4,input,5455,0,0,0,0,-1
0,0,19273,4,input,5456,0,0,0,0,1
0,0,19274,4,input,5457,0,0,0,0,-1
0,0,19275,4,input,5460,0,0,0,0,-1
0,0,19276,4,input,5461,0,0,0,0,1
0,0,19277,4,input,5464,0,0,0,0,-1
0,0,19278,4,input,5465,0,0,0,0,-1
0,0,19279,4,input,5466,0,0,0,0,-1
0,0,19280,4,input,5467,0,0,0,0,1
0,0,19281,4,input,5469,0,0,0,0,1
0,0,19282,4,input,5470,0,0,0,0,-1
0,0,19283,4,input,5471,0,0,0,0,-1
0,0,19284,4,input,5472,0,0,0,0,-1
0,0,19285,4,input,5475,0,0,0,0,1
0,0,19286,4,input,5476,0,0,0,0,-1
0,0,19287,4,input,5477,0,0,0,0,1
0,0,19288,4,input,5478,0,0,0,0,-1
0,0,19289,4,input,5480,0,0,0,0,-1
0,0,19290,4,input,5481,0,0,0,0,-1
0,0,19291,4,input,5482,0,0,0,0,1
0,0,19292,4,input,5483,0,0,0,0,1
0,0,19293,4,input,5484,0,0,0,0,1
0,0,19294,4,input,5486,0,0,0,0,1
0,0,19295,4,input,5487,0,0,0,0,-1
0,0,19296,4,input,5489,0,0,0,0,-1
0,0,19297,4,input,5490,0,0,0,0,-1
0,0,19298,4,input,5493,0,0,0,0,-1
0,0,19299,4,input,5494,0,0,0,0,-1
0,0,19300,4,input,5497,0,0,0,0,1
0,0,19301,4,input,5499,0,0,0,0,-1
0,0,19302,4,input,5503,0,0,0,0,-1
0,0,19303,4,input,5510,0,0,0,0,-1
0,0,19304,4,input,5512,0,0,0,0,-1
0,0,19305,4,input,5514,0,0,0,0,1
0,0,19306,4,input,5516,0,0,0,0,1
0,0,19307,4,input,5519,0,0,0,0,-1
0,0,19308,4,input,5521,0,0,0,0,-1
0,0,19309,4,input,5524,0,0,0,0,-1
0,0,19310,4,input,5525,0,0,0,0,1
0,0,19311,4,input,5527,0,0,0,0,-1
0,0,19312,4,input,5528,0,0,0,0,1
0,0,19313,4,input,5529,0,0,0,0,-1
0,0,19314,4,input,5534,0,0,0,0,-1
0,0,19315,4,input,5535,0,0,0,0,-1
0,0,19316,4,input,5536,0,0,0,0,-1
0,0,19317,4,input,5538,0,0,0,0,-1
0,0,19318,4,input,5539,0,0,0,0,-1
0,0,19319,4,input,5541,0,0,0,0,1
0,0,19320,4,input,5544,0,0,0,0,-1
0,0,19321,4,input,5545,0,0,0,0,-1
0,0,19322,4,input,5546,0,0,0,0,-1
0,0,19323,4,input,5548,0,0,0,0,-1
0,0,19324,4,input,5549,0,0,0,0,-1
0,0,19325,4,input,5550,0,0,0,0,-1
0,0,19326,4,input,5552,0,0,0,0,1
0,0,19327,4,input,5553,0,0,0,0,-1
0,0,19328,4,input,5554,0,0,0,0,-1
0,0,19329,4,input,5561,0,0,0,0,-1
0,0,19330,4,input,5562,0,0,0,0,1
0,0,19331,4,input,5563,0,0,0,0,-1
0,0,19332,4,input,5565,0,0,0,0,1
0,0,19333,4,input,5566,0,0,0,0,-1
0,0,19334,4,input,5568,0,0,0,0,-1
0,0,19335,4,input,5570,0,0,0,0,-1
0,0,19336,4,input,5571,0,0,0,0,-1
0,0,19337,4,input,5572,0,0,0,0,-1
0,0,19338,4,input,5573,0,0,0,0,-1
0,0,19339,4,input,5578,0,0,0,0,-1
0,0,19340,4,input,5581,0,0,0,0,1
0,0,19341,4,input,5585,0,0,0,0,-1
0,0,19342,4,input,5586,0,0,0,0,-1
0,0,19343,4,input,5587,0,0,0,0,-1
0,0,19344,4,input,5588,0,0,0,0,-1
0,0,19345,4,input,5589,0,0,0,0,1
0,0,19346,4,input,5591,0,0,0,0,-1
0,0,19347,4,input,5592,0,0,0,0,1
0,0,19348,4,input,5598,0,0,0,0,-1
0,0,19349,4,input,5599,0,0,0,0,-1
0,0,19350,4,input,5600,0,0,0,0,-1
0,0,19351,4,input,5602,0,0,0,0,-1
0,0,19352,4,input,5604,0,0,0,0,-1
0,0,19353,4,input,5605,0,0,0,0,1
0,0,19354,4,input,5608,0,0,0,0,-1
0,0,19355,4,input,5610,0,0,0,0,1
0,0,19356,4,input,5611,0,0,0,0,1
0,0,19357,4,input,5613,0,0,0,0,1
0,0,19358,4,input,5615,0,0,0,0,-1
0,0,19359,4,input,5618,0,0,0,0,1
0,0,19360,4,input,5619,0,0,0,0,-1
0,0,19361,4,input,5620,0,0,0,0,-1
0,0,19362,4,input,5622,0,0,0,0,-1
0,0,19363,4,input,5625,0,0,0,0,1
0,0,19364,4,input,5628,0,0,0,0,-1
0,0,19365,4,input,5631,0,0,0,0,-1
0,0,19366,4,input,5636,0,0,0,0,-1
0,0,19367,4,input,5639,0,0,0,0,-1
0,0,19368,4,input,5640,0,0,0,0,-1
0,0,19369,4,input,5642,0,0,0,0,-1
0,0,19370,4,input,5644,0,0,0,0,-1
0,0,19371,4,input,5645,0,0,0,0,-1
0,0,19372,4,input,5648,0,0,0,0,1
0,0,19373,4,input,5652,0,0,0,0,-1
0,0,19374,4,input,5655,0,0,0,0,1
0,0,19375,4,input,5670,0,0,0,0,-1
0,0,19376,4,input,5672,0,0,0,0,-1
0,0,19377,4,input,5674,0,0,0,0,-1
0,0,19378,4,input,5675,0,0,0,0,1
0,0,19379,4,input,5676,0,0,0,0,-1
0,0,19380,4,input,5677,0,0,0,0,-1
0,0,19381,4,input,5680,0,0,0,0,-1
0,0,19382,4,input,5683,0,0,0,0,-1
0,0,19383,4,input,5685,0,0,0,0,-1
0,0,19384,4,input,5687,0,0,0,0,-1
0,0,19385,4,input,5689,0,0,0,0,-1
0,0,19386,4,input,5698,0,0,0,0,-1
0,0,19387,4,input,5699,0,0,0,0,-1
0,0,19388,4,input,5701,0,0,0,0,-1
0,0,19389,4,input,5708,0,0,0,0,-1
0,0,19390,4,input,5709,0,0,0,0,1
0,0,19391,4,input,5712,0,0,0,0,-1
0,0,19392,4,input,5715,0,0,0,0,-1
0,0,19393,4,input,5718,0,0,0,0,-1
0,0,19394,4,input,5719,0,0,0,0,-1
0,0,19395,4,input,5721,0,0,0,0,-1
0,0,19396,4,input,5724,0,0,0,0,-1
0,0,19397,4,input,5726,0,0,0,0,-1
0,0,19398,4,input,5727,0,0,0,0,-1
0,0,19399,4,input,5728,0,0,0,0,-1
0,0,19400,4,input,5732,0,0,0,0,-1
0,0,19401,4,input,5735,0,0,0,0,-1
0,0,19402,4,input,5741,0,0,0,0,1
0,0,19403,4,input,5743,0,0,0,0,-1
0,0,19404,4,input,5748,0,0,0,0,-1
0,0,19405,4,input,5749,0,0,0,0,-1
0,0,19406,4,input,5750,0,0,0,0,-1
0,0,19407,4,input,5751,0,0,0,0,-1
0,0,19408,4,input,5752,0,0,0,0,-1
0,0,19409,4,input,5756,0,0,0,0,1
0,0,19410,4,input,5759,0,0,0,0,-1
0,0,19411,4,input,5763,0,0,0,0,1
0,0,19412,4,input,5766,0,0,0,0,-1
0,0,19413,4,input,5767,0,0,0,0,-1
0,0,19414,4,input,5776,0,0,0,0,-1
0,0,19415,4,input,5778,0,0,0,0,-1
0,0,19416,4,input,5780,0,0,0,0,-1
0,0,19417,4,input,5783,0,0,0,0,1
0,0,19418,4,input,5789,0,0,0,0,-1
0,0,19419,4,input,5791,0,0,0,0,-1
0,0,19420,4,input,5797,0,0,0,0,-1
0,0,19421,4,input,5799,0,0,0,0,1
0,0,19422,4,input,5800,0,0,0,0,-1
0,0,19423,4,input,5801,0,0,0,0,-1
0,0,19424,4,input,5803,0,0,0,0,1
0,0,19425,4,input,5804,0,0,0,0,-1
0,0,19426,4,input,5805,0,0,0,0,-1
0,0,19427,4,input,5806,0,0,0,0,1
0,0,19428,4,input,5809,0,0,0,0,-1
0,0,19429,4,input,5812,0,0,0,0,-1
0,0,19430,4,input,5815,0,0,0,0,-1
0,0,19431,4,input,5816,0,0,0,0,-1
0,0,19432,4,input,5820,0,0,0,0,-1
0,0,19433,4,input,5827,0,0,0,0,-1
0,0,19434,4,input,5829,0,0,0,0,-1
0,0,19435,4,input,5830,0,0,0,0,1
0,0,19436,4,input,5831,0,0,0,0,-1
0,0,19437,4,input,5837,0,0,0,0,1
0,0,19438,4,input,5840,0,0,0,0,-1
0,0,19439,4,input,5843,0,0,0,0,-1
0,0,19440,4,input,5844,0,0,0,0,-1
0,0,19441,4,input,5848,0,0,0,0,-1
0,0,19442,4,input,5854,0,0,0,0,-1
0,0,19443,4,input,5856,0,0,0,0,-1
0,0,19444,4,input,5859,0,0,0,0,-1
0,0,19445,4,input,5861,0,0,0,0,-1
0,0,19446,4,input,5862,0,0,0,0,1
0,0,19447,4,input,5865,0,0,0,0,-1
0,0,19448,4,input,5868,0,0,0,0,-1
0,0,19449,4,input,5873,0,0,0,0,-1
0,0,19450,4,input,5875,0,0,0,0,-1
0,0,19451,4,input,5876,0,0,0,0,-1
0,0,19452,4,input,5877,0,0,0,0,-1
0,0,19453,4,input,5878,0,0,0,0,-1
0,0,19454,4,input,5884,0,0,0,0,-1
0,0,19455,4,input,5885,0,0,0,0,-1
0,0,19456,4,input,5887,0,0,0,0,-1
0,0,19457,4,input,5903,0,0,0,0,-1
0,0,19458,4,input,5904,0,0,0,0,-1
0,0,19459,4,input,5908,0,0,0,0,-1
0,0,19460,4,input,5911,0,0,0,0,1
0,0,19461,4,input,5912,0,0,0,0,1
0,0,19462,4,input,5917,0,0,0,0,-1
0,0,19463,4,input,5924,0,0,0,0,-1
0,0,19464,4,input,5927,0,0,0,0,1
0,0,19465,4,input,5928,0,0,0,0,-1
0,0,19466,4,input,5929,0,0,0,0,-1
0,0,19467,4,input,5931,0,0,0,0,1
0,0,19468,4,input,5932,0,0,0,0,-1
0,0,19469,4,input,5933,0,0,0,0,-1
0,0,19470,4,input,5937,0,0,0,0,-1
0,0,19471,4,input,5940,0,0,0,0,-1
0,0,19472,4,input,5943,0,0,0,0,-1
0,0,19473,4,input,5944,0,0,0,0,-1
0,0,19474,4,input,5948,0,0,0,0,-1
0,0,19475,4,input,5955,0,0,0,0,-1
0,0,19476,4,input,5957,0,0,0,0,-1
0,0,19477,4,input,5958,0,0,0,0,1
0,0,19478,4,input,5959,0,0,0,0,-1
0,0,19479,4,input,5964,0,0,0,0,-1
0,0,19480,4,input,5965,0,0,0,0,1
0,0,19481,4,input,5968,0,0,0,0,-1
0,0,19482,4,input,5970,0,0,0,0,-1
0,0,19483,4,input,5971,0,0,0,0,-1
0,0,19484,4,input,5972,0,0,0,0,-1
0,0,19485,4,input,5979,0,0,0,0,-1
0,0,19486,4,input,5982,0,0,0,0,-1
0,0,19487,4,input,5984,0,0,0,0,-1
0,0,19488,4,input,5987,0,0,0,0,-1
0,0,19489,4,input,5990,0,0,0,0,1
0,0,19490,4,input,5993,0,0,0,0,-1
0,0,19491,4,input,5996,0,0,0,0,-1
0,0,19492,4,input,6003,0,0,0,0,-1
0,0,19493,4,input,6004,0,0,0,0,-1
0,0,19494,4,input,6006,0,0,0,0,-1
0,0,19495,4,input,6009,0,0,0,0,1
0,0,19496,4,input,6012,0,0,0,0,-1
0,0,19497,4,input,6014,0,0,0,0,-1
0,0,19498,4,input,6015,0,0,0,0,-1
0,0,19499,4,input,6018,0,0,0,0,1
0,0,19500,4,input,6026,0,0,0,0,-1
0,0,19501,4,input,6027,0,0,0,0,1
0,0,19502,4,input,6028,0,0,0,0,-1
0,0,19503,4,input,6036,0,0,0,0,-1
0,0,19504,4,input,6037,0,0,0,0,-1
0,0,19505,4,input,6039,0,0,0,0,1
0,0,19506,4,input,6044,0,0,0,0,-1
0,0,19507,4,input,6051,0,0,0,0,-1
0,0,19508,4,input,6052,0,0,0,0,-1
0,0,19509,4,input,6054,0,0,0,0,-1
0,0,19510,4,input,6055,0,0,0,0,1
0,0,19511,4,input,6056,0,0,0,0,-1
0,0,19512,4,input,6057,0,0,0,0,-1
0,0,19513,4,input,6058,0,0,0,0,-1
0,0,19514,4,input,6059,0,0,0,0,1
0,0,19515,4,input,6060,0,0,0,0,-1
0,0,19516,4,input,6061,0,0,0,0,-1
0,0,19517,4,input,6063,0,0,0,0,-1
0,0,19518,4,input,6064,0,0,0,0,-1
0,0,19519,4,input,6065,0,0,0,0,-1
0,0,19520,4,input,6068,0,0,0,0,-1
0,0,19521,4,input,6071,0,0,0,0,-1
0,0,19522,4,input,6072,0,0,0,0,-1
0,0,19523,4,input,6075,0,0,0,0,1
0,0,19524,4,input,6076,0,0,0,0,-1
0,0,19525,4,input,6083,0,0,0,0,-1
0,0,19526,4,input,6085,0,0,0,0,-1
0,0,19527,4,input,6086,0,0,0,0,1
0,0,19528,4,input,6090,0,0,0,0,-1
0,0,19529,4,input,6092,0,0,0,0,-1
0,0,19530,4,input,6093,0,0,0,0,1
0,0,19531,4,input,6094,0,0,0,0,-1
0,0,19532,4,input,6099,0,0,0,0,-1
0,0,19533,4,input,6100,0,0,0,0,-1
0,0,19534,4,input,6102,0,0,0,0,-1
0,0,19535,4,input,6107,0,0,0,0,-1
0,0,19536,4,input,6110,0,0,0,0,-1
0,0,19537,4,input,6115,0,0,0,0,-1
0,0,19538,4,input,6118,0,0,0,0,1
0,0,19539,4,input,6126,0,0,0,0,-1
0,0,19540,4,input,6131,0,0,0,0,-1
0,0,19541,4,input,6132,0,0,0,0,-1
0,0,19542,4,input,6133,0,0,0,0,-1
0,0,19543,4,input,6134,0,0,0,0,-1
0,0,19544,4,input,6136,0,0,0,0,-1
0,0,19545,4,input,6141,0,0,0,0,-1
0,0,19546,4,input,6142,0,0,0,0,-1
0,0,19547,4,input,6143,0,0,0,0,-1
0,0,19548,4,input,6144,0,0,0,0,-1
0,0,19549,4,input,6146,0,0,0,0,-1
0,0,19550,4,input,6147,0,0,0,0,1
0,0,19551,4,input,6149,0,0,0,0,-1
0,0,19552,4,input,6159,0,0,0,0,-1
0,0,19553,4,input,6164,0,0,0,0,-1
0,0,19554,4,input,6166,0,0,0,0,-1
0,0,19555,4,input,6167,0,0,0,0,1
0,0,19556,4,input,6168,0,0,0,0,1
0,0,19557,4,input,6169,0,0,0,0,-1
0,0,19558,4,input,6178,0,0,0,0,-1
0,0,19559,4,input,6180,0,0,0,0,-1
0,0,19560,4,input,6182,0,0,0,0,1
0,0,19561,4,input,6187,0,0,0,0,1
0,0,19562,4,input,6188,0,0,0,0,-1
0,0,19563,4,input,6189,0,0,0,0,-1
0,0,19564,4,input,6193,0,0,0,0,-1
0,0,19565,4,input,6196,0,0,0,0,-1
0,0,19566,4,input,6199,0,0,0,0,-1
0,0,19567,4,input,6203,0,0,0,0,-1
0,0,19568,4,input,6204,0,0,0,0,-1
0,0,19569,4,input,6206,0,0,0,0,-1
0,0,19570,4,input,6208,0,0,0,0,-1
0,0,19571,4,input,6210,0,0,0,0,-1
0,0,19572,4,input,6211,0,0,0,0,-1
0,0,19573,4,input,6213,0,0,0,0,-1
0,0,19574,4,input,6214,0,0,0,0,1
0,0,19575,4,input,6220,0,0,0,0,-1
0,0,19576,4,input,6221,0,0,0,0,1
0,0,19577,4,input,6223,0,0,0,0,-1
0,0,19578,4,input,6225,0,0,0,0,-1
0,0,19579,4,input,6226,0,0,0,0,-1
0,0,19580,4,input,6227,0,0,0,0,-1
0,0,19581,4,input,6228,0,0,0,0,-1
0,0,19582,4,input,6231,0,0,0,0,-1
0,0,19583,4,input,6233,0,0,0,0,-1
0,0,19584,4,input,6234,0,0,0,0,-1
0,0,19585,4,input,6238,0,0,0,0,-1
0,0,19586,4,input,6243,0,0,0,0,-1
0,0,19587,4,input,6244,0,0,0,0,-1
0,0,19588,4,input,6246,0,0,0,0,1
0,0,19589,4,input,6252,0,0,0,0,-1
0,0,19590,4,input,6254,0,0,0,0,-1
0,0,19591,4,input,6257,0,0,0,0,-1
0,0,19592,4,input,6258,0,0,0,0,-1
0,0,19593,4,input,6259,0,0,0,0,-1
0,0,19594,4,input,6260,0,0,0,0,-1
0,0,19595,4,input,6261,0,0,0,0,-1
0,0,19596,4,input,6262,0,0,0,0,-1
0,0,19597,4,input,6264,0,0,0,0,-1
0,0,19598,4,input,6265,0,0,0,0,1
0,0,19599,4,input,6266,0,0,0,0,-1
0,0,19600,4,input,6269,0,0,0,0,1
0,0,19601,4,input,6270,0,0,0,0,-1
0,0,19602,4,input,6271,0,0,0,0,-1
0,0,19603,4,input,6273,0,0,0,0,-1
0,0,19604,4,input,6274,0,0,0,0,-1
0,0,19605,4,input,6276,0,0,0,0,-1
0,0,19606,4,input,6277,0,0,0,0,-1
0,0,19607,4,input,6280,0,0,0,0,-1
0,0,19608,4,input,6282,0,0,0,0,1
0,0,19609,4,input,6284,0,0,0,0,1
0,0,19610,4,input,6288,0,0,0,0,-1
0,0,19611,4,input,6291,0,0,0,0,1
0,0,19612,4,input,6292,0,0,0,0,-1
0,0,19613,4,input,6295,0,0,0,0,-1
0,0,19614,4,input,6297,0,0,0,0,-1
0,0,19615,4,input,6298,0,0,0,0,1
0,0,19616,4,input,6301,0,0,0,0,-1
0,0,19617,4,input,6303,0,0,0,0,1
0,0,19618,4,input,6304,0,0,0,0,-1
0,0,19619,4,input,6305,0,0,0,0,1
0,0,19620,4,input,6306,0,0,0,0,-1
0,0,19621,4,input,6308,0,0,0,0,-1
0,0,19622,4,input,6311,0,0,0,0,-1
0,0,19623,4,input,6317,0,0,0,0,-1
0,0,19624,4,input,6318,0,0,0,0,-1
0,0,19625,4,input,6319,0,0,0,0,1
0,0,19626,4,input,6321,0,0,0,0,-1
0,0,19627,4,input,6322,0,0,0,0,-1
0,0,19628,4,input,6327,0,0,0,0,-1
0,0,19629,4,input,6328,0,0,0,0,-1
0,0,19630,4,input,6329,0,0,0,0,-1
0,0,19631,4,input,6335,0,0,0,0,1
0,0,19632,4,input,6338,0,0,0,0,-1
0,0,19633,4,input,6339,0,0,0,0,-1
0,0,19634,4,input,6341,0,0,0,0,-1
0,0,19635,4,input,6343,0,0,0,0,-1
0,0,19636,4,input,6344,0,0,0,0,-1
0,0,19637,4,input,6348,0,0,0,0,-1
0,0,19638,4,input,6349,0,0,0,0,1
0,0,19639,4,input,6350,0,0,0,0,-1
0,0,19640,4,input,6351,0,0,0,0,-1
0,0,19641,4,input,6352,0,0,0,0,1
0,0,19642,4,input,6353,0,0,0,0,-1
0,0,19643,4,input,6354,0,0,0,0,-1
0,0,19644,4,input,6355,0,0,0,0,-1
0,0,19645,4,input,6357,0,0,0,0,-1
0,0,19646,4,input,6358,0,0,0,0,1
0,0,19647,4,input,6361,0,0,0,0,1
0,0,19648,4,input,6366,0,0,0,0,-1
0,0,19649,4,input,6370,0,0,0,0,-1
0,0,19650,4,input,6379,0,0,0,0,1
0,0,19651,4,input,6380,0,0,0,0,-1
0,0,19652,4,input,6385,0,0,0,0,1
0,0,19653,4,input,6386,0,0,0,0,1
0,0,19654,4,input,6388,0,0,0,0,-1
0,0,19655,4,input,6389,0,0,0,0,1
0,0,19656,4,input,6390,0,0,0,0,-1
0,0,19657,4,input,6393,0,0,0,0,1
0,0,19658,4,input,6397,0,0,0,0,1
0,0,19659,4,input,6398,0,0,0,0,1
0,0,19660,4,input,6401,0,0,0,0,-1
0,0,19661,4,input,6404,0,0,0,0,-1
0,0,19662,4,input,6407,0,0,0,0,-1
0,0,19663,4,input,6409,0,0,0,0,1
0,0,19664,4,input,6410,0,0,0,0,-1
0,0,19665,4,input,6411,0,0,0,0,-1
0,0,19666,4,input,6412,0,0,0,0,-1
0,0,19667,4,input,6413,0,0,0,0,-1
0,0,19668,4,input,6416,0,0,0,0,1
0,0,19669,4,input,6420,0,0,0,0,-1
0,0,19670,4,input,6421,0,0,0,0,-1
0,0,19671,4,input,6423,0,0,0,0,1
0,0,19672,4,input,6424,0,0,0,0,-1
0,0,19673,4,input,6426,0,0,0,0,1
0,0,19674,4,input,6428,0,0,0,0,-1
0,0,19675,4,input,6429,0,0,0,0,1
0,0,19676,4,input,6435,0,0,0,0,-1
0,0,19677,4,input,6439,0,0,0,0,1
0,0,19678,4,input,6442,0,0,0,0,-1
0,0,19679,4,input,6443,0,0,0,0,1
0,0,19680,4,input,6444,0,0,0,0,-1
0,0,19681,4,input,6448,0,0,0,0,-1
0,0,19682,4,input,6451,0,0,0,0,-1
0,0,19683,4,input,6453,0,0,0,0,-1
0,0,19684,4,input,6455,0,0,0,0,-1
0,0,19685,4,input,6456,0,0,0,0,-1
0,0,19686,4,input,6457,0,0,0,0,-1
0,0,19687,4,input,6458,0,0,0,0,-1
0,0,19688,4,input,6466,0,0,0,0,-1
0,0,19689,4,input,6467,0,0,0,0,-1
0,0,19690,4,input,6469,0,0,0,0,-1
0,0,19691,4,input,6470,0,0,0,0,1
0,0,19692,4,input,6471,0,0,0,0,1
0,0,19693,4,input,6473,0,0,0,0,-1
0,0,19694,4,input,6475,0,0,0,0,-1
0,0,19695,4,input,6477,0,0,0,0,1
0,0,19696,4,input,6483,0,0,0,0,-1
0,0,19697,4,input,6484,0,0,0,0,-1
0,0,19698,4,input,6485,0,0,0,0,-1
0,0,19699,4,input,6486,0,0,0,0,-1
0,0,19700,4,input,6488,0,0,0,0,1
0,0,19701,4,input,6489,0,0,0,0,-1
0,0,19702,4,input,6490,0,0,0,0,-1
0,0,19703,4,input,6494,0,0,0,0,-1
0,0,19704,4,input,6499,0,0,0,0,-1
0,0,19705,4,input,6501,0,0,0,0,-1
0,0,19706,4,input,6502,0,0,0,0,1
0,0,19707,4,input,6506,0,0,0,0,-1
0,0,19708,4,input,6507,0,0,0,0,1
0,0,19709,4,input,6510,0,0,0,0,-1
0,0,19710,4,input,6511,0,0,0,0,-1
0,0,19711,4,input,6512,0,0,0,0,1
0,0,19712,4,input,6514,0,0,0,0,-1
0,0,19713,4,input,6516,0,0,0,0,-1
0,0,19714,4,input,6517,0,0,0,0,-1
0,0,19715,4,input,6518,0,0,0,0,-1
0,0,19716,4,input,6521,0,0,0,0,1
0,0,19717,4,input,6524,0,0,0,0,1
0,0,19718,4,input,6526,0,0,0,0,1
0,0,19719,4,input,6527,0,0,0,0,-1
0,0,19720,4,input,6531,0,0,0,0,1
0,0,19721,4,input,6533,0,0,0,0,-1
0,0,19722,4,input,6534,0,0,0,0,-1
0,0,19723,4,input,6535,0,0,0,0,-1
0,0,19724,4,input,6545,0,0,0,0,-1
0,0,19725,4,input,6548,0,0,0,0,-1
0,0,19726,4,input,6551,0,0,0,0,1
0,0,19727,4,input,6564,0,0,0,0,-1
0,0,19728,4,input,6570,0,0,0,0,-1
0,0,19729,4,input,6571,0,0,0,0,1
0,0,19730,4,input,6572,0,0,0,0,-1
0,0,19731,4,input,6573,0,0,0,0,-1
0,0,19732,4,input,6577,0,0,0,0,-1
0,0,19733,4,input,6580,0,0,0,0,-1
0,0,19734,4,input,6583,0,0,0,0,-1
0,0,19735,4,input,6587,0,0,0,0,-1
0,0,19736,4,input,6590,0,0,0,0,-1
0,0,19737,4,input,6595,0,0,0,0,-1
0,0,19738,4,input,6597,0,0,0,0,-1
0,0,19739,4,input,6598,0,0,0,0,1
0,0,19740,4,input,6605,0,0,0,0,1
0,0,19741,4,input,6608,0,0,0,0,-1
0,0,19742,4,input,6622,0,0,0,0,-1
0,0,19743,4,input,6627,0,0,0,0,-1
0,0,19744,4,input,6630,0,0,0,0,1
0,0,19745,4,input,6631,0,0,0,0,-1
0,0,19746,4,input,6634,0,0,0,0,-1
0,0,19747,4,input,6636,0,0,0,0,-1
0,0,19748,4,input,6641,0,0,0,0,-1
0,0,19749,4,input,6642,0,0,0,0,-1
0,0,19750,4,input,6643,0,0,0,0,-1
0,0,19751,4,input,6644,0,0,0,0,-1
0,0,19752,4,input,6645,0,0,0,0,-1
0,0,19753,4,input,6646,0,0,0,0,-1
0,0,19754,4,input,6649,0,0,0,0,1
0,0,19755,4,input,6650,0,0,0,0,-1
0,0,19756,4,input,6655,0,0,0,0,-1
0,0,19757,4,input,6657,0,0,0,0,-1
0,0,19758,4,input,6659,0,0,0,0,1
0,0,19759,4,input,6662,0,0,0,0,-1
0,0,19760,4,input,6663,0,0,0,0,-1
0,0,19761,4,input,6673,0,0,0,0,-1
0,0,19762,4,input,6676,0,0,0,0,-1
0,0,19763,4,input,6679,0,0,0,0,1
0,0,19764,4,input,6685,0,0,0,0,-1
0,0,19765,4,input,6692,0,0,0,0,-1
0,0,19766,4,input,6696,0,0,0,0,-1
0,0,19767,4,input,6699,0,0,0,0,1
0,0,19768,4,input,6700,0,0,0,0,-1
0,0,19769,4,input,6701,0,0,0,0,-1
0,0,19770,4,input,6705,0,0,0,0,-1
0,0,19771,4,input,6708,0,0,0,0,-1
0,0,19772,4,input,6711,0,0,0,0,-1
0,0,19773,4,input,6712,0,0,0,0,-1
0,0,19774,4,input,6715,0,0,0,0,-1
0,0,19775,4,input,6718,0,0,0,0,-1
0,0,19776,4,input,6723,0,0,0,0,-1
0,0,19777,4,input,6725,0,0,0,0,-1
0,0,19778,4,input,6726,0,0,0,0,1
0,0,19779,4,input,6731,0,0,0,0,-1
0,0,19780,4,input,6733,0,0,0,0,1
0,0,19781,4,input,6736,0,0,0,0,-1
0,0,19782,4,input,6740,0,0,0,0,-1
0,0,19783,4,input,6750,0,0,0,0,-1
0,0,19784,4,input,6752,0,0,0,0,-1
0,0,19785,4,input,6755,0,0,0,0,-1
0,0,19786,4,input,6757,0,0,0,0,-1
0,0,19787,4,input,6758,0,0,0,0,1
0,0,19788,4,input,6759,0,0,0,0,-1
0,0,19789,4,input,6762,0,0,0,0,-1
0,0,19790,4,input,6764,0,0,0,0,-1
0,0,19791,4,input,6766,0,0,0,0,-1
0,0,19792,4,input,6769,0,0,0,0,-1
0,0,19793,4,input,6770,0,0,0,0,-1
0,0,19794,4,input,6771,0,0,0,0,-1
0,0,19795,4,input,6772,0,0,0,0,-1
0,0,19796,4,input,6774,0,0,0,0,-1
0,0,19797,4,input,6777,0,0,0,0,1
0,0,19798,4,input,6778,0,0,0,0,-1
0,0,19799,4,input,6783,0,0,0,0,-1
0,0,19800,4,input,6787,0,0,0,0,1
0,0,19801,4,input,6790,0,0,0,0,-1
0,0,19802,4,input,6791,0,0,0,0,-1
0,0,19803,4,input,6798,0,0,0,0,1
0,0,19804,4,input,6801,0,0,0,0,-1
0,0,19805,4,input,6804,0,0,0,0,-1
0,0,19806,4,input,6807,0,0,0,0,1
0,0,19807,4,input,6811,0,0,0,0,-1
0,0,19808,4,input,6813,0,0,0,0,-1
0,0,19809,4,input,6820,0,0,0,0,-1
0,0,19810,4,input,6827,0,0,0,0,1
0,0,19811,4,input,6828,0,0,0,0,-1
0,0,19812,4,input,6829,0,0,0,0,-1
0,0,19813,4,input,6833,0,0,0,0,-1
0,0,19814,4,input,6836,0,0,0,0,-1
0,0,19815,4,input,6839,0,0,0,0,-1
0,0,19816,4,input,6840,0,0,0,0,-1
0,0,19817,4,input,6843,0,0,0,0,-1
0,0,19818,4,input,6844,0,0,0,0,-1
0,0,19819,4,input,6846,0,0,0,0,-1
0,0,19820,4,input,6851,0,0,0,0,-1
0,0,19821,4,input,6853,0,0,0,0,-1
0,0,19822,4,input,6854,0,0,0,0,1
0,0,19823,4,input,6855,0,0,0,0,-1
0,0,19824,4,input,6859,0,0,0,0,-1
0,0,19825,4,input,6861,0,0,0,0,1
0,0,19826,4,input,6863,0,0,0,0,-1
0,0,19827,4,input,6864,0,0,0,0,-1
0,0,19828,4,input,6868,0,0,0,0,-1
0,0,19829,4,input,6878,0,0,0,0,-1
0,0,19830,4,input,6879,0,0,0,0,-1
0,0,19831,4,input,6880,0,0,0,0,-1
0,0,19832,4,input,6883,0,0,0,0,-1
0,0,19833,4,input,6885,0,0,0,0,-1
0,0,19834,4,input,6886,0,0,0,0,1
0,0,19835,4,input,6890,0,0,0,0,-1
0,0,19836,4,input,6892,0,0,0,0,-1
0,0,19837,4,input,6897,0,0,0,0,-1
0,0,19838,4,input,6898,0,0,0,0,-1
0,0,19839,4,input,6899,0,0,0,0,-1
0,0,19840,4,input,6900,0,0,0,0,-1
0,0,19841,4,input,6905,0,0,0,0,1
0,0,19842,4,input,6906,0,0,0,0,-1
0,0,19843,4,input,6911,0,0,0,0,-1
0,0,19844,4,input,6915,0,0,0,0,1
0,0,19845,4,input,6919,0,0,0,0,-1
0,0,19846,4,input,6925,0,0,0,0,-1
0,0,19847,4,input,6929,0,0,0,0,-1
0,0,19848,4,input,6932,0,0,0,0,-1
0,0,19849,4,input,6935,0,0,0,0,1
0,0,19850,4,input,6940,0,0,0,0,-1
0,0,19851,4,input,6948,0,0,0,0,-1
0,0,19852,4,input,6954,0,0,0,0,-1
0,0,19853,4,input,6955,0,0,0,0,1
0,0,19854,4,input,6956,0,0,0,0,-1
0,0,19855,4,input,6957,0,0,0,0,-1
0,0,19856,4,input,6961,0,0,0,0,-1
0,0,19857,4,input,6964,0,0,0,0,-1
0,0,19858,4,input,6967,0,0,0,0,-1
0,0,19859,4,input,6968,0,0,0,0,-1
0,0,19860,4,input,6969,0,0,0,0,-1
0,0,19861,4,input,6976,0,0,0,0,-1
0,0,19862,4,input,6978,0,0,0,0,-1
0,0,19863,4,input,6979,0,0,0,0,-1
0,0,19864,4,input,6981,0,0,0,0,-1
0,0,19865,4,input,6982,0,0,0,0,1
0,0,19866,4,input,6989,0,0,0,0,1
0,0,19867,4,input,6992,0,0,0,0,-1
0,0,19868,4,input,6993,0,0,0,0,-1
0,0,19869,4,input,6995,0,0,0,0,-1
0,0,19870,4,input,6996,0,0,0,0,-1
0,0,19871,4,input,7003,0,0,0,0,-1
0,0,19872,4,input,7006,0,0,0,0,-1
0,0,19873,4,input,7007,0,0,0,0,-1
0,0,19874,4,input,7008,0,0,0,0,-1
0,0,19875,4,input,7011,0,0,0,0,-1
0,0,19876,4,input,7014,0,0,0,0,1
0,0,19877,4,input,7020,0,0,0,0,-1
0,0,19878,4,input,7024,0,0,0,0,1
0,0,19879,4,input,7025,0,0,0,0,-1
0,0,19880,4,input,7026,0,0,0,0,-1
0,0,19881,4,input,7027,0,0,0,0,-1
0,0,19882,4,input,7028,0,0,0,0,-1
0,0,19883,4,input,7030,0,0,0,0,-1
0,0,19884,4,input,7032,0,0,0,0,-1
0,0,19885,4,input,7033,0,0,0,0,1
0,0,19886,4,input,7034,0,0,0,0,-1
0,0,19887,4,input,7039,0,0,0,0,-1
0,0,19888,4,input,7042,0,0,0,0,-1
0,0,19889,4,input,7043,0,0,0,0,1
0,0,19890,4,input,7057,0,0,0,0,-1
0,0,19891,4,input,7060,0,0,0,0,-1
0,0,19892,4,input,7067,0,0,0,0,-1
0,0,19893,4,input,7068,0,0,0,0,-1
0,0,19894,4,input,7069,0,0,0,0,-1
0,0,19895,4,input,7073,0,0,0,0,1
0,0,19896,4,input,7076,0,0,0,0,-1
0,0,19897,4,input,7083,0,0,0,0,1
0,0,19898,4,input,7084,0,0,0,0,-1
0,0,19899,4,input,7085,0,0,0,0,-1
0,0,19900,4,input,7087,0,0,0,0,-1
0,0,19901,4,input,7089,0,0,0,0,-1
0,0,19902,4,input,7092,0,0,0,0,-1
0,0,19903,4,input,7095,0,0,0,0,-1
0,0,19904,4,input,7096,0,0,0,0,-1
0,0,19905,4,input,7099,0,0,0,0,-1
0,0,19906,4,input,7100,0,0,0,0,-1
0,0,19907,4,input,7105,0,0,0,0,-1
0,0,19908,4,input,7107,0,0,0,0,-1
0,0,19909,4,input,7109,0,0,0,0,-1
0,0,19910,4,input,7110,0,0,0,0,1
0,0,19911,4,input,7111,0,0,0,0,-1
0,0,19912,4,input,7116,0,0,0,0,-1
0,0,19913,4,input,7117,0,0,0,0,1
0,0,19914,4,input,7118,0,0,0,0,-1
0,0,19915,4,input,7119,0,0,0,0,-1
0,0,19916,4,input,7121,0,0,0,0,-1
0,0,19917,4,input,7122,0,0,0,0,-1
0,0,19918,4,input,7124,0,0,0,0,-1
0,0,19919,4,input,7130,0,0,0,0,-1
0,0,19920,4,input,7134,0,0,0,0,-1
0,0,19921,4,input,7135,0,0,0,0,-1
0,0,19922,4,input,7138,0,0,0,0,-1
0,0,19923,4,input,7139,0,0,0,0,-1
0,0,19924,4,input,7142,0,0,0,0,1
0,0,19925,4,input,7144,0,0,0,0,-1
0,0,19926,4,input,7148,0,0,0,0,-1
0,0,19927,4,input,7152,0,0,0,0,1
0,0,19928,4,input,7153,0,0,0,0,-1
0,0,19929,4,input,7154,0,0,0,0,-1
0,0,19930,4,input,7155,0,0,0,0,-1
0,0,19931,4,input,7156,0,0,0,0,-1
0,0,19932,4,input,7157,0,0,0,0,-1
0,0,19933,4,input,7158,0,0,0,0,-1
0,0,19934,4,input,7159,0,0,0,0,1
0,0,19935,4,input,7161,0,0,0,0,1
0,0,19936,4,input,7162,0,0,0,0,-1
0,0,19937,4,input,7164,0,0,0,0,-1
0,0,19938,4,input,7167,0,0,0,0,-1
0,0,19939,4,input,7170,0,0,0,0,-1
0,0,19940,4,input,7171,0,0,0,0,1
0,0,19941,4,input,7175,0,0,0,0,-1
0,0,19942,4,input,7177,0,0,0,0,1
0,0,19943,4,input,7178,0,0,0,0,-1
0,0,19944,4,input,7180,0,0,0,0,-1
0,0,19945,4,input,7181,0,0,0,0,-1
0,0,19946,4,input,7183,0,0,0,0,-1
0,0,19947,4,input,7185,0,0,0,0,-1
0,0,19948,4,input,7188,0,0,0,0,-1
0,0,19949,4,input,7191,0,0,0,0,1
0,0,19950,4,input,7193,0,0,0,0,-1
0,0,19951,4,input,7202,0,0,0,0,-1
0,0,19952,4,input,7204,0,0,0,0,-1
0,0,19953,4,input,7205,0,0,0,0,1
0,0,19954,4,input,7206,0,0,0,0,1
0,0,19955,4,input,7207,0,0,0,0,1
0,0,19956,4,input,7210,0,0,0,0,-1
0,0,19957,4,input,7211,0,0,0,0,1
0,0,19958,4,input,7212,0,0,0,0,-1
0,0,19959,4,input,7213,0,0,0,0,-1
0,0,19960,4,input,7217,0,0,0,0,-1
0,0,19961,4,input,7219,0,0,0,0,-1
0,0,19962,4,input,7220,0,0,0,0,-1
0,0,19963,4,input,7223,0,0,0,0,-1
0,0,19964,4,input,7224,0,0,0,0,-1
0,0,19965,4,input,7227,0,0,0,0,-1
0,0,19966,4,input,7228,0,0,0,0,-1
0,0,19967,4,input,7232,0,0,0,0,-1
0,0,19968,4,input,7235,0,0,0,0,-1
0,0,19969,4,input,7237,0,0,0,0,-1
0,0,19970,4,input,7238,0,0,0,0,1
0,0,19971,4,input,7244,0,0,0,0,-1
0,0,19972,4,input,7245,0,0,0,0,1
0,0,19973,4,input,7247,0,0,0,0,-1
0,0,19974,4,input,7249,0,0,0,0,-1
0,0,19975,4,input,7257,0,0,0,0,-1
0,0,19976,4,input,7258,0,0,0,0,-1
0,0,19977,4,input,7262,0,0,0,0,-1
0,0,19978,4,input,7264,0,0,0,0,-1
0,0,19979,4,input,7267,0,0,0,0,-1
0,0,19980,4,input,7270,0,0,0,0,1
0,0,19981,4,input,7274,0,0,0,0,-1
0,0,19982,4,input,7276,0,0,0,0,-1
0,0,19983,4,input,7280,0,0,0,0,1
0,0,19984,4,input,7281,0,0,0,0,-1
0,0,19985,4,input,7282,0,0,0,0,-1
0,0,19986,4,input,7283,0,0,0,0,-1
0,0,19987,4,input,7284,0,0,0,0,-1
0,0,19988,4,input,7285,0,0,0,0,-1
0,0,19989,4,input,7286,0,0,0,0,-1
0,0,19990,4,input,7288,0,0,0,0,-1
0,0,19991,4,input,7289,0,0,0,0,1
0,0,19992,4,input,7290,0,0,0,0,-1
0,0,19993,4,input,7293,0,0,0,0,1
0,0,19994,4,input,7295,0,0,0,0,-1
0,0,19995,4,input,7296,0,0,0,0,-1
0,0,19996,4,input,7298,0,0,0,0,-1
0,0,19997,4,input,7299,0,0,0,0,1
0,0,19998,4,input,7301,0,0,0,0,-1
0,0,19999,4,input,7306,0,0,0,0,1
0,0,20000,4,input,7308,0,0,0,0,1
0,0,20001,4,input,7311,0,0,0,0,-1
0,0,20002,4,input,7315,0,0,0,0,-1
0,0,20003,4,input,7316,0,0,0,0,-1
0,0,20004,4,input,7318,0,0,0,0,-1
0,0,20005,4,input,7319,0,0,0,0,1
0,0,20006,4,input,7320,0,0,0,0,1
0,0,20007,4,input,7321,0,0,0,0,-1
0,0,20008,4,input,7324,0,0,0,0,-1
0,0,20009,4,input,7330,0,0,0,0,-1
0,0,20010,4,input,7331,0,0,0,0,-1
0,0,20011,4,input,7332,0,0,0,0,-1
0,0,20012,4,input,7333,0,0,0,0,1
0,0,20013,4,input,7334,0,0,0,0,1
0,0,20014,4,input,7336,0,0,0,0,-1
0,0,20015,4,input,7338,0,0,0,0,-1
0,0,20016,4,input,7339,0,0,0,0,1
0,0,20017,4,input,7340,0,0,0,0,-1
0,0,20018,4,input,7341,0,0,0,0,-1
0,0,20019,4,input,7345,0,0,0,0,-1
0,0,20020,4,input,7348,0,0,0,0,-1
0,0,20021,4,input,7351,0,0,0,0,-1
0,0,20022,4,input,7360,0,0,0,0,-1
0,0,20023,4,input,7361,0,0,0,0,-1
0,0,20024,4,input,7362,0,0,0,0,-1
0,0,20025,4,input,7363,0,0,0,0,-1
0,0,20026,4,input,7365,0,0,0,0,-1
0,0,20027,4,input,7366,0,0,0,0,1
0,0,20028,4,input,7372,0,0,0,0,-1
0,0,20029,4,input,7373,0,0,0,0,1
0,0,20030,4,input,7375,0,0,0,0,-1
0,0,20031,4,input,7376,0,0,0,0,-1
0,0,20032,4,input,7377,0,0,0,0,-1
0,0,20033,4,input,7378,0,0,0,0,-1
0,0,20034,4,input,7379,0,0,0,0,-1
0,0,20035,4,input,7380,0,0,0,0,-1
0,0,20036,4,input,7384,0,0,0,0,1
0,0,20037,4,input,7385,0,0,0,0,-1
0,0,20038,4,input,7386,0,0,0,0,-1
0,0,20039,4,input,7390,0,0,0,0,-1
0,0,20040,4,input,7393,0,0,0,0,1
0,0,20041,4,input,7394,0,0,0,0,-1
0,0,20042,4,input,7395,0,0,0,0,-1
0,0,20043,4,input,7396,0,0,0,0,-1
0,0,20044,4,input,7398,0,0,0,0,1
0,0,20045,4,input,7404,0,0,0,0,-1
0,0,20046,4,input,7406,0,0,0,0,-1
0,0,20047,4,input,7410,0,0,0,0,-1
0,0,20048,4,input,7411,0,0,0,0,-1
0,0,20049,4,input,7412,0,0,0,0,-1
0,0,20050,4,input,7416,0,0,0,0,-1
0,0,20051,4,input,7417,0,0,0,0,1
0,0,20052,4,input,7418,0,0,0,0,-1
0,0,20053,4,input,7421,0,0,0,0,1
0,0,20054,4,input,7422,0,0,0,0,-1
0,0,20055,4,input,7423,0,0,0,0,-1
0,0,20056,4,input,7424,0,0,0,0,-1
0,0,20057,4,input,7427,0,0,0,0,1
0,0,20058,4,input,7431,0,0,0,0,-1
0,0,20059,4,input,7434,0,0,0,0,-1
0,0,20060,4,input,7441,0,0,0,0,-1
0,0,20061,4,input,7444,0,0,0,0,-1
0,0,20062,4,input,7447,0,0,0,0,1
0,0,20063,4,input,7449,0,0,0,0,-1
0,0,20064,4,input,7452,0,0,0,0,-1
0,0,20065,4,input,7458,0,0,0,0,-1
0,0,20066,4,input,7459,0,0,0,0,-1
0,0,20067,4,input,7460,0,0,0,0,-1
0,0,20068,4,input,7466,0,0,0,0,-1
0,0,20069,4,input,7467,0,0,0,0,1
0,0,20070,4,input,7468,0,0,0,0,-1
0,0,20071,4,input,7469,0,0,0,0,-1
0,0,20072,4,input,7473,0,0,0,0,-1
0,0,20073,4,input,7476,0,0,0,0,-1
0,0,20074,4,input,7479,0,0,0,0,-1
0,0,20075,4,input,7480,0,0,0,0,-1
0,0,20076,4,input,7491,0,0,0,0,-1
0,0,20077,4,input,7493,0,0,0,0,-1
0,0,20078,4,input,7494,0,0,0,0,1
0,0,20079,4,input,7501,0,0,0,0,1
0,0,20080,4,input,7504,0,0,0,0,-1
0,0,20081,4,input,7505,0,0,0,0,-1
0,0,20082,4,input,7507,0,0,0,0,-1
0,0,20083,4,input,7508,0,0,0,0,-1
0,0,20084,4,input,7512,0,0,0,0,1
0,0,20085,4,input,7514,0,0,0,0,-1
0,0,20086,4,input,7518,0,0,0,0,-1
0,0,20087,4,input,7520,0,0,0,0,-1
0,0,20088,4,input,7523,0,0,0,0,-1
0,0,20089,4,input,7525,0,0,0,0,-1
0,0,20090,4,input,7526,0,0,0,0,1
0,0,20091,4,input,7527,0,0,0,0,-1
0,0,20092,4,input,7530,0,0,0,0,-1
0,0,20093,4,input,7532,0,0,0,0,-1
0,0,20094,4,input,7534,0,0,0,0,-1
0,0,20095,4,input,7537,0,0,0,0,-1
0,0,20096,4,input,7539,0,0,0,0,-1
0,0,20097,4,input,7540,0,0,0,0,-1
0,0,20098,4,input,7541,0,0,0,0,-1
0,0,20099,4,input,7544,0,0,0,0,-1
0,0,20100,4,input,7546,0,0,0,0,-1
0,0,20101,4,input,7551,0,0,0,0,-1
0,0,20102,4,input,7555,0,0,0,0,1
0,0,20103,4,input,7558,0,0,0,0,-1
0,0,20104,4,input,7559,0,0,0,0,-1
0,0,20105,4,input,7561,0,0,0,0,1
0,0,20106,4,input,7562,0,0,0,0,-1
0,0,20107,4,input,7563,0,0,0,0,-1
0,0,20108,4,input,7569,0,0,0,0,-1
0,0,20109,4,input,7572,0,0,0,0,-1
0,0,20110,4,input,7575,0,0,0,0,1
0,0,20111,4,input,7579,0,0,0,0,-1
0,0,20112,4,input,7580,0,0,0,0,-1
0,0,20113,4,input,7586,0,0,0,0,-1
0,0,20114,4,input,7587,0,0,0,0,-1
0,0,20115,4,input,7588,0,0,0,0,-1
0,0,20116,4,input,7594,0,0,0,0,-1
0,0,20117,4,input,7595,0,0,0,0,1
0,0,20118,4,input,7596,0,0,0,0,-1
0,0,20119,4,input,7597,0,0,0,0,-1
0,0,20120,4,input,7598,0,0,0,0,-1
0,0,20121,4,input,7601,0,0,0,0,-1
0,0,20122,4,input,7604,0,0,0,0,-1
0,0,20123,4,input,7607,0,0,0,0,-1
0,0,20124,4,input,7609,0,0,0,0,-1
0,0,20125,4,input,7611,0,0,0,0,-1
0,0,20126,4,input,7617,0,0,0,0,-1
0,0,20127,4,input,7618,0,0,0,0,-1
0,0,20128,4,input,7619,0,0,0,0,-1
0,0,20129,4,input,7621,0,0,0,0,-1
0,0,20130,4,input,7622,0,0,0,0,1
0,0,20131,4,input,7627,0,0,0,0,-1
0,0,20132,4,input,7629,0,0,0,0,1
0,0,20133,4,input,7632,0,0,0,0,-1
0,0,20134,4,input,7633,0,0,0,0,-1
0,0,20135,4,input,7635,0,0,0,0,-1
0,0,20136,4,input,7636,0,0,0,0,-1
0,0,20137,4,input,7640,0,0,0,0,1
0,0,20138,4,input,7646,0,0,0,0,-1
0,0,20139,4,input,7647,0,0,0,0,-1
0,0,20140,4,input,7648,0,0,0,0,-1
0,0,20141,4,input,7653,0,0,0,0,-1
0,0,20142,4,input,7654,0,0,0,0,1
0,0,20143,4,input,7655,0,0,0,0,-1
0,0,20144,4,input,7656,0,0,0,0,-1
0,0,20145,4,input,7658,0,0,0,0,-1
0,0,20146,4,input,7662,0,0,0,0,-1
0,0,20147,4,input,7665,0,0,0,0,-1
0,0,20148,4,input,7667,0,0,0,0,-1
0,0,20149,4,input,7668,0,0,0,0,-1
0,0,20150,4,input,7670,0,0,0,0,-1
0,0,20151,4,input,7674,0,0,0,0,-1
0,0,20152,4,input,7679,0,0,0,0,-1
0,0,20153,4,input,7682,0,0,0,0,-1
0,0,20154,4,input,7683,0,0,0,0,1
0,0,20155,4,input,7685,0,0,0,0,-1
0,0,20156,4,input,7686,0,0,0,0,-1
0,0,20157,4,input,7687,0,0,0,0,-1
0,0,20158,4,input,7688,0,0,0,0,-1
0,0,20159,4,input,7693,0,0,0,0,-1
0,0,20160,4,input,7697,0,0,0,0,-1
0,0,20161,4,input,7700,0,0,0,0,-1
0,0,20162,4,input,7703,0,0,0,0,1
0,0,20163,4,input,7705,0,0,0,0,-1
0,0,20164,4,input,7707,0,0,0,0,-1
0,0,20165,4,input,7709,0,0,0,0,-1
0,0,20166,4,input,7710,0,0,0,0,-1
0,0,20167,4,input,7711,0,0,0,0,-1
0,0,20168,4,input,7714,0,0,0,0,-1
0,0,20169,4,input,7716,0,0,0,0,-1
0,0,20170,4,input,7722,0,0,0,0,-1
0,0,20171,4,input,7723,0,0,0,0,1
0,0,20172,4,input,7724,0,0,0,0,-1
0,0,20173,4,input,7725,0,0,0,0,-1
0,0,20174,4,input,7729,0,0,0,0,-1
0,0,20175,4,input,7732,0,0,0,0,-1
0,0,20176,4,input,7735,0,0,0,0,-1
0,0,20177,4,input,7736,0,0,0,0,-1
0,0,20178,4,input,7739,0,0,0,0,-1
0,0,20179,4,input,7747,0,0,0,0,-1
0,0,20180,4,input,7749,0,0,0,0,-1
0,0,20181,4,input,7750,0,0,0,0,1
0,0,20182,4,input,7751,0,0,0,0,-1
0,0,20183,4,input,7755,0,0,0,0,-1
0,0,20184,4,input,7757,0,0,0,0,1
0,0,20185,4,input,7759,0,0,0,0,-1
0,0,20186,4,input,7761,0,0,0,0,-1
0,0,20187,4,input,7774,0,0,0,0,-1
0,0,20188,4,input,7775,0,0,0,0,-1
0,0,20189,4,input,7776,0,0,0,0,-1
0,0,20190,4,input,7782,0,0,0,0,1
0,0,20191,4,input,7783,0,0,0,0,-1
0,0,20192,4,input,7784,0,0,0,0,-1
0,0,20193,4,input,7786,0,0,0,0,-1
0,0,20194,4,input,7788,0,0,0,0,-1
0,0,20195,4,input,7793,0,0,0,0,-1
0,0,20196,4,input,7795,0,0,0,0,-1
0,0,20197,4,input,7796,0,0,0,0,-1
0,0,20198,4,input,7800,0,0,0,0,-1
0,0,20199,4,input,7801,0,0,0,0,1
0,0,20200,4,input,7802,0,0,0,0,-1
0,0,20201,4,input,7807,0,0,0,0,-1
0,0,20202,4,input,7810,0,0,0,0,-1
0,0,20203,4,input,7811,0,0,0,0,1
0,0,20204,4,input,7813,0,0,0,0,-1
0,0,20205,4,input,7815,0,0,0,0,-1
0,0,20206,4,input,7820,0,0,0,0,-1
0,0,20207,4,input,7821,0,0,0,0,-1
0,0,20208,4,input,7822,0,0,0,0,1
0,0,20209,4,input,7825,0,0,0,0,-1
0,0,20210,4,input,7831,0,0,0,0,1
0,0,20211,4,input,7835,0,0,0,0,-1
0,0,20212,4,input,7836,0,0,0,0,-1
0,0,20213,4,input,7844,0,0,0,0,-1
0,0,20214,4,input,7850,0,0,0,0,-1
0,0,20215,4,input,7851,0,0,0,0,1
0,0,20216,4,input,7852,0,0,0,0,-1
0,0,20217,4,input,7853,0,0,0,0,-1
0,0,20218,4,input,7857,0,0,0,0,-1
0,0,20219,4,input,7860,0,0,0,0,-1
0,0,20220,4,input,7863,0,0,0,0,-1
0,0,20221,4,input,7864,0,0,0,0,-1
0,0,20222,4,input,7867,0,0,0,0,-1
0,0,20223,4,input,7875,0,0,0,0,-1
0,0,20224,4,input,7877,0,0,0,0,-1
0,0,20225,4,input,7878,0,0,0,0,1
0,0,20226,4,input,7883,0,0,0,0,-1
0,0,20227,4,input,7885,0,0,0,0,1
0,0,20228,4,input,7887,0,0,0,0,-1
0,0,20229,4,input,7888,0,0,0,0,-1
0,0,20230,4,input,7889,0,0,0,0,-1
0,0,20231,4,input,7897,0,0,0,0,-1
0,0,20232,4,input,7898,0,0,0,0,-1
0,0,20233,4,input,7902,0,0,0,0,-1
0,0,20234,4,input,7907,0,0,0,0,-1
0,0,20235,4,input,7909,0,0,0,0,-1
0,0,20236,4,input,7910,0,0,0,0,1
0,0,20237,4,input,7912,0,0,0,0,-1
0,0,20238,4,input,7914,0,0,0,0,-1
0,0,20239,4,input,7916,0,0,0,0,-1
0,0,20240,4,input,7918,0,0,0,0,-1
0,0,20241,4,input,7921,0,0,0,0,-1
0,0,20242,4,input,7922,0,0,0,0,-1
0,0,20243,4,input,7923,0,0,0,0,-1
0,0,20244,4,input,7924,0,0,0,0,-1
0,0,20245,4,input,7925,0,0,0,0,-1
0,0,20246,4,input,7928,0,0,0,0,-1
0,0,20247,4,input,7929,0,0,0,0,1
0,0,20248,4,input,7930,0,0,0,0,-1
0,0,20249,4,input,7931,0,0,0,0,1
0,0,20250,4,input,7934,0,0,0,0,-1
0,0,20251,4,input,7935,0,0,0,0,-1
0,0,20252,4,input,7938,0,0,0,0,-1
0,0,20253,4,input,7939,0,0,0,0,1
0,0,20254,4,input,7941,0,0,0,0,-1
0,0,20255,4,input,7944,0,0,0,0,-1
0,0,20256,4,input,7949,0,0,0,0,-1
0,0,20257,4,input,7952,0,0,0,0,-1
0,0,20258,4,input,7953,0,0,0,0,-1
0,0,20259,4,input,7956,0,0,0,0,-1
0,0,20260,4,input,7961,0,0,0,0,-1
0,0,20261,4,input,7963,0,0,0,0,-1
0,0,20262,4,input,7964,0,0,0,0,-1
0,0,20263,4,input,7965,0,0,0,0,-1
0,0,20264,4,input,7968,0,0,0,0,-1
0,0,20265,4,input,7972,0,0,0,0,-1
0,0,20266,4,input,7979,0,0,0,0,1
0,0,20267,4,input,7980,0,0,0,0,-1
0,0,20268,4,input,7981,0,0,0,0,-1
0,0,20269,4,input,7983,0,0,0,0,-1
0,0,20270,4,input,7985,0,0,0,0,-1
0,0,20271,4,input,7988,0,0,0,0,-1
0,0,20272,4,input,7991,0,0,0,0,-1
0,0,20273,4,input,7992,0,0,0,0,-1
0,0,20274,4,input,7995,0,0,0,0,-1
0,0,20275,4,input,7996,0,0,0,0,-1
0,0,20276,4,input,8001,0,0,0,0,-1
0,0,20277,4,input,8003,0,0,0,0,-1
0,0,20278,4,input,8005,0,0,0,0,-1
0,0,20279,4,input,8006,0,0,0,0,1
0,0,20280,4,input,8007,0,0,0,0,-1
0,0,20281,4,input,8011,0,0,0,0,-1
0,0,20282,4,input,8012,0,0,0,0,-1
0,0,20283,4,input,8013,0,0,0,0,1
0,0,20284,4,input,8015,0,0,0,0,-1
0,0,20285,4,input,8017,0,0,0,0,-1
0,0,20286,4,input,8018,0,0,0,0,-1
0,0,20287,4,input,8024,0,0,0,0,-1
0,0,20288,4,input,8030,0,0,0,0,-1
0,0,20289,4,input,8031,0,0,0,0,-1
0,0,20290,4,input,8032,0,0,0,0,-1
0,0,20291,4,input,8038,0,0,0,0,1
0,0,20292,4,input,8039,0,0,0,0,-1
0,0,20293,4,input,8040,0,0,0,0,-1
0,0,20294,4,input,8044,0,0,0,0,-1
0,0,20295,4,input,8047,0,0,0,0,1
0,0,20296,4,input,8048,0,0,0,0,1
0,0,20297,4,input,8049,0,0,0,0,-1
0,0,20298,4,input,8050,0,0,0,0,-1
0,0,20299,4,input,8051,0,0,0,0,-1
0,0,20300,4,input,8052,0,0,0,0,-1
0,0,20301,4,input,8055,0,0,0,0,1
0,0,20302,4,input,8057,0,0,0,0,1
0,0,20303,4,input,8058,0,0,0,0,-1
0,0,20304,4,input,8059,0,0,0,0,1
0,0,20305,4,input,8060,0,0,0,0,-1
0,0,20306,4,input,8063,0,0,0,0,-1
0,0,20307,4,input,8065,0,0,0,0,-1
0,0,20308,4,input,8066,0,0,0,0,-1
0,0,20309,4,input,8067,0,0,0,0,1
0,0,20310,4,input,8069,0,0,0,0,-1
0,0,20311,4,input,8071,0,0,0,0,-1
0,0,20312,4,input,8072,0,0,0,0,-1
0,0,20313,4,input,8076,0,0,0,0,-1
0,0,20314,4,input,8077,0,0,0,0,-1
0,0,20315,4,input,8079,0,0,0,0,-1
0,0,20316,4,input,8081,0,0,0,0,-1
0,0,20317,4,input,8084,0,0,0,0,-1
0,0,20318,4,input,8087,0,0,0,0,1
0,0,20319,4,input,8091,0,0,0,0,-1
0,0,20320,4,input,8092,0,0,0,0,-1
0,0,20321,4,input,8100,0,0,0,0,-1
0,0,20322,4,input,8106,0,0,0,0,-1
0,0,20323,4,input,8107,0,0,0,0,1
0,0,20324,4,input,8108,0,0,0,0,-1
0,0,20325,4,input,8109,0,0,0,0,-1
0,0,20326,4,input,8113,0,0,0,0,-1
0,0,20327,4,input,8115,0,0,0,0,-1
0,0,20328,4,input,8116,0,0,0,0,-1
0,0,20329,4,input,8119,0,0,0,0,-1
0,0,20330,4,input,8120,0,0,0,0,-1
0,0,20331,4,input,8123,0,0,0,0,-1
0,0,20332,4,input,8124,0,0,0,0,-1
0,0,20333,4,input,8131,0,0,0,0,-1
0,0,20334,4,input,8133,0,0,0,0,-1
0,0,20335,4,input,8134,0,0,0,0,1
0,0,20336,4,input,8140,0,0,0,0,-1
0,0,20337,4,input,8141,0,0,0,0,1
0,0,20338,4,input,8144,0,0,0,0,-1
0,0,20339,4,input,8145,0,0,0,0,-1
0,0,20340,4,input,8146,0,0,0,0,-1
0,0,20341,4,input,8148,0,0,0,0,-1
0,0,20342,4,input,8153,0,0,0,0,-1
0,0,20343,4,input,8154,0,0,0,0,-1
0,0,20344,4,input,8158,0,0,0,0,-1
0,0,20345,4,input,8159,0,0,0,0,-1
0,0,20346,4,input,8163,0,0,0,0,-1
0,0,20347,4,input,8166,0,0,0,0,1
0,0,20348,4,input,8168,0,0,0,0,-1
0,0,20349,4,input,8172,0,0,0,0,-1
0,0,20350,4,input,8177,0,0,0,0,-1
0,0,20351,4,input,8178,0,0,0,0,-1
0,0,20352,4,input,8179,0,0,0,0,-1
0,0,20353,4,input,8180,0,0,0,0,-1
0,0,20354,4,input,8181,0,0,0,0,-1
0,0,20355,4,input,8182,0,0,0,0,-1
0,0,20356,4,input,8183,0,0,0,0,1
0,0,20357,4,input,8184,0,0,0,0,-1
0,0,20358,4,input,8185,0,0,0,0,1
0,0,20359,4,input,8186,0,0,0,0,-1
0,0,20360,4,input,8187,0,0,0,0,1
0,0,20361,4,input,8191,0,0,0,0,-1
0,0,20362,5,input,3,0,0,0,0,-1
0,0,20363,5,input,14,0,0,0,0,-1
0,0,20364,5,input,18,0,0,0,0,-1
0,0,20365,5,input,21,0,0,0,0,-1
0,0,20366,5,input,22,0,0,0,0,-1
0,0,20367,5,input,33,0,0,0,0,-1
0,0,20368,5,input,38,0,0,0,0,-1
0,0,20369,5,input,39,0,0,0,0,-1
0,0,20370,5,input,41,0,0,0,0,-1
0,0,20371,5,input,43,0,0,0,0,-1
0,0,20372,5,input,48,0,0,0,0,-1
0,0,20373,5,input,49,0,0,0,0,1
0,0,20374,5,input,50,0,0,0,0,-1
0,0,20375,5,input,53,0,0,0,0,-1
0,0,20376,5,input,55,0,0,0,0,1
0,0,20377,5,input,60,0,0,0,0,-1
0,0,20378,5,input,70,0,0,0,0,-1
0,0,20379,5,input,77,0,0,0,0,-1
0,0,20380,5,input,85,0,0,0,0,-1
0,0,20381,5,input,92,0,0,0,0,-1
0,0,20382,5,input,93,0,0,0,0,-1
0,0,20383,5,input,94,0,0,0,0,1
0,0,20384,5,input,102,0,0,0,0,-1
0,0,20385,5,input,109,0,0,0,0,-1
0,0,20386,5,input,112,0,0,0,0,-1
0,0,20387,5,input,116,0,0,0,0,1
0,0,20388,5,input,121,0,0,0,0,-1
0,0,20389,5,input,123,0,0,0,0,-1
0,0,20390,5,input,127,0,0,0,0,1
0,0,20391,5,input,131,0,0,0,0,-1
0,0,20392,5,input,137,0,0,0,0,-1
0,0,20393,5,input,142,0,0,0,0,-1
0,0,20394,5,input,146,0,0,0,0,-1
0,0,20395,5,input,147,0,0,0,0,-1
0,0,20396,5,input,149,0,0,0,0,-1
0,0,20397,5,input,150,0,0,0,0,-1
0,0,20398,5,input,158,0,0,0,0,-1
0,0,20399,5,input,166,0,0,0,0,-1
0,0,20400,5,input,169,0,0,0,0,-1
0,0,20401,5,input,171,0,0,0,0,-1
0,0,20402,5,input,176,0,0,0,0,-1
0,0,20403,5,input,177,0,0,0,0,1
0,0,20404,5,input,181,0,0,0,0,-1
0,0,20405,5,input,198,0,0,0,0,-1
0,0,20406,5,input,205,0,0,0,0,-1
0,0,20407,5,input,213,0,0,0,0,-1
0,0,20408,5,input,220,0,0,0,0,-1
0,0,20409,5,input,221,0,0,0,0,-1
0,0,20410,5,input,222,0,0,0,0,1
0,0,20411,5,input,230,0,0,0,0,-1
0,0,20412,5,input,237,0,0,0,0,-1
0,0,20413,5,input,239,0,0,0,0,-1
0,0,20414,5,input,240,0,0,0,0,-1
0,0,20415,5,input,244,0,0,0,0,1
0,0,20416,5,input,247,0,0,0,0,-1
0,0,20417,5,input,249,0,0,0,0,-1
0,0,20418,5,input,251,0,0,0,0,-1
0,0,20419,5,input,255,0,0,0,0,1
0,0,20420,5,input,259,0,0,0,0,-1
0,0,20421,5,input,265,0,0,0,0,-1
0,0,20422,5,input,270,0,0,0,0,-1
0,0,20423,5,input,274,0,0,0,0,-1
0,0,20424,5,input,277,0,0,0,0,-1
0,0,20425,5,input,278,0,0,0,0,-1
0,0,20426,5,input,286,0,0,0,0,-1
0,0,20427,5,input,294,0,0,0,0,-1
0,0,20428,5,input,299,0,0,0,0,-1
0,0,20429,5,input,304,0,0,0,0,-1
0,0,20430,5,input,305,0,0,0,0,1
0,0,20431,5,input,309,0,0,0,0,-1
0,0,20432,5,input,326,0,0,0,0,-1
0,0,20433,5,input,333,0,0,0,0,-1
0,0,20434,5,input,341,0,0,0,0,-1
0,0,20435,5,input,344,0,0,0,0,-1
0,0,20436,5,input,348,0,0,0,0,-1
0,0,20437,5,input,349,0,0,0,0,-1
0,0,20438,5,input,350,0,0,0,0,1
0,0,20439,5,input,353,0,0,0,0,-1
0,0,20440,5,input,358,0,0,0,0,-1
0,0,20441,5,input,365,0,0,0,0,-1
0,0,20442,5,input,367,0,0,0,0,-1
0,0,20443,5,input,368,0,0,0,0,-1
0,0,20444,5,input,372,0,0,0,0,1
0,0,20445,5,input,375,0,0,0,0,-1
0,0,20446,5,input,377,0,0,0,0,-1
0,0,20447,5,input,379,0,0,0,0,-1
0,0,20448,5,input,383,0,0,0,0,1
0,0,20449,5,input,387,0,0,0,0,-1
0,0,20450,5,input,393,0,0,0,0,-1
0,0,20451,5,input,398,0,0,0,0,-1
0,0,20452,5,input,402,0,0,0,0,-1
0,0,20453,5,input,405,0,0,0,0,-1
0,0,20454,5,input,406,0,0,0,0,-1
0,0,20455,5,input,422,0,0,0,0,-1
0,0,20456,5,input,425,0,0,0,0,-1
0,0,20457,5,input,427,0,0,0,0,-1
0,0,20458,5,input,432,0,0,0,0,-1
0,0,20459,5,input,433,0,0,0,0,1
0,0,20460,5,input,438,0,0,0,0,-1
0,0,20461,5,input,447,0,0,0,0,-1
0,0,20462,5,input,451,0,0,0,0,1
0,0,20463,5,input,454,0,0,0,0,-1
0,0,20464,5,input,461,0,0,0,0,-1
0,0,20465,5,input,465,0,0,0,0,-1
0,0,20466,5,input,472,0,0,0,0,-1
0,0,20467,5,input,476,0,0,0,0,-1
0,0,20468,5,input,477,0,0,0,0,-1
0,0,20469,5,input,478,0,0,0,0,1
0,0,20470,5,input,481,0,0,0,0,-1
0,0,20471,5,input,486,0,0,0,0,-1
0,0,20472,5,input,493,0,0,0,0,-1
0,0,20473,5,input,495,0,0,0,0,-1
0,0,20474,5,input,496,0,0,0,0,-1
0,0,20475,5,input,500,0,0,0,0,1
0,0,20476,5,input,503,0,0,0,0,-1
0,0,20477,5,input,505,0,0,0,0,-1
0,0,20478,5,input,507,0,0,0,0,-1
0,0,20479,5,input,509,0,0,0,0,-1
0,0,20480,5,input,511,0,0,0,0,1
0,0,20481,5,input,515,0,0,0,0,-1
0,0,20482,5,input,521,0,0,0,0,-1
0,0,20483,5,input,526,0,0,0,0,-1
0,0,20484,5,input,530,0,0,0,0,-1
0,0,20485,5,input,531,0,0,0,0,-1
0,0,20486,5,input,533,0,0,0,0,-1
0,0,20487,5,input,540,0,0,0,0,-1
0,0,20488,5,input,542,0,0,0,0,-1
0,0,20489,5,input,547,0,0,0,0,-1
0,0,20490,5,input,549,0,0,0,0,-1
0,0,20491,5,input,550,0,0,0,0,-1
0,0,20492,5,input,552,0,0,0,0,-1
0,0,20493,5,input,553,0,0,0,0,-1
0,0,20494,5,input,555,0,0,0,0,-1
0,0,20495,5,input,560,0,0,0,0,-1
0,0,20496,5,input,561,0,0,0,0,1
0,0,20497,5,input,575,0,0,0,0,-1
0,0,20498,5,input,582,0,0,0,0,-1
0,0,20499,5,input,585,0,0,0,0,-1
0,0,20500,5,input,586,0,0,0,0,-1
0,0,20501,5,input,589,0,0,0,0,-1
0,0,20502,5,input,593,0,0,0,0,-1
0,0,20503,5,input,595,0,0,0,0,-1
0,0,20504,5,input,604,0,0,0,0,-1
0,0,20505,5,input,605,0,0,0,0,-1
0,0,20506,5,input,609,0,0,0,0,-1
0,0,20507,5,input,614,0,0,0,0,-1
0,0,20508,5,input,621,0,0,0,0,-1
0,0,20509,5,input,624,0,0,0,0,-1
0,0,20510,5,input,628,0,0,0,0,1
0,0,20511,5,input,631,0,0,0,0,-1
0,0,20512,5,input,633,0,0,0,0,-1
0,0,20513,5,input,635,0,0,0,0,-1
0,0,20514,5,input,637,0,0,0,0,-1
0,0,20515,5,input,639,0,0,0,0,1
0,0,20516,5,input,642,0,0,0,0,1
0,0,20517,5,input,643,0,0,0,0,-1
0,0,20518,5,input,649,0,0,0,0,-1
0,0,20519,5,input,663,0,0,0,0,1
0,0,20520,5,input,668,0,0,0,0,-1
0,0,20521,5,input,675,0,0,0,0,-1
0,0,20522,5,input,678,0,0,0,0,-1
0,0,20523,5,input,680,0,0,0,0,-1
0,0,20524,5,input,681,0,0,0,0,-1
0,0,20525,5,input,682,0,0,0,0,-1
0,0,20526,5,input,683,0,0,0,0,-1
0,0,20527,5,input,688,0,0,0,0,-1
0,0,20528,5,input,694,0,0,0,0,-1
0,0,20529,5,input,697,0,0,0,0,-1
0,0,20530,5,input,700,0,0,0,0,-1
0,0,20531,5,input,706,0,0,0,0,-1
0,0,20532,5,input,710,0,0,0,0,-1
0,0,20533,5,input,714,0,0,0,0,-1
0,0,20534,5,input,717,0,0,0,0,-1
0,0,20535,5,input,721,0,0,0,0,-1
0,0,20536,5,input,723,0,0,0,0,-1
0,0,20537,5,input,732,0,0,0,0,-1
0,0,20538,5,input,733,0,0,0,0,-1
0,0,20539,5,input,737,0,0,0,0,-1
0,0,20540,5,input,749,0,0,0,0,-1
0,0,20541,5,input,751,0,0,0,0,-1
0,0,20542,5,input,752,0,0,0,0,-1
0,0,20543,5,input,756,0,0,0,0,1
0,0,20544,5,input,758,0,0,0,0,-1
0,0,20545,5,input,761,0,0,0,0,-1
0,0,20546,5,input,763,0,0,0,0,-1
0,0,20547,5,input,765,0,0,0,0,-1
0,0,20548,5,input,771,0,0,0,0,-1
0,0,20549,5,input,777,0,0,0,0,-1
0,0,20550,5,input,782,0,0,0,0,-1
0,0,20551,5,input,786,0,0,0,0,-1
0,0,20552,5,input,790,0,0,0,0,-1
0,0,20553,5,input,803,0,0,0,0,-1
0,0,20554,5,input,806,0,0,0,0,-1
0,0,20555,5,input,809,0,0,0,0,-1
0,0,20556,5,input,811,0,0,0,0,-1
0,0,20557,5,input,816,0,0,0,0,-1
0,0,20558,5,input,822,0,0,0,0,-1
0,0,20559,5,input,825,0,0,0,0,-1
0,0,20560,5,input,838,0,0,0,0,-1
0,0,20561,5,input,841,0,0,0,0,-1
0,0,20562,5,input,842,0,0,0,0,-1
0,0,20563,5,input,845,0,0,0,0,-1
0,0,20564,5,input,849,0,0,0,0,-1
0,0,20565,5,input,855,0,0,0,0,-1
0,0,20566,5,input,860,0,0,0,0,-1
0,0,20567,5,input,861,0,0,0,0,-1
0,0,20568,5,input,868,0,0,0,0,-1
0,0,20569,5,input,877,0,0,0,0,-1
0,0,20570,5,input,879,0,0,0,0,-1
0,0,20571,5,input,880,0,0,0,0,-1
0,0,20572,5,input,884,0,0,0,0,1
0,0,20573,5,input,889,0,0,0,0,-1
0,0,20574,5,input,891,0,0,0,0,-1
0,0,20575,5,input,893,0,0,0,0,-1
0,0,20576,5,input,895,0,0,0,0,1
0,0,20577,5,input,899,0,0,0,0,-1
0,0,20578,5,input,905,0,0,0,0,-1
0,0,20579,5,input,909,0,0,0,0,-1
0,0,20580,5,input,910,0,0,0,0,-1
0,0,20581,5,input,914,0,0,0,0,-1
0,0,20582,5,input,917,0,0,0,0,-1
0,0,20583,5,input,919,0,0,0,0,1
0,0,20584,5,input,924,0,0,0,0,-1
0,0,20585,5,input,927,0,0,0,0,-1
0,0,20586,5,input,933,0,0,0,0,-1
0,0,20587,5,input,934,0,0,0,0,-1
0,0,20588,5,input,937,0,0,0,0,-1
0,0,20589,5,input,939,0,0,0,0,-1
0,0,20590,5,input,943,0,0,0,0,-1
0,0,20591,5,input,944,0,0,0,0,-1
0,0,20592,5,input,945,0,0,0,0,1
0,0,20593,5,input,956,0,0,0,0,-1
0,0,20594,5,input,966,0,0,0,0,-1
0,0,20595,5,input,969,0,0,0,0,-1
0,0,20596,5,input,973,0,0,0,0,-1
0,0,20597,5,input,981,0,0,0,0,-1
0,0,20598,5,input,988,0,0,0,0,-1
0,0,20599,5,input,989,0,0,0,0,-1
0,0,20600,5,input,1000,0,0,0,0,-1
0,0,20601,5,input,1003,0,0,0,0,-1
0,0,20602,5,input,1005,0,0,0,0,-1
0,0,20603,5,input,1008,0,0,0,0,-1
0,0,20604,5,input,1012,0,0,0,0,1
0,0,20605,5,input,1017,0,0,0,0,-1
0,0,20606,5,input,1021,0,0,0,0,-1
0,0,20607,5,input,1022,0,0,0,0,-1
0,0,20608,5,input,1023,0,0,0,0,1
0,0,20609,5,input,1026,0,0,0,0,1
0,0,20610,5,input,1027,0,0,0,0,-1
0,0,20611,5,input,1029,0,0,0,0,1
0,0,20612,5,input,1038,0,0,0,0,-1
0,0,20613,5,input,1043,0,0,0,0,-1
0,0,20614,5,input,1046,0,0,0,0,-1
0,0,20615,5,input,1047,0,0,0,0,1
0,0,20616,5,input,1054,0,0,0,0,-1
0,0,20617,5,input,1059,0,0,0,0,-1
0,0,20618,5,input,1062,0,0,0,0,-1
0,0,20619,5,input,1065,0,0,0,0,-1
0,0,20620,5,input,1066,0,0,0,0,-1
0,0,20621,5,input,1067,0,0,0,0,-1
0,0,20622,5,input,1068,0,0,0,0,-1
0,0,20623,5,input,1081,0,0,0,0,-1
0,0,20624,5,input,1084,0,0,0,0,-1
0,0,20625,5,input,1085,0,0,0,0,-1
0,0,20626,5,input,1086,0,0,0,0,-1
0,0,20627,5,input,1087,0,0,0,0,-1
0,0,20628,5,input,1088,0,0,0,0,-1
0,0,20629,5,input,1089,0,0,0,0,-1
0,0,20630,5,input,1090,0,0,0,0,-1
0,0,20631,5,input,1094,0,0,0,0,-1
0,0,20632,5,input,1095,0,0,0,0,1
0,0,20633,5,input,1098,0,0,0,0,-1
0,0,20634,5,input,1101,0,0,0,0,-1
0,0,20635,5,input,1104,0,0,0,0,-1
0,0,20636,5,input,1107,0,0,0,0,-1
0,0,20637,5,input,1111,0,0,0,0,-1
0,0,20638,5,input,1112,0,0,0,0,1
0,0,20639,5,input,1113,0,0,0,0,-1
0,0,20640,5,input,1114,0,0,0,0,-1
0,0,20641,5,input,1115,0,0,0,0,-1
0,0,20642,5,input,1116,0,0,0,0,-1
0,0,20643,5,input,1117,0,0,0,0,-1
0,0,20644,5,input,1124,0,0,0,0,-1
0,0,20645,5,input,1133,0,0,0,0,-1
0,0,20646,5,input,1135,0,0,0,0,-1
0,0,20647,5,input,1136,0,0,0,0,-1
0,0,20648,5,input,1140,0,0,0,0,1
0,0,20649,5,input,1141,0,0,0,0,-1
0,0,20650,5,input,1142,0,0,0,0,-1
0,0,20651,5,input,1145,0,0,0,0,-1
0,0,20652,5,input,1147,0,0,0,0,-1
0,0,20653,5,input,1155,0,0,0,0,-1
0,0,20654,5,input,1166,0,0,0,0,-1
0,0,20655,5,input,1170,0,0,0,0,-1
0,0,20656,5,input,1173,0,0,0,0,-1
0,0,20657,5,input,1174,0,0,0,0,-1
0,0,20658,5,input,1190,0,0,0,0,-1
0,0,20659,5,input,1191,0,0,0,0,-1
0,0,20660,5,input,1193,0,0,0,0,-1
0,0,20661,5,input,1195,0,0,0,0,-1
0,0,20662,5,input,1201,0,0,0,0,1
0,0,20663,5,input,1205,0,0,0,0,-1
0,0,20664,5,input,1214,0,0,0,0,-1
0,0,20665,5,input,1215,0,0,0,0,-1
0,0,20666,5,input,1222,0,0,0,0,-1
0,0,20667,5,input,1229,0,0,0,0,-1
0,0,20668,5,input,1244,0,0,0,0,-1
0,0,20669,5,input,1245,0,0,0,0,-1
0,0,20670,5,input,1246,0,0,0,0,1
0,0,20671,5,input,1254,0,0,0,0,-1
0,0,20672,5,input,1261,0,0,0,0,-1
0,0,20673,5,input,1264,0,0,0,0,-1
0,0,20674,5,input,1268,0,0,0,0,1
0,0,20675,5,input,1271,0,0,0,0,-1
0,0,20676,5,input,1273,0,0,0,0,-1
0,0,20677,5,input,1275,0,0,0,0,-1
0,0,20678,5,input,1279,0,0,0,0,1
0,0,20679,5,input,1280,0,0,0,0,-1
0,0,20680,5,input,1283,0,0,0,0,-1
0,0,20681,5,input,1289,0,0,0,0,-1
0,0,20682,5,input,1296,0,0,0,0,-1
0,0,20683,5,input,1297,0,0,0,0,1
0,0,20684,5,input,1298,0,0,0,0,-1
0,0,20685,5,input,1299,0,0,0,0,-1
0,0,20686,5,input,1301,0,0,0,0,-1
0,0,20687,5,input,1305,0,0,0,0,-1
0,0,20688,5,input,1308,0,0,0,0,-1
0,0,20689,5,input,1312,0,0,0,0,-1
0,0,20690,5,input,1313,0,0,0,0,-1
0,0,20691,5,input,1315,0,0,0,0,-1
0,0,20692,5,input,1318,0,0,0,0,-1
0,0,20693,5,input,1321,0,0,0,0,-1
0,0,20694,5,input,1323,0,0,0,0,-1
0,0,20695,5,input,1329,0,0,0,0,1
0,0,20696,5,input,1333,0,0,0,0,-1
0,0,20697,5,input,1335,0,0,0,0,1
0,0,20698,5,input,1343,0,0,0,0,-1
0,0,20699,5,input,1350,0,0,0,0,-1
0,0,20700,5,input,1353,0,0,0,0,-1
0,0,20701,5,input,1357,0,0,0,0,-1
0,0,20702,5,input,1361,0,0,0,0,-1
0,0,20703,5,input,1362,0,0,0,0,-1
0,0,20704,5,input,1363,0,0,0,0,-1
0,0,20705,5,input,1372,0,0,0,0,-1
0,0,20706,5,input,1373,0,0,0,0,-1
0,0,20707,5,input,1382,0,0,0,0,-1
0,0,20708,5,input,1389,0,0,0,0,-1
0,0,20709,5,input,1392,0,0,0,0,-1
0,0,20710,5,input,1396,0,0,0,0,1
0,0,20711,5,input,1399,0,0,0,0,-1
0,0,20712,5,input,1401,0,0,0,0,-1
0,0,20713,5,input,1403,0,0,0,0,-1
0,0,20714,5,input,1407,0,0,0,0,1
0,0,20715,5,input,1408,0,0,0,0,-1
0,0,20716,5,input,1417,0,0,0,0,-1
0,0,20717,5,input,1418,0,0,0,0,-1
0,0,20718,5,input,1420,0,0,0,0,-1
0,0,20719,5,input,1426,0,0,0,0,-1
0,0,20720,5,input,1427,0,0,0,0,-1
0,0,20721,5,input,1429,0,0,0,0,-1
0,0,20722,5,input,1431,0,0,0,0,1
0,0,20723,5,input,1436,0,0,0,0,-1
0,0,20724,5,input,1445,0,0,0,0,-1
0,0,20725,5,input,1446,0,0,0,0,-1
0,0,20726,5,input,1448,0,0,0,0,-1
0,0,20727,5,input,1450,0,0,0,0,-1
0,0,20728,5,input,1451,0,0,0,0,-1
0,0,20729,5,input,1456,0,0,0,0,-1
0,0,20730,5,input,1466,0,0,0,0,-1
0,0,20731,5,input,1471,0,0,0,0,-1
0,0,20732,5,input,1478,0,0,0,0,-1
0,0,20733,5,input,1485,0,0,0,0,-1
0,0,20734,5,input,1489,0,0,0,0,-1
0,0,20735,5,input,1491,0,0,0,0,-1
0,0,20736,5,input,1497,0,0,0,0,-1
0,0,20737,5,input,1501,0,0,0,0,-1
0,0,20738,5,input,1505,0,0,0,0,-1
0,0,20739,5,input,1511,0,0,0,0,-1
0,0,20740,5,input,1517,0,0,0,0,-1
0,0,20741,5,input,1518,0,0,0,0,-1
0,0,20742,5,input,1520,0,0,0,0,-1
0,0,20743,5,input,1524,0,0,0,0,1
0,0,20744,5,input,1527,0,0,0,0,-1
0,0,20745,5,input,1529,0,0,0,0,-1
0,0,20746,5,input,1531,0,0,0,0,-1
0,0,20747,5,input,1548,0,0,0,0,1
0,0,20748,5,input,1552,0,0,0,0,-1
0,0,20749,5,input,1559,0,0,0,0,1
0,0,20750,5,input,1573,0,0,0,0,-1
0,0,20751,5,input,1574,0,0,0,0,-1
0,0,20752,5,input,1584,0,0,0,0,-1
0,0,20753,5,input,1588,0,0,0,0,-1
0,0,20754,5,input,1590,0,0,0,0,-1
0,0,20755,5,input,1599,0,0,0,0,-1
0,0,20756,5,input,1607,0,0,0,0,-1
0,0,20757,5,input,1614,0,0,0,0,-1
0,0,20758,5,input,1617,0,0,0,0,-1
0,0,20759,5,input,1618,0,0,0,0,-1
0,0,20760,5,input,1629,0,0,0,0,-1
0,0,20761,5,input,1633,0,0,0,0,-1
0,0,20762,5,input,1635,0,0,0,0,-1
0,0,20763,5,input,1639,0,0,0,0,-1
0,0,20764,5,input,1642,0,0,0,0,-1
0,0,20765,5,input,1644,0,0,0,0,-1
0,0,20766,5,input,1645,0,0,0,0,-1
0,0,20767,5,input,1659,0,0,0,0,-1
0,0,20768,5,input,1671,0,0,0,0,-1
0,0,20769,5,input,1673,0,0,0,0,-1
0,0,20770,5,input,1676,0,0,0,0,-1
0,0,20771,5,input,1690,0,0,0,0,-1
0,0,20772,5,input,1718,0,0,0,0,-1
0,0,20773,5,input,1727,0,0,0,0,-1
0,0,20774,5,input,1737,0,0,0,0,-1
0,0,20775,5,input,1745,0,0,0,0,-1
0,0,20776,5,input,1753,0,0,0,0,-1
0,0,20777,5,input,1761,0,0,0,0,-1
0,0,20778,5,input,1777,0,0,0,0,-1
0,0,20779,5,input,1778,0,0,0,0,-1
0,0,20780,5,input,1781,0,0,0,0,-1
0,0,20781,5,input,1789,0,0,0,0,-1
0,0,20782,5,input,1799,0,0,0,0,-1
0,0,20783,5,input,1801,0,0,0,0,-1
0,0,20784,5,input,1804,0,0,0,0,-1
0,0,20785,5,input,1811,0,0,0,0,-1
0,0,20786,5,input,1815,0,0,0,0,1
0,0,20787,5,input,1818,0,0,0,0,-1
0,0,20788,5,input,1830,0,0,0,0,-1
0,0,20789,5,input,1839,0,0,0,0,-1
0,0,20790,5,input,1846,0,0,0,0,-1
0,0,20791,5,input,1855,0,0,0,0,-1
0,0,20792,5,input,1865,0,0,0,0,-1
0,0,20793,5,input,1872,0,0,0,0,-1
0,0,20794,5,input,1876,0,0,0,0,-1
0,0,20795,5,input,1879,0,0,0,0,-1
0,0,20796,5,input,1881,0,0,0,0,-1
0,0,20797,5,input,1884,0,0,0,0,-1
0,0,20798,5,input,1892,0,0,0,0,-1
0,0,20799,5,input,1901,0,0,0,0,-1
0,0,20800,5,input,1907,0,0,0,0,-1
0,0,20801,5,input,1909,0,0,0,0,-1
0,0,20802,5,input,1917,0,0,0,0,-1
0,0,20803,5,input,1918,0,0,0,0,-1
0,0,20804,5,input,1923,0,0,0,0,-1
0,0,20805,5,input,1928,0,0,0,0,-1
0,0,20806,5,input,1934,0,0,0,0,-1
0,0,20807,5,input,1938,0,0,0,0,-1
0,0,20808,5,input,1943,0,0,0,0,1
0,0,20809,5,input,1946,0,0,0,0,-1
0,0,20810,5,input,1949,0,0,0,0,-1
0,0,20811,5,input,1954,0,0,0,0,-1
0,0,20812,5,input,1958,0,0,0,0,-1
0,0,20813,5,input,1959,0,0,0,0,-1
0,0,20814,5,input,1963,0,0,0,0,-1
0,0,20815,5,input,1966,0,0,0,0,-1
0,0,20816,5,input,1967,0,0,0,0,-1
0,0,20817,5,input,1968,0,0,0,0,-1
0,0,20818,5,input,1974,0,0,0,0,-1
0,0,20819,5,input,1989,0,0,0,0,-1
0,0,20820,5,input,1990,0,0,0,0,-1
0,0,20821,5,input,1994,0,0,0,0,-1
0,0,20822,5,input,1996,0,0,0,0,-1
0,0,20823,5,input,1997,0,0,0,0,-1
0,0,20824,5,input,2005,0,0,0,0,-1
0,0,20825,5,input,2012,0,0,0,0,-1
0,0,20826,5,input,2013,0,0,0,0,-1
0,0,20827,5,input,2020,0,0,0,0,-1
0,0,20828,5,input,2029,0,0,0,0,-1
0,0,20829,5,input,2032,0,0,0,0,-1
0,0,20830,5,input,2036,0,0,0,0,1
0,0,20831,5,input,2041,0,0,0,0,-1
0,0,20832,5,input,2045,0,0,0,0,-1
0,0,20833,5,input,2047,0,0,0,0,1
0,0,20834,5,input,2048,0,0,0,0,1
0,0,20835,5,input,2054,0,0,0,0,1
0,0,20836,5,input,2057,0,0,0,0,-1
0,0,20837,5,input,2060,0,0,0,0,-1
0,0,20838,5,input,2068,0,0,0,0,-1
0,0,20839,5,input,2070,0,0,0,0,-1
0,0,20840,5,input,2074,0,0,0,0,1
0,0,20841,5,input,2075,0,0,0,0,-1
0,0,20842,5,input,2088,0,0,0,0,1
0,0,20843,5,input,2090,0,0,0,0,1
0,0,20844,5,input,2092,0,0,0,0,-1
0,0,20845,5,input,2094,0,0,0,0,1
0,0,20846,5,input,2099,0,0,0,0,-1
0,0,20847,5,input,2101,0,0,0,0,-1
0,0,20848,5,input,2104,0,0,0,0,-1
0,0,20849,5,input,2106,0,0,0,0,-1
0,0,20850,5,input,2111,0,0,0,0,-1
0,0,20851,5,input,2113,0,0,0,0,1
0,0,20852,5,input,2119,0,0,0,0,-1
0,0,20853,5,input,2125,0,0,0,0,1
0,0,20854,5,input,2126,0,0,0,0,-1
0,0,20855,5,input,2130,0,0,0,0,-1
0,0,20856,5,input,2133,0,0,0,0,-1
0,0,20857,5,input,2136,0,0,0,0,-1
0,0,20858,5,input,2138,0,0,0,0,-1
0,0,20859,5,input,2142,0,0,0,0,-1
0,0,20860,5,input,2143,0,0,0,0,-1
0,0,20861,5,input,2147,0,0,0,0,-1
0,0,20862,5,input,2152,0,0,0,0,-1
0,0,20863,5,input,2159,0,0,0,0,-1
0,0,20864,5,input,2162,0,0,0,0,-1
0,0,20865,5,input,2165,0,0,0,0,-1
0,0,20866,5,input,2166,0,0,0,0,-1
0,0,20867,5,input,2168,0,0,0,0,-1
0,0,20868,5,input,2174,0,0,0,0,1
0,0,20869,5,input,2179,0,0,0,0,-1
0,0,20870,5,input,2185,0,0,0,0,-1
0,0,20871,5,input,2188,0,0,0,0,-1
0,0,20872,5,input,2190,0,0,0,0,-1
0,0,20873,5,input,2194,0,0,0,0,-1
0,0,20874,5,input,2197,0,0,0,0,-1
0,0,20875,5,input,2209,0,0,0,0,-1
0,0,20876,5,input,2214,0,0,0,0,-1
0,0,20877,5,input,2217,0,0,0,0,-1
0,0,20878,5,input,2219,0,0,0,0,-1
0,0,20879,5,input,2222,0,0,0,0,1
0,0,20880,5,input,2225,0,0,0,0,1
0,0,20881,5,input,2226,0,0,0,0,-1
0,0,20882,5,input,2229,0,0,0,0,-1
0,0,20883,5,input,2239,0,0,0,0,-1
0,0,20884,5,input,2244,0,0,0,0,-1
0,0,20885,5,input,2246,0,0,0,0,-1
0,0,20886,5,input,2249,0,0,0,0,-1
0,0,20887,5,input,2253,0,0,0,0,-1
0,0,20888,5,input,2265,0,0,0,0,-1
0,0,20889,5,input,2268,0,0,0,0,-1
0,0,20890,5,input,2276,0,0,0,0,-1
0,0,20891,5,input,2278,0,0,0,0,-1
0,0,20892,5,input,2285,0,0,0,0,-1
0,0,20893,5,input,2287,0,0,0,0,-1
0,0,20894,5,input,2288,0,0,0,0,-1
0,0,20895,5,input,2292,0,0,0,0,1
0,0,20896,5,input,2293,0,0,0,0,-1
0,0,20897,5,input,2295,0,0,0,0,-1
0,0,20898,5,input,2297,0,0,0,0,-1
0,0,20899,5,input,2299,0,0,0,0,-1
0,0,20900,5,input,2303,0,0,0,0,1
0,0,20901,5,input,2304,0,0,0,0,1
0,0,20902,5,input,2306,0,0,0,0,1
0,0,20903,5,input,2307,0,0,0,0,-1
0,0,20904,5,input,2309,0,0,0,0,-1
0,0,20905,5,input,2312,0,0,0,0,-1
0,0,20906,5,input,2316,0,0,0,0,-1
0,0,20907,5,input,2320,0,0,0,0,1
0,0,20908,5,input,2323,0,0,0,0,-1
0,0,20909,5,input,2324,0,0,0,0,-1
0,0,20910,5,input,2326,0,0,0,0,-1
0,0,20911,5,input,2327,0,0,0,0,-1
0,0,20912,5,input,2329,0,0,0,0,-1
0,0,20913,5,input,2330,0,0,0,0,-1
0,0,20914,5,input,2333,0,0,0,0,-1
0,0,20915,5,input,2334,0,0,0,0,-1
0,0,20916,5,input,2342,0,0,0,0,-1
0,0,20917,5,input,2343,0,0,0,0,-1
0,0,20918,5,input,2351,0,0,0,0,-1
0,0,20919,5,input,2354,0,0,0,0,-1
0,0,20920,5,input,2355,0,0,0,0,-1
0,0,20921,5,input,2365,0,0,0,0,1
0,0,20922,5,input,2371,0,0,0,0,-1
0,0,20923,5,input,2374,0,0,0,0,-1
0,0,20924,5,input,2382,0,0,0,0,-1
0,0,20925,5,input,2392,0,0,0,0,-1
0,0,20926,5,input,2393,0,0,0,0,-1
0,0,20927,5,input,2399,0,0,0,0,-1
0,0,20928,5,input,2400,0,0,0,0,-1
0,0,20929,5,input,2401,0,0,0,0,-1
0,0,20930,5,input,2403,0,0,0,0,1
0,0,20931,5,input,2405,0,0,0,0,1
0,0,20932,5,input,2406,0,0,0,0,-1
0,0,20933,5,input,2409,0,0,0,0,-1
0,0,20934,5,input,2414,0,0,0,0,1
0,0,20935,5,input,2418,0,0,0,0,1
0,0,20936,5,input,2420,0,0,0,0,1
0,0,20937,5,input,2421,0,0,0,0,1
0,0,20938,5,input,2422,0,0,0,0,-1
0,0,20939,5,input,2426,0,0,0,0,1
0,0,20940,5,input,2442,0,0,0,0,-1
0,0,20941,5,input,2444,0,0,0,0,-1
0,0,20942,5,input,2448,0,0,0,0,1
0,0,20943,5,input,2451,0,0,0,0,-1
0,0,20944,5,input,2453,0,0,0,0,-1
0,0,20945,5,input,2479,0,0,0,0,-1
0,0,20946,5,input,2490,0,0,0,0,-1
0,0,20947,5,input,2495,0,0,0,0,-1
0,0,20948,5,input,2505,0,0,0,0,-1
0,0,20949,5,input,2520,0,0,0,0,-1
0,0,20950,5,input,2521,0,0,0,0,-1
0,0,20951,5,input,2529,0,0,0,0,-1
0,0,20952,5,input,2545,0,0,0,0,-1
0,0,20953,5,input,2546,0,0,0,0,-1
0,0,20954,5,input,2549,0,0,0,0,-1
0,0,20955,5,input,2555,0,0,0,0,-1
0,0,20956,5,input,2570,0,0,0,0,-1
0,0,20957,5,input,2579,0,0,0,0,-1
0,0,20958,5,input,2582,0,0,0,0,-1
0,0,20959,5,input,2583,0,0,0,0,1
0,0,20960,5,input,2590,0,0,0,0,-1
0,0,20961,5,input,2591,0,0,0,0,-1
0,0,20962,5,input,2597,0,0,0,0,-1
0,0,20963,5,input,2608,0,0,0,0,-1
0,0,20964,5,input,2614,0,0,0,0,-1
0,0,20965,5,input,2621,0,0,0,0,-1
0,0,20966,5,input,2623,0,0,0,0,-1
0,0,20967,5,input,2629,0,0,0,0,-1
0,0,20968,5,input,2641,0,0,0,0,-1
0,0,20969,5,input,2651,0,0,0,0,-1
0,0,20970,5,input,2657,0,0,0,0,-1
0,0,20971,5,input,2659,0,0,0,0,-1
0,0,20972,5,input,2663,0,0,0,0,-1
0,0,20973,5,input,2666,0,0,0,0,-1
0,0,20974,5,input,2668,0,0,0,0,-1
0,0,20975,5,input,2673,0,0,0,0,-1
0,0,20976,5,input,2680,0,0,0,0,-1
0,0,20977,5,input,2683,0,0,0,0,-1
0,0,20978,5,input,2696,0,0,0,0,-1
0,0,20979,5,input,2697,0,0,0,0,-1
0,0,20980,5,input,2698,0,0,0,0,-1
0,0,20981,5,input,2700,0,0,0,0,-1
0,0,20982,5,input,2701,0,0,0,0,-1
0,0,20983,5,input,2704,0,0,0,0,1
0,0,20984,5,input,2709,0,0,0,0,-1
0,0,20985,5,input,2714,0,0,0,0,-1
0,0,20986,5,input,2716,0,0,0,0,-1
0,0,20987,5,input,2718,0,0,0,0,1
0,0,20988,5,input,2725,0,0,0,0,-1
0,0,20989,5,input,2729,0,0,0,0,-1
0,0,20990,5,input,2734,0,0,0,0,1
0,0,20991,5,input,2735,0,0,0,0,-1
0,0,20992,5,input,2742,0,0,0,0,-1
0,0,20993,5,input,2746,0,0,0,0,-1
0,0,20994,5,input,2761,0,0,0,0,-1
0,0,20995,5,input,2767,0,0,0,0,-1
0,0,20996,5,input,2769,0,0,0,0,-1
0,0,20997,5,input,2776,0,0,0,0,-1
0,0,20998,5,input,2777,0,0,0,0,-1
0,0,20999,5,input,2783,0,0,0,0,-1
0,0,21000,5,input,2785,0,0,0,0,-1
0,0,21001,5,input,2802,0,0,0,0,-1
0,0,21002,5,input,2805,0,0,0,0,-1
0,0,21003,5,input,2813,0,0,0,0,-1
0,0,21004,5,input,2824,0,0,0,0,-1
0,0,21005,5,input,2829,0,0,0,0,-1
0,0,21006,5,input,2839,0,0,0,0,1
0,0,21007,5,input,2847,0,0,0,0,-1
0,0,21008,5,input,2854,0,0,0,0,-1
0,0,21009,5,input,2863,0,0,0,0,-1
0,0,21010,5,input,2870,0,0,0,0,-1
0,0,21011,5,input,2889,0,0,0,0,-1
0,0,21012,5,input,2908,0,0,0,0,-1
0,0,21013,5,input,2925,0,0,0,0,-1
0,0,21014,5,input,2941,0,0,0,0,-1
0,0,21015,5,input,2942,0,0,0,0,-1
0,0,21016,5,input,2944,0,0,0,0,-1
0,0,21017,5,input,2956,0,0,0,0,1
0,0,21018,5,input,2958,0,0,0,0,-1
0,0,21019,5,input,2960,0,0,0,0,-1
0,0,21020,5,input,2962,0,0,0,0,-1
0,0,21021,5,input,2967,0,0,0,0,1
0,0,21022,5,input,2968,0,0,0,0,1
0,0,21023,5,input,2972,0,0,0,0,-1
0,0,21024,5,input,2981,0,0,0,0,-1
0,0,21025,5,input,2982,0,0,0,0,-1
0,0,21026,5,input,2984,0,0,0,0,-1
0,0,21027,5,input,2985,0,0,0,0,-1
0,0,21028,5,input,2996,0,0,0,0,-1
0,0,21029,5,input,2998,0,0,0,0,-1
0,0,21030,5,input,3006,0,0,0,0,-1
0,0,21031,5,input,3008,0,0,0,0,-1
0,0,21032,5,input,3012,0,0,0,0,-1
0,0,21033,5,input,3014,0,0,0,0,-1
0,0,21034,5,input,3021,0,0,0,0,-1
0,0,21035,5,input,3023,0,0,0,0,-1
0,0,21036,5,input,3024,0,0,0,0,-1
0,0,21037,5,input,3026,0,0,0,0,-1
0,0,21038,5,input,3027,0,0,0,0,-1
0,0,21039,5,input,3029,0,0,0,0,-1
0,0,21040,5,input,3031,0,0,0,0,-1
0,0,21041,5,input,3035,0,0,0,0,-1
0,0,21042,5,input,3036,0,0,0,0,-1
0,0,21043,5,input,3037,0,0,0,0,-1
0,0,21044,5,input,3043,0,0,0,0,-1
0,0,21045,5,input,3044,0,0,0,0,-1
0,0,21046,5,input,3051,0,0,0,0,-1
0,0,21047,5,input,3052,0,0,0,0,-1
0,0,21048,5,input,3053,0,0,0,0,-1
0,0,21049,5,input,3054,0,0,0,0,-1
0,0,21050,5,input,3055,0,0,0,0,-1
0,0,21051,5,input,3056,0,0,0,0,-1
0,0,21052,5,input,3059,0,0,0,0,-1
0,0,21053,5,input,3061,0,0,0,0,-1
0,0,21054,5,input,3065,0,0,0,0,-1
0,0,21055,5,input,3067,0,0,0,0,-1
0,0,21056,5,input,3068,0,0,0,0,-1
0,0,21057,5,input,3069,0,0,0,0,-1
0,0,21058,5,input,3070,0,0,0,0,-1
0,0,21059,5,input,3074,0,0,0,0,-1
0,0,21060,5,input,3076,0,0,0,0,-1
0,0,21061,5,input,3078,0,0,0,0,1
0,0,21062,5,input,3083,0,0,0,0,-1
0,0,21063,5,input,3095,0,0,0,0,-1
0,0,21064,5,input,3097,0,0,0,0,-1
0,0,21065,5,input,3098,0,0,0,0,1
0,0,21066,5,input,3100,0,0,0,0,-1
0,0,21067,5,input,3101,0,0,0,0,1
0,0,21068,5,input,3103,0,0,0,0,1
0,0,21069,5,input,3104,0,0,0,0,-1
0,0,21070,5,input,3110,0,0,0,0,1
0,0,21071,5,input,3113,0,0,0,0,-1
0,0,21072,5,input,3118,0,0,0,0,1
0,0,21073,5,input,3119,0,0,0,0,1
0,0,21074,5,input,3123,0,0,0,0,-1
0,0,21075,5,input,3125,0,0,0,0,-1
0,0,21076,5,input,3128,0,0,0,0,-1
0,0,21077,5,input,3136,0,0,0,0,-1
0,0,21078,5,input,3137,0,0,0,0,1
0,0,21079,5,input,3143,0,0,0,0,-1
0,0,21080,5,input,3145,0,0,0,0,-1
0,0,21081,5,input,3148,0,0,0,0,-1
0,0,21082,5,input,3149,0,0,0,0,1
0,0,21083,5,input,3151,0,0,0,0,-1
0,0,21084,5,input,3152,0,0,0,0,1
0,0,21085,5,input,3154,0,0,0,0,-1
0,0,21086,5,input,3157,0,0,0,0,-1
0,0,21087,5,input,3159,0,0,0,0,-1
0,0,21088,5,input,3160,0,0,0,0,-1
0,0,21089,5,input,3162,0,0,0,0,-1
0,0,21090,5,input,3163,0,0,0,0,1
0,0,21091,5,input,3166,0,0,0,0,-1
0,0,21092,5,input,3170,0,0,0,0,-1
0,0,21093,5,input,3171,0,0,0,0,-1
0,0,21094,5,input,3176,0,0,0,0,-1
0,0,21095,5,input,3179,0,0,0,0,1
0,0,21096,5,input,3183,0,0,0,0,-1
0,0,21097,5,input,3185,0,0,0,0,1
0,0,21098,5,input,3186,0,0,0,0,-1
0,0,21099,5,input,3189,0,0,0,0,-1
0,0,21100,5,input,3197,0,0,0,0,1
0,0,21101,5,input,3203,0,0,0,0,-1
0,0,21102,5,input,3209,0,0,0,0,-1
0,0,21103,5,input,3214,0,0,0,0,-1
0,0,21104,5,input,3218,0,0,0,0,-1
0,0,21105,5,input,3237,0,0,0,0,-1
0,0,21106,5,input,3238,0,0,0,0,-1
0,0,21107,5,input,3239,0,0,0,0,-1
0,0,21108,5,input,3241,0,0,0,0,-1
0,0,21109,5,input,3243,0,0,0,0,-1
0,0,21110,5,input,3249,0,0,0,0,1
0,0,21111,5,input,3253,0,0,0,0,-1
0,0,21112,5,input,3254,0,0,0,0,-1
0,0,21113,5,input,3261,0,0,0,0,-1
0,0,21114,5,input,3270,0,0,0,0,-1
0,0,21115,5,input,3274,0,0,0,0,-1
0,0,21116,5,input,3276,0,0,0,0,-1
0,0,21117,5,input,3277,0,0,0,0,-1
0,0,21118,5,input,3283,0,0,0,0,-1
0,0,21119,5,input,3285,0,0,0,0,-1
0,0,21120,5,input,3291,0,0,0,0,-1
0,0,21121,5,input,3292,0,0,0,0,-1
0,0,21122,5,input,3300,0,0,0,0,-1
0,0,21123,5,input,3310,0,0,0,0,-1
0,0,21124,5,input,3311,0,0,0,0,-1
0,0,21125,5,input,3312,0,0,0,0,-1
0,0,21126,5,input,3316,0,0,0,0,1
0,0,21127,5,input,3317,0,0,0,0,-1
0,0,21128,5,input,3318,0,0,0,0,-1
0,0,21129,5,input,3319,0,0,0,0,-1
0,0,21130,5,input,3320,0,0,0,0,-1
0,0,21131,5,input,3331,0,0,0,0,-1
0,0,21132,5,input,3334,0,0,0,0,-1
0,0,21133,5,input,3340,0,0,0,0,1
0,0,21134,5,input,3344,0,0,0,0,-1
0,0,21135,5,input,3345,0,0,0,0,-1
0,0,21136,5,input,3349,0,0,0,0,1
0,0,21137,5,input,3350,0,0,0,0,-1
0,0,21138,5,input,3352,0,0,0,0,-1
0,0,21139,5,input,3355,0,0,0,0,-1
0,0,21140,5,input,3358,0,0,0,0,-1
0,0,21141,5,input,3359,0,0,0,0,-1
0,0,21142,5,input,3360,0,0,0,0,-1
0,0,21143,5,input,3361,0,0,0,0,-1
0,0,21144,5,input,3362,0,0,0,0,-1
0,0,21145,5,input,3367,0,0,0,0,-1
0,0,21146,5,input,3371,0,0,0,0,-1
0,0,21147,5,input,3374,0,0,0,0,-1
0,0,21148,5,input,3377,0,0,0,0,-1
0,0,21149,5,input,3386,0,0,0,0,-1
0,0,21150,5,input,3389,0,0,0,0,-1
0,0,21151,5,input,3390,0,0,0,0,-1
0,0,21152,5,input,3398,0,0,0,0,-1
0,0,21153,5,input,3399,0,0,0,0,-1
0,0,21154,5,input,3402,0,0,0,0,-1
0,0,21155,5,input,3413,0,0,0,0,-1
0,0,21156,5,input,3414,0,0,0,0,-1
0,0,21157,5,input,3417,0,0,0,0,1
0,0,21158,5,input,3419,0,0,0,0,-1
0,0,21159,5,input,3425,0,0,0,0,-1
0,0,21160,5,input,3426,0,0,0,0,1
0,0,21161,5,input,3427,0,0,0,0,-1
0,0,21162,5,input,3432,0,0,0,0,-1
0,0,21163,5,input,3434,0,0,0,0,-1
0,0,21164,5,input,3441,0,0,0,0,-1
0,0,21165,5,input,3444,0,0,0,0,1
0,0,21166,5,input,3445,0,0,0,0,1
0,0,21167,5,input,3448,0,0,0,0,-1
0,0,21168,5,input,3452,0,0,0,0,-1
0,0,21169,5,input,3459,0,0,0,0,-1
0,0,21170,5,input,3462,0,0,0,0,-1
0,0,21171,5,input,3465,0,0,0,0,-1
0,0,21172,5,input,3466,0,0,0,0,-1
0,0,21173,5,input,3468,0,0,0,0,-1
0,0,21174,5,input,3472,0,0,0,0,1
0,0,21175,5,input,3473,0,0,0,0,-1
0,0,21176,5,input,3479,0,0,0,0,-1
0,0,21177,5,input,3482,0,0,0,0,-1
0,0,21178,5,input,3483,0,0,0,0,-1
0,0,21179,5,input,3492,0,0,0,0,-1
0,0,21180,5,input,3497,0,0,0,0,-1
0,0,21181,5,input,3498,0,0,0,0,-1
0,0,21182,5,input,3503,0,0,0,0,-1
0,0,21183,5,input,3506,0,0,0,0,-1
0,0,21184,5,input,3513,0,0,0,0,-1
0,0,21185,5,input,3514,0,0,0,0,-1
0,0,21186,5,input,3519,0,0,0,0,-1
0,0,21187,5,input,3527,0,0,0,0,1
0,0,21188,5,input,3530,0,0,0,0,-1
0,0,21189,5,input,3541,0,0,0,0,1
0,0,21190,5,input,3542,0,0,0,0,-1
0,0,21191,5,input,3545,0,0,0,0,-1
0,0,21192,5,input,3547,0,0,0,0,-1
0,0,21193,5,input,3549,0,0,0,0,1
0,0,21194,5,input,3553,0,0,0,0,-1
0,0,21195,5,input,3560,0,0,0,0,-1
0,0,21196,5,input,3563,0,0,0,0,1
0,0,21197,5,input,3564,0,0,0,0,1
0,0,21198,5,input,3567,0,0,0,0,-1
0,0,21199,5,input,3569,0,0,0,0,-1
0,0,21200,5,input,3573,0,0,0,0,-1
0,0,21201,5,input,3574,0,0,0,0,-1
0,0,21202,5,input,3576,0,0,0,0,-1
0,0,21203,5,input,3587,0,0,0,0,-1
0,0,21204,5,input,3600,0,0,0,0,-1
0,0,21205,5,input,3603,0,0,0,0,-1
0,0,21206,5,input,3604,0,0,0,0,-1
0,0,21207,5,input,3607,0,0,0,0,1
0,0,21208,5,input,3611,0,0,0,0,-1
0,0,21209,5,input,3614,0,0,0,0,-1
0,0,21210,5,input,3624,0,0,0,0,1
0,0,21211,5,input,3635,0,0,0,0,-1
0,0,21212,5,input,3637,0,0,0,0,-1
0,0,21213,5,input,3647,0,0,0,0,-1
0,0,21214,5,input,3648,0,0,0,0,1
0,0,21215,5,input,3660,0,0,0,0,1
0,0,21216,5,input,3665,0,0,0,0,-1
0,0,21217,5,input,3666,0,0,0,0,-1
0,0,21218,5,input,3667,0,0,0,0,-1
0,0,21219,5,input,3668,0,0,0,0,-1
0,0,21220,5,input,3674,0,0,0,0,-1
0,0,21221,5,input,3681,0,0,0,0,-1
0,0,21222,5,input,3683,0,0,0,0,-1
0,0,21223,5,input,3688,0,0,0,0,-1
0,0,21224,5,input,3690,0,0,0,0,-1
0,0,21225,5,input,3697,0,0,0,0,-1
0,0,21226,5,input,3701,0,0,0,0,-1
0,0,21227,5,input,3704,0,0,0,0,-1
0,0,21228,5,input,3716,0,0,0,0,-1
0,0,21229,5,input,3720,0,0,0,0,-1
0,0,21230,5,input,3722,0,0,0,0,-1
0,0,21231,5,input,3724,0,0,0,0,-1
0,0,21232,5,input,3725,0,0,0,0,-1
0,0,21233,5,input,3728,0,0,0,0,1
0,0,21234,5,input,3733,0,0,0,0,-1
0,0,21235,5,input,3765,0,0,0,0,-1
0,0,21236,5,input,3770,0,0,0,0,-1
0,0,21237,5,input,3785,0,0,0,0,-1
0,0,21238,5,input,3796,0,0,0,0,-1
0,0,21239,5,input,3801,0,0,0,0,-1
0,0,21240,5,input,3809,0,0,0,0,-1
0,0,21241,5,input,3823,0,0,0,0,-1
0,0,21242,5,input,3829,0,0,0,0,-1
0,0,21243,5,input,3836,0,0,0,0,1
0,0,21244,5,input,3856,0,0,0,0,-1
0,0,21245,5,input,3858,0,0,0,0,-1
0,0,21246,5,input,3863,0,0,0,0,1
0,0,21247,5,input,3877,0,0,0,0,-1
0,0,21248,5,input,3878,0,0,0,0,-1
0,0,21249,5,input,3892,0,0,0,0,-1
0,0,21250,5,input,3908,0,0,0,0,-1
0,0,21251,5,input,3911,0,0,0,0,-1
0,0,21252,5,input,3913,0,0,0,0,-1
0,0,21253,5,input,3919,0,0,0,0,-1
0,0,21254,5,input,3925,0,0,0,0,-1
0,0,21255,5,input,3934,0,0,0,0,-1
0,0,21256,5,input,3948,0,0,0,0,-1
0,0,21257,5,input,3949,0,0,0,0,-1
0,0,21258,5,input,3965,0,0,0,0,-1
0,0,21259,5,input,3966,0,0,0,0,-1
0,0,21260,5,input,3970,0,0,0,0,-1
0,0,21261,5,input,3975,0,0,0,0,-1
0,0,21262,5,input,3976,0,0,0,0,-1
0,0,21263,5,input,3980,0,0,0,0,-1
0,0,21264,5,input,3981,0,0,0,0,-1
0,0,21265,5,input,3982,0,0,0,0,-1
0,0,21266,5,input,3991,0,0,0,0,1
0,0,21267,5,input,4001,0,0,0,0,-1
0,0,21268,5,input,4006,0,0,0,0,-1
0,0,21269,5,input,4036,0,0,0,0,-1
0,0,21270,5,input,4037,0,0,0,0,-1
0,0,21271,5,input,4045,0,0,0,0,-1
0,0,21272,5,input,4047,0,0,0,0,-1
0,0,21273,5,input,4053,0,0,0,0,-1
0,0,21274,5,input,4055,0,0,0,0,-1
0,0,21275,5,input,4056,0,0,0,0,-1
0,0,21276,5,input,4060,0,0,0,0,-1
0,0,21277,5,input,4068,0,0,0,0,-1
0,0,21278,5,input,4076,0,0,0,0,-1
0,0,21279,5,input,4079,0,0,0,0,-1
0,0,21280,5,input,4080,0,0,0,0,-1
0,0,21281,5,input,4083,0,0,0,0,-1
0,0,21282,5,input,4085,0,0,0,0,-1
0,0,21283,5,input,4093,0,0,0,0,-1
0,0,21284,5,input,4100,0,0,0,0,-1
0,0,21285,5,input,4110,0,0,0,0,-1
0,0,21286,5,input,4119,0,0,0,0,-1
0,0,21287,5,input,4121,0,0,0,0,-1
0,0,21288,5,input,4132,0,0,0,0,-1
0,0,21289,5,input,4134,0,0,0,0,1
0,0,21290,5,input,4147,0,0,0,0,-1
0,0,21291,5,input,4149,0,0,0,0,-1
0,0,21292,5,input,4154,0,0,0,0,-1
0,0,21293,5,input,4156,0,0,0,0,-1
0,0,21294,5,input,4169,0,0,0,0,-1
0,0,21295,5,input,4171,0,0,0,0,-1
0,0,21296,5,input,4173,0,0,0,0,1
0,0,21297,5,input,4176,0,0,0,0,1
0,0,21298,5,input,4178,0,0,0,0,-1
0,0,21299,5,input,4186,0,0,0,0,-1
0,0,21300,5,input,4190,0,0,0,0,-1
0,0,21301,5,input,4203,0,0,0,0,1
0,0,21302,5,input,4213,0,0,0,0,-1
0,0,21303,5,input,4217,0,0,0,0,1
0,0,21304,5,input,4221,0,0,0,0,1
0,0,21305,5,input,4224,0,0,0,0,-1
0,0,21306,5,input,4228,0,0,0,0,-1
0,0,21307,5,input,4234,0,0,0,0,-1
0,0,21308,5,input,4235,0,0,0,0,-1
0,0,21309,5,input,4236,0,0,0,0,-1
0,0,21310,5,input,4238,0,0,0,0,-1
0,0,21311,5,input,4249,0,0,0,0,-1
0,0,21312,5,input,4250,0,0,0,0,1
0,0,21313,5,input,4270,0,0,0,0,1
0,0,21314,5,input,4276,0,0,0,0,-1
0,0,21315,5,input,4277,0,0,0,0,-1
0,0,21316,5,input,4292,0,0,0,0,-1
0,0,21317,5,input,4299,0,0,0,0,-1
0,0,21318,5,input,4306,0,0,0,0,-1
0,0,21319,5,input,4307,0,0,0,0,-1
0,0,21320,5,input,4311,0,0,0,0,-1
0,0,21321,5,input,4313,0,0,0,0,-1
0,0,21322,5,input,4314,0,0,0,0,-1
0,0,21323,5,input,4318,0,0,0,0,-1
0,0,21324,5,input,4323,0,0,0,0,-1
0,0,21325,5,input,4335,0,0,0,0,-1
0,0,21326,5,input,4338,0,0,0,0,-1
0,0,21327,5,input,4339,0,0,0,0,-1
0,0,21328,5,input,4341,0,0,0,0,-1
0,0,21329,5,input,4343,0,0,0,0,-1
0,0,21330,5,input,4347,0,0,0,0,-1
0,0,21331,5,input,4351,0,0,0,0,-1
0,0,21332,5,input,4352,0,0,0,0,-1
0,0,21333,5,input,4363,0,0,0,0,-1
0,0,21334,5,input,4367,0,0,0,0,-1
0,0,21335,5,input,4369,0,0,0,0,1
0,0,21336,5,input,4373,0,0,0,0,-1
0,0,21337,5,input,4376,0,0,0,0,1
0,0,21338,5,input,4377,0,0,0,0,-1
0,0,21339,5,input,4379,0,0,0,0,1
0,0,21340,5,input,4380,0,0,0,0,-1
0,0,21341,5,input,4386,0,0,0,0,-1
0,0,21342,5,input,4392,0,0,0,0,-1
0,0,21343,5,input,4393,0,0,0,0,-1
0,0,21344,5,input,4420,0,0,0,0,-1
0,0,21345,5,input,4422,0,0,0,0,-1
0,0,21346,5,input,4428,0,0,0,0,-1
0,0,21347,5,input,4434,0,0,0,0,-1
0,0,21348,5,input,4435,0,0,0,0,-1
0,0,21349,5,input,4439,0,0,0,0,-1
0,0,21350,5,input,4441,0,0,0,0,-1
0,0,21351,5,input,4446,0,0,0,0,-1
0,0,21352,5,input,4450,0,0,0,0,-1
0,0,21353,5,input,4462,0,0,0,0,-1
0,0,21354,5,input,4469,0,0,0,0,-1
0,0,21355,5,input,4471,0,0,0,0,-1
0,0,21356,5,input,4478,0,0,0,0,-1
0,0,21357,5,input,4486,0,0,0,0,-1
0,0,21358,5,input,4496,0,0,0,0,-1
0,0,21359,5,input,4498,0,0,0,0,-1
0,0,21360,5,input,4517,0,0,0,0,-1
0,0,21361,5,input,4533,0,0,0,0,-1
0,0,21362,5,input,4535,0,0,0,0,-1
0,0,21363,5,input,4536,0,0,0,0,-1
0,0,21364,5,input,4538,0,0,0,0,-1
0,0,21365,5,input,4551,0,0,0,0,-1
0,0,21366,5,input,4558,0,0,0,0,-1
0,0,21367,5,input,4565,0,0,0,0,-1
0,0,21368,5,input,4566,0,0,0,0,-1
0,0,21369,5,input,4577,0,0,0,0,-1
0,0,21370,5,input,4579,0,0,0,0,-1
0,0,21371,5,input,4586,0,0,0,0,-1
0,0,21372,5,input,4588,0,0,0,0,-1
0,0,21373,5,input,4590,0,0,0,0,-1
0,0,21374,5,input,4599,0,0,0,0,-1
0,0,21375,5,input,4600,0,0,0,0,-1
0,0,21376,5,input,4613,0,0,0,0,-1
0,0,21377,5,input,4616,0,0,0,0,-1
0,0,21378,5,input,4617,0,0,0,0,-1
0,0,21379,5,input,4628,0,0,0,0,-1
0,0,21380,5,input,4640,0,0,0,0,-1
0,0,21381,5,input,4645,0,0,0,0,-1
0,0,21382,5,input,4648,0,0,0,0,-1
0,0,21383,5,input,4649,0,0,0,0,-1
0,0,21384,5,input,4658,0,0,0,0,-1
0,0,21385,5,input,4679,0,0,0,0,-1
0,0,21386,5,input,4684,0,0,0,0,-1
0,0,21387,5,input,4686,0,0,0,0,-1
0,0,21388,5,input,4690,0,0,0,0,-1
0,0,21389,5,input,4700,0,0,0,0,-1
0,0,21390,5,input,4708,0,0,0,0,-1
0,0,21391,5,input,4719,0,0,0,0,-1
0,0,21392,5,input,4720,0,0,0,0,-1
0,0,21393,5,input,4727,0,0,0,0,-1
0,0,21394,5,input,4728,0,0,0,0,-1
0,0,21395,5,input,4742,0,0,0,0,-1
0,0,21396,5,input,4745,0,0,0,0,-1
0,0,21397,5,input,4759,0,0,0,0,1
0,0,21398,5,input,4762,0,0,0,0,-1
0,0,21399,5,input,4764,0,0,0,0,-1
0,0,21400,5,input,4767,0,0,0,0,-1
0,0,21401,5,input,4771,0,0,0,0,-1
0,0,21402,5,input,4776,0,0,0,0,-1
0,0,21403,5,input,4777,0,0,0,0,-1
0,0,21404,5,input,4778,0,0,0,0,-1
0,0,21405,5,input,4793,0,0,0,0,-1
0,0,21406,5,input,4798,0,0,0,0,-1
0,0,21407,5,input,4800,0,0,0,0,-1
0,0,21408,5,input,4801,0,0,0,0,-1
0,0,21409,5,input,4807,0,0,0,0,1
0,0,21410,5,input,4810,0,0,0,0,-1
0,0,21411,5,input,4816,0,0,0,0,-1
0,0,21412,5,input,4820,0,0,0,0,-1
0,0,21413,5,input,4822,0,0,0,0,-1
0,0,21414,5,input,4824,0,0,0,0,1
0,0,21415,5,input,4825,0,0,0,0,-1
0,0,21416,5,input,4827,0,0,0,0,-1
0,0,21417,5,input,4837,0,0,0,0,-1
0,0,21418,5,input,4846,0,0,0,0,-1
0,0,21419,5,input,4849,0,0,0,0,-1
0,0,21420,5,input,4860,0,0,0,0,-1
0,0,21421,5,input,4864,0,0,0,0,-1
0,0,21422,5,input,4866,0,0,0,0,-1
0,0,21423,5,input,4876,0,0,0,0,1
0,0,21424,5,input,4880,0,0,0,0,-1
0,0,21425,5,input,4887,0,0,0,0,1
0,0,21426,5,input,4895,0,0,0,0,-1
0,0,21427,5,input,4902,0,0,0,0,-1
0,0,21428,5,input,4903,0,0,0,0,-1
0,0,21429,5,input,4912,0,0,0,0,-1
0,0,21430,5,input,4925,0,0,0,0,-1
0,0,21431,5,input,4932,0,0,0,0,-1
0,0,21432,5,input,4933,0,0,0,0,-1
0,0,21433,5,input,4935,0,0,0,0,-1
0,0,21434,5,input,4949,0,0,0,0,-1
0,0,21435,5,input,4955,0,0,0,0,-1
0,0,21436,5,input,4963,0,0,0,0,-1
0,0,21437,5,input,4965,0,0,0,0,-1
0,0,21438,5,input,4970,0,0,0,0,-1
0,0,21439,5,input,4972,0,0,0,0,-1
0,0,21440,5,input,4974,0,0,0,0,-1
0,0,21441,5,input,4990,0,0,0,0,-1
0,0,21442,5,input,4994,0,0,0,0,-1
0,0,21443,5,input,4995,0,0,0,0,-1
0,0,21444,5,input,5001,0,0,0,0,-1
0,0,21445,5,input,5005,0,0,0,0,-1
0,0,21446,5,input,5006,0,0,0,0,-1
0,0,21447,5,input,5023,0,0,0,0,-1
0,0,21448,5,input,5025,0,0,0,0,-1
0,0,21449,5,input,5030,0,0,0,0,-1
0,0,21450,5,input,5031,0,0,0,0,-1
0,0,21451,5,input,5033,0,0,0,0,-1
0,0,21452,5,input,5035,0,0,0,0,-1
0,0,21453,5,input,5041,0,0,0,0,1
0,0,21454,5,input,5055,0,0,0,0,-1
0,0,21455,5,input,5060,0,0,0,0,-1
0,0,21456,5,input,5062,0,0,0,0,-1
0,0,21457,5,input,5069,0,0,0,0,-1
0,0,21458,5,input,5084,0,0,0,0,-1
0,0,21459,5,input,5086,0,0,0,0,1
0,0,21460,5,input,5104,0,0,0,0,-1
0,0,21461,5,input,5108,0,0,0,0,1
0,0,21462,5,input,5113,0,0,0,0,-1
0,0,21463,5,input,5115,0,0,0,0,-1
0,0,21464,5,input,5117,0,0,0,0,-1
0,0,21465,5,input,5118,0,0,0,0,-1
0,0,21466,5,input,5119,0,0,0,0,1
0,0,21467,5,input,5125,0,0,0,0,-1
0,0,21468,5,input,5126,0,0,0,0,-1
0,0,21469,5,input,5127,0,0,0,0,1
0,0,21470,5,input,5128,0,0,0,0,-1
0,0,21471,5,input,5132,0,0,0,0,1
0,0,21472,5,input,5134,0,0,0,0,-1
0,0,21473,5,input,5136,0,0,0,0,-1
0,0,21474,5,input,5137,0,0,0,0,-1
0,0,21475,5,input,5140,0,0,0,0,-1
0,0,21476,5,input,5143,0,0,0,0,-1
0,0,21477,5,input,5144,0,0,0,0,-1
0,0,21478,5,input,5146,0,0,0,0,-1
0,0,21479,5,input,5149,0,0,0,0,-1
0,0,21480,5,input,5150,0,0,0,0,-1
0,0,21481,5,input,5154,0,0,0,0,-1
0,0,21482,5,input,5155,0,0,0,0,-1
0,0,21483,5,input,5156,0,0,0,0,-1
0,0,21484,5,input,5159,0,0,0,0,-1
0,0,21485,5,input,5160,0,0,0,0,-1
0,0,21486,5,input,5166,0,0,0,0,-1
0,0,21487,5,input,5169,0,0,0,0,-1
0,0,21488,5,input,5173,0,0,0,0,1
0,0,21489,5,input,5177,0,0,0,0,-1
0,0,21490,5,input,5178,0,0,0,0,-1
0,0,21491,5,input,5180,0,0,0,0,-1
0,0,21492,5,input,5185,0,0,0,0,-1
0,0,21493,5,input,5187,0,0,0,0,-1
0,0,21494,5,input,5189,0,0,0,0,-1
0,0,21495,5,input,5194,0,0,0,0,-1
0,0,21496,5,input,5196,0,0,0,0,-1
0,0,21497,5,input,5197,0,0,0,0,1
0,0,21498,5,input,5198,0,0,0,0,-1
0,0,21499,5,input,5211,0,0,0,0,-1
0,0,21500,5,input,5214,0,0,0,0,-1
0,0,21501,5,input,5227,0,0,0,0,1
0,0,21502,5,input,5233,0,0,0,0,-1
0,0,21503,5,input,5234,0,0,0,0,1
0,0,21504,5,input,5236,0,0,0,0,-1
0,0,21505,5,input,5237,0,0,0,0,1
0,0,21506,5,input,5238,0,0,0,0,-1
0,0,21507,5,input,5240,0,0,0,0,-1
0,0,21508,5,input,5241,0,0,0,0,1
0,0,21509,5,input,5258,0,0,0,0,-1
0,0,21510,5,input,5264,0,0,0,0,-1
0,0,21511,5,input,5267,0,0,0,0,-1
0,0,21512,5,input,5272,0,0,0,0,-1
0,0,21513,5,input,5273,0,0,0,0,-1
0,0,21514,5,input,5274,0,0,0,0,1
0,0,21515,5,input,5276,0,0,0,0,1
0,0,21516,5,input,5278,0,0,0,0,-1
0,0,21517,5,input,5288,0,0,0,0,1
0,0,21518,5,input,5289,0,0,0,0,1
0,0,21519,5,input,5290,0,0,0,0,1
0,0,21520,5,input,5294,0,0,0,0,1
0,0,21521,5,input,5296,0,0,0,0,-1
0,0,21522,5,input,5298,0,0,0,0,1
0,0,21523,5,input,5299,0,0,0,0,-1
0,0,21524,5,input,5301,0,0,0,0,-1
0,0,21525,5,input,5304,0,0,0,0,-1
0,0,21526,5,input,5305,0,0,0,0,1
0,0,21527,5,input,5306,0,0,0,0,-1
0,0,21528,5,input,5309,0,0,0,0,-1
0,0,21529,5,input,5311,0,0,0,0,-1
0,0,21530,5,input,5313,0,0,0,0,1
0,0,21531,5,input,5324,0,0,0,0,1
0,0,21532,5,input,5325,0,0,0,0,1
0,0,21533,5,input,5330,0,0,0,0,-1
0,0,21534,5,input,5333,0,0,0,0,-1
0,0,21535,5,input,5336,0,0,0,0,-1
0,0,21536,5,input,5338,0,0,0,0,-1
0,0,21537,5,input,5339,0,0,0,0,-1
0,0,21538,5,input,5342,0,0,0,0,-1
0,0,21539,5,input,5347,0,0,0,0,-1
0,0,21540,5,input,5352,0,0,0,0,-1
0,0,21541,5,input,5354,0,0,0,0,-1
0,0,21542,5,input,5355,0,0,0,0,1
0,0,21543,5,input,5359,0,0,0,0,-1
0,0,21544,5,input,5361,0,0,0,0,-1
0,0,21545,5,input,5362,0,0,0,0,-1
0,0,21546,5,input,5365,0,0,0,0,-1
0,0,21547,5,input,5368,0,0,0,0,-1
0,0,21548,5,input,5376,0,0,0,0,1
0,0,21549,5,input,5384,0,0,0,0,-1
0,0,21550,5,input,5386,0,0,0,0,-1
0,0,21551,5,input,5387,0,0,0,0,-1
0,0,21552,5,input,5388,0,0,0,0,-1
0,0,21553,5,input,5392,0,0,0,0,1
0,0,21554,5,input,5395,0,0,0,0,-1
0,0,21555,5,input,5396,0,0,0,0,-1
0,0,21556,5,input,5397,0,0,0,0,-1
0,0,21557,5,input,5399,0,0,0,0,-1
0,0,21558,5,input,5400,0,0,0,0,-1
0,0,21559,5,input,5402,0,0,0,0,-1
0,0,21560,5,input,5405,0,0,0,0,-1
0,0,21561,5,input,5409,0,0,0,0,1
0,0,21562,5,input,5412,0,0,0,0,-1
0,0,21563,5,input,5417,0,0,0,0,-1
0,0,21564,5,input,5418,0,0,0,0,1
0,0,21565,5,input,5422,0,0,0,0,1
0,0,21566,5,input,5423,0,0,0,0,-1
0,0,21567,5,input,5425,0,0,0,0,1
0,0,21568,5,input,5426,0,0,0,0,-1
0,0,21569,5,input,5434,0,0,0,0,-1
0,0,21570,5,input,5435,0,0,0,0,-1
0,0,21571,5,input,5437,0,0,0,0,1
0,0,21572,5,input,5439,0,0,0,0,-1
0,0,21573,5,input,5442,0,0,0,0,1
0,0,21574,5,input,5443,0,0,0,0,-1
0,0,21575,5,input,5447,0,0,0,0,1
0,0,21576,5,input,5449,0,0,0,0,-1
0,0,21577,5,input,5451,0,0,0,0,-1
0,0,21578,5,input,5453,0,0,0,0,1
0,0,21579,5,input,5454,0,0,0,0,-1
0,0,21580,5,input,5456,0,0,0,0,1
0,0,21581,5,input,5457,0,0,0,0,-1
0,0,21582,5,input,5461,0,0,0,0,1
0,0,21583,5,input,5464,0,0,0,0,-1
0,0,21584,5,input,5465,0,0,0,0,-1
0,0,21585,5,input,5466,0,0,0,0,-1
0,0,21586,5,input,5467,0,0,0,0,1
0,0,21587,5,input,5469,0,0,0,0,1
0,0,21588,5,input,5471,0,0,0,0,-1
0,0,21589,5,input,5475,0,0,0,0,1
0,0,21590,5,input,5476,0,0,0,0,-1
0,0,21591,5,input,5477,0,0,0,0,1
0,0,21592,5,input,5483,0,0,0,0,1
0,0,21593,5,input,5486,0,0,0,0,1
0,0,21594,5,input,5487,0,0,0,0,-1
0,0,21595,5,input,5489,0,0,0,0,-1
0,0,21596,5,input,5493,0,0,0,0,-1
0,0,21597,5,input,5497,0,0,0,0,1
0,0,21598,5,input,5503,0,0,0,0,-1
0,0,21599,5,input,5510,0,0,0,0,-1
0,0,21600,5,input,5514,0,0,0,0,1
0,0,21601,5,input,5516,0,0,0,0,1
0,0,21602,5,input,5521,0,0,0,0,-1
0,0,21603,5,input,5524,0,0,0,0,-1
0,0,21604,5,input,5527,0,0,0,0,-1
0,0,21605,5,input,5534,0,0,0,0,-1
0,0,21606,5,input,5536,0,0,0,0,-1
0,0,21607,5,input,5539,0,0,0,0,-1
0,0,21608,5,input,5544,0,0,0,0,-1
0,0,21609,5,input,5546,0,0,0,0,-1
0,0,21610,5,input,5548,0,0,0,0,-1
0,0,21611,5,input,5550,0,0,0,0,-1
0,0,21612,5,input,5552,0,0,0,0,1
0,0,21613,5,input,5553,0,0,0,0,-1
0,0,21614,5,input,5554,0,0,0,0,-1
0,0,21615,5,input,5561,0,0,0,0,-1
0,0,21616,5,input,5565,0,0,0,0,1
0,0,21617,5,input,5566,0,0,0,0,-1
0,0,21618,5,input,5568,0,0,0,0,-1
0,0,21619,5,input,5570,0,0,0,0,-1
0,0,21620,5,input,5571,0,0,0,0,-1
0,0,21621,5,input,5572,0,0,0,0,-1
0,0,21622,5,input,5581,0,0,0,0,1
0,0,21623,5,input,5587,0,0,0,0,-1
0,0,21624,5,input,5588,0,0,0,0,-1
0,0,21625,5,input,5589,0,0,0,0,1
0,0,21626,5,input,5591,0,0,0,0,-1
0,0,21627,5,input,5592,0,0,0,0,1
0,0,21628,5,input,5598,0,0,0,0,-1
0,0,21629,5,input,5599,0,0,0,0,-1
0,0,21630,5,input,5605,0,0,0,0,1
0,0,21631,5,input,5611,0,0,0,0,1
0,0,21632,5,input,5615,0,0,0,0,-1
0,0,21633,5,input,5618,0,0,0,0,1
0,0,21634,5,input,5619,0,0,0,0,-1
0,0,21635,5,input,5620,0,0,0,0,-1
0,0,21636,5,input,5622,0,0,0,0,-1
0,0,21637,5,input,5625,0,0,0,0,1
0,0,21638,5,input,5628,0,0,0,0,-1
0,0,21639,5,input,5631,0,0,0,0,-1
0,0,21640,5,input,5636,0,0,0,0,-1
0,0,21641,5,input,5639,0,0,0,0,-1
0,0,21642,5,input,5640,0,0,0,0,-1
0,0,21643,5,input,5642,0,0,0,0,-1
0,0,21644,5,input,5644,0,0,0,0,-1
0,0,21645,5,input,5648,0,0,0,0,1
0,0,21646,5,input,5652,0,0,0,0,-1
0,0,21647,5,input,5670,0,0,0,0,-1
0,0,21648,5,input,5672,0,0,0,0,-1
0,0,21649,5,input,5674,0,0,0,0,-1
0,0,21650,5,input,5676,0,0,0,0,-1
0,0,21651,5,input,5687,0,0,0,0,-1
0,0,21652,5,input,5689,0,0,0,0,-1
0,0,21653,5,input,5699,0,0,0,0,-1
0,0,21654,5,input,5701,0,0,0,0,-1
0,0,21655,5,input,5715,0,0,0,0,-1
0,0,21656,5,input,5718,0,0,0,0,-1
0,0,21657,5,input,5719,0,0,0,0,-1
0,0,21658,5,input,5721,0,0,0,0,-1
0,0,21659,5,input,5726,0,0,0,0,-1
0,0,21660,5,input,5727,0,0,0,0,-1
0,0,21661,5,input,5728,0,0,0,0,-1
0,0,21662,5,input,5735,0,0,0,0,-1
0,0,21663,5,input,5743,0,0,0,0,-1
0,0,21664,5,input,5748,0,0,0,0,-1
0,0,21665,5,input,5749,0,0,0,0,-1
0,0,21666,5,input,5750,0,0,0,0,-1
0,0,21667,5,input,5756,0,0,0,0,1
0,0,21668,5,input,5759,0,0,0,0,-1
0,0,21669,5,input,5766,0,0,0,0,-1
0,0,21670,5,input,5776,0,0,0,0,-1
0,0,21671,5,input,5778,0,0,0,0,-1
0,0,21672,5,input,5780,0,0,0,0,-1
0,0,21673,5,input,5783,0,0,0,0,1
0,0,21674,5,input,5789,0,0,0,0,-1
0,0,21675,5,input,5791,0,0,0,0,-1
0,0,21676,5,input,5797,0,0,0,0,-1
0,0,21677,5,input,5803,0,0,0,0,1
0,0,21678,5,input,5812,0,0,0,0,-1
0,0,21679,5,input,5815,0,0,0,0,-1
0,0,21680,5,input,5816,0,0,0,0,-1
0,0,21681,5,input,5820,0,0,0,0,-1
0,0,21682,5,input,5827,0,0,0,0,-1
0,0,21683,5,input,5829,0,0,0,0,-1
0,0,21684,5,input,5831,0,0,0,0,-1
0,0,21685,5,input,5837,0,0,0,0,1
0,0,21686,5,input,5840,0,0,0,0,-1
0,0,21687,5,input,5843,0,0,0,0,-1
0,0,21688,5,input,5844,0,0,0,0,-1
0,0,21689,5,input,5848,0,0,0,0,-1
0,0,21690,5,input,5854,0,0,0,0,-1
0,0,21691,5,input,5856,0,0,0,0,-1
0,0,21692,5,input,5859,0,0,0,0,-1
0,0,21693,5,input,5861,0,0,0,0,-1
0,0,21694,5,input,5862,0,0,0,0,1
0,0,21695,5,input,5865,0,0,0,0,-1
0,0,21696,5,input,5868,0,0,0,0,-1
0,0,21697,5,input,5875,0,0,0,0,-1
0,0,21698,5,input,5876,0,0,0,0,-1
0,0,21699,5,input,5878,0,0,0,0,-1
0,0,21700,5,input,5885,0,0,0,0,-1
0,0,21701,5,input,5887,0,0,0,0,-1
0,0,21702,5,input,5908,0,0,0,0,-1
0,0,21703,5,input,5911,0,0,0,0,1
0,0,21704,5,input,5924,0,0,0,0,-1
0,0,21705,5,input,5928,0,0,0,0,-1
0,0,21706,5,input,5931,0,0,0,0,1
0,0,21707,5,input,5932,0,0,0,0,-1
0,0,21708,5,input,5933,0,0,0,0,-1
0,0,21709,5,input,5937,0,0,0,0,-1
0,0,21710,5,input,5940,0,0,0,0,-1
0,0,21711,5,input,5943,0,0,0,0,-1
0,0,21712,5,input,5955,0,0,0,0,-1
0,0,21713,5,input,5957,0,0,0,0,-1
0,0,21714,5,input,5958,0,0,0,0,1
0,0,21715,5,input,5965,0,0,0,0,1
0,0,21716,5,input,5971,0,0,0,0,-1
0,0,21717,5,input,5972,0,0,0,0,-1
0,0,21718,5,input,5979,0,0,0,0,-1
0,0,21719,5,input,5982,0,0,0,0,-1
0,0,21720,5,input,5987,0,0,0,0,-1
0,0,21721,5,input,6003,0,0,0,0,-1
0,0,21722,5,input,6004,0,0,0,0,-1
0,0,21723,5,input,6006,0,0,0,0,-1
0,0,21724,5,input,6014,0,0,0,0,-1
0,0,21725,5,input,6015,0,0,0,0,-1
0,0,21726,5,input,6018,0,0,0,0,1
0,0,21727,5,input,6036,0,0,0,0,-1
0,0,21728,5,input,6037,0,0,0,0,-1
0,0,21729,5,input,6039,0,0,0,0,1
0,0,21730,5,input,6044,0,0,0,0,-1
0,0,21731,5,input,6051,0,0,0,0,-1
0,0,21732,5,input,6052,0,0,0,0,-1
0,0,21733,5,input,6055,0,0,0,0,1
0,0,21734,5,input,6056,0,0,0,0,-1
0,0,21735,5,input,6057,0,0,0,0,-1
0,0,21736,5,input,6060,0,0,0,0,-1
0,0,21737,5,input,6061,0,0,0,0,-1
0,0,21738,5,input,6065,0,0,0,0,-1
0,0,21739,5,input,6068,0,0,0,0,-1
0,0,21740,5,input,6071,0,0,0,0,-1
0,0,21741,5,input,6072,0,0,0,0,-1
0,0,21742,5,input,6076,0,0,0,0,-1
0,0,21743,5,input,6083,0,0,0,0,-1
0,0,21744,5,input,6085,0,0,0,0,-1
0,0,21745,5,input,6092,0,0,0,0,-1
0,0,21746,5,input,6093,0,0,0,0,1
0,0,21747,5,input,6099,0,0,0,0,-1
0,0,21748,5,input,6107,0,0,0,0,-1
0,0,21749,5,input,6110,0,0,0,0,-1
0,0,21750,5,input,6115,0,0,0,0,-1
0,0,21751,5,input,6132,0,0,0,0,-1
0,0,21752,5,input,6134,0,0,0,0,-1
0,0,21753,5,input,6141,0,0,0,0,-1
0,0,21754,5,input,6143,0,0,0,0,-1
0,0,21755,5,input,6144,0,0,0,0,-1
0,0,21756,5,input,6147,0,0,0,0,1
0,0,21757,5,input,6149,0,0,0,0,-1
0,0,21758,5,input,6159,0,0,0,0,-1
0,0,21759,5,input,6164,0,0,0,0,-1
0,0,21760,5,input,6167,0,0,0,0,1
0,0,21761,5,input,6168,0,0,0,0,1
0,0,21762,5,input,6178,0,0,0,0,-1
0,0,21763,5,input,6180,0,0,0,0,-1
0,0,21764,5,input,6182,0,0,0,0,1
0,0,21765,5,input,6187,0,0,0,0,1
0,0,21766,5,input,6188,0,0,0,0,-1
0,0,21767,5,input,6189,0,0,0,0,-1
0,0,21768,5,input,6193,0,0,0,0,-1
0,0,21769,5,input,6196,0,0,0,0,-1
0,0,21770,5,input,6199,0,0,0,0,-1
0,0,21771,5,input,6203,0,0,0,0,-1
0,0,21772,5,input,6204,0,0,0,0,-1
0,0,21773,5,input,6208,0,0,0,0,-1
0,0,21774,5,input,6211,0,0,0,0,-1
0,0,21775,5,input,6213,0,0,0,0,-1
0,0,21776,5,input,6214,0,0,0,0,1
0,0,21777,5,input,6220,0,0,0,0,-1
0,0,21778,5,input,6221,0,0,0,0,1
0,0,21779,5,input,6226,0,0,0,0,-1
0,0,21780,5,input,6227,0,0,0,0,-1
0,0,21781,5,input,6233,0,0,0,0,-1
0,0,21782,5,input,6234,0,0,0,0,-1
0,0,21783,5,input,6238,0,0,0,0,-1
0,0,21784,5,input,6243,0,0,0,0,-1
0,0,21785,5,input,6246,0,0,0,0,1
0,0,21786,5,input,6252,0,0,0,0,-1
0,0,21787,5,input,6258,0,0,0,0,-1
0,0,21788,5,input,6259,0,0,0,0,-1
0,0,21789,5,input,6260,0,0,0,0,-1
0,0,21790,5,input,6261,0,0,0,0,-1
0,0,21791,5,input,6264,0,0,0,0,-1
0,0,21792,5,input,6265,0,0,0,0,1
0,0,21793,5,input,6269,0,0,0,0,1
0,0,21794,5,input,6271,0,0,0,0,-1
0,0,21795,5,input,6273,0,0,0,0,-1
0,0,21796,5,input,6276,0,0,0,0,-1
0,0,21797,5,input,6277,0,0,0,0,-1
0,0,21798,5,input,6282,0,0,0,0,1
0,0,21799,5,input,6284,0,0,0,0,1
0,0,21800,5,input,6288,0,0,0,0,-1
0,0,21801,5,input,6291,0,0,0,0,1
0,0,21802,5,input,6292,0,0,0,0,-1
0,0,21803,5,input,6295,0,0,0,0,-1
0,0,21804,5,input,6297,0,0,0,0,-1
0,0,21805,5,input,6298,0,0,0,0,1
0,0,21806,5,input,6303,0,0,0,0,1
0,0,21807,5,input,6304,0,0,0,0,-1
0,0,21808,5,input,6305,0,0,0,0,1
0,0,21809,5,input,6306,0,0,0,0,-1
0,0,21810,5,input,6311,0,0,0,0,-1
0,0,21811,5,input,6317,0,0,0,0,-1
0,0,21812,5,input,6318,0,0,0,0,-1
0,0,21813,5,input,6319,0,0,0,0,1
0,0,21814,5,input,6322,0,0,0,0,-1
0,0,21815,5,input,6328,0,0,0,0,-1
0,0,21816,5,input,6329,0,0,0,0,-1
0,0,21817,5,input,6335,0,0,0,0,1
0,0,21818,5,input,6341,0,0,0,0,-1
0,0,21819,5,input,6343,0,0,0,0,-1
0,0,21820,5,input,6348,0,0,0,0,-1
0,0,21821,5,input,6349,0,0,0,0,1
0,0,21822,5,input,6350,0,0,0,0,-1
0,0,21823,5,input,6354,0,0,0,0,-1
0,0,21824,5,input,6355,0,0,0,0,-1
0,0,21825,5,input,6357,0,0,0,0,-1
0,0,21826,5,input,6361,0,0,0,0,1
0,0,21827,5,input,6366,0,0,0,0,-1
0,0,21828,5,input,6370,0,0,0,0,-1
0,0,21829,5,input,6379,0,0,0,0,1
0,0,21830,5,input,6385,0,0,0,0,1
0,0,21831,5,input,6386,0,0,0,0,1
0,0,21832,5,input,6388,0,0,0,0,-1
0,0,21833,5,input,6389,0,0,0,0,1
0,0,21834,5,input,6390,0,0,0,0,-1
0,0,21835,5,input,6393,0,0,0,0,1
0,0,21836,5,input,6397,0,0,0,0,1
0,0,21837,5,input,6398,0,0,0,0,1
0,0,21838,5,input,6401,0,0,0,0,-1
0,0,21839,5,input,6404,0,0,0,0,-1
0,0,21840,5,input,6407,0,0,0,0,-1
0,0,21841,5,input,6410,0,0,0,0,-1
0,0,21842,5,input,6411,0,0,0,0,-1
0,0,21843,5,input,6412,0,0,0,0,-1
0,0,21844,5,input,6413,0,0,0,0,-1
0,0,21845,5,input,6416,0,0,0,0,1
0,0,21846,5,input,6420,0,0,0,0,-1
0,0,21847,5,input,6421,0,0,0,0,-1
0,0,21848,5,input,6423,0,0,0,0,1
0,0,21849,5,input,6424,0,0,0,0,-1
0,0,21850,5,input,6428,0,0,0,0,-1
0,0,21851,5,input,6439,0,0,0,0,1
0,0,21852,5,input,6442,0,0,0,0,-1
0,0,21853,5,input,6443,0,0,0,0,1
0,0,21854,5,input,6444,0,0,0,0,-1
0,0,21855,5,input,6448,0,0,0,0,-1
0,0,21856,5,input,6451,0,0,0,0,-1
0,0,21857,5,input,6453,0,0,0,0,-1
0,0,21858,5,input,6455,0,0,0,0,-1
0,0,21859,5,input,6456,0,0,0,0,-1
0,0,21860,5,input,6457,0,0,0,0,-1
0,0,21861,5,input,6458,0,0,0,0,-1
0,0,21862,5,input,6467,0,0,0,0,-1
0,0,21863,5,input,6470,0,0,0,0,1
0,0,21864,5,input,6475,0,0,0,0,-1
0,0,21865,5,input,6477,0,0,0,0,1
0,0,21866,5,input,6483,0,0,0,0,-1
0,0,21867,5,input,6484,0,0,0,0,-1
0,0,21868,5,input,6486,0,0,0,0,-1
0,0,21869,5,input,6488,0,0,0,0,1
0,0,21870,5,input,6489,0,0,0,0,-1
0,0,21871,5,input,6490,0,0,0,0,-1
0,0,21872,5,input,6494,0,0,0,0,-1
0,0,21873,5,input,6499,0,0,0,0,-1
0,0,21874,5,input,6501,0,0,0,0,-1
0,0,21875,5,input,6506,0,0,0,0,-1
0,0,21876,5,input,6510,0,0,0,0,-1
0,0,21877,5,input,6516,0,0,0,0,-1
0,0,21878,5,input,6517,0,0,0,0,-1
0,0,21879,5,input,6524,0,0,0,0,1
0,0,21880,5,input,6526,0,0,0,0,1
0,0,21881,5,input,6527,0,0,0,0,-1
0,0,21882,5,input,6534,0,0,0,0,-1
0,0,21883,5,input,6535,0,0,0,0,-1
0,0,21884,5,input,6545,0,0,0,0,-1
0,0,21885,5,input,6548,0,0,0,0,-1
0,0,21886,5,input,6551,0,0,0,0,1
0,0,21887,5,input,6571,0,0,0,0,1
0,0,21888,5,input,6572,0,0,0,0,-1
0,0,21889,5,input,6573,0,0,0,0,-1
0,0,21890,5,input,6577,0,0,0,0,-1
0,0,21891,5,input,6580,0,0,0,0,-1
0,0,21892,5,input,6583,0,0,0,0,-1
0,0,21893,5,input,6595,0,0,0,0,-1
0,0,21894,5,input,6598,0,0,0,0,1
0,0,21895,5,input,6605,0,0,0,0,1
0,0,21896,5,input,6622,0,0,0,0,-1
0,0,21897,5,input,6627,0,0,0,0,-1
0,0,21898,5,input,6630,0,0,0,0,1
0,0,21899,5,input,6641,0,0,0,0,-1
0,0,21900,5,input,6643,0,0,0,0,-1
0,0,21901,5,input,6644,0,0,0,0,-1
0,0,21902,5,input,6655,0,0,0,0,-1
0,0,21903,5,input,6659,0,0,0,0,1
0,0,21904,5,input,6662,0,0,0,0,-1
0,0,21905,5,input,6663,0,0,0,0,-1
0,0,21906,5,input,6673,0,0,0,0,-1
0,0,21907,5,input,6676,0,0,0,0,-1
0,0,21908,5,input,6679,0,0,0,0,1
0,0,21909,5,input,6692,0,0,0,0,-1
0,0,21910,5,input,6699,0,0,0,0,1
0,0,21911,5,input,6700,0,0,0,0,-1
0,0,21912,5,input,6701,0,0,0,0,-1
0,0,21913,5,input,6705,0,0,0,0,-1
0,0,21914,5,input,6708,0,0,0,0,-1
0,0,21915,5,input,6711,0,0,0,0,-1
0,0,21916,5,input,6723,0,0,0,0,-1
0,0,21917,5,input,6726,0,0,0,0,1
0,0,21918,5,input,6733,0,0,0,0,1
0,0,21919,5,input,6750,0,0,0,0,-1
0,0,21920,5,input,6758,0,0,0,0,1
0,0,21921,5,input,6762,0,0,0,0,-1
0,0,21922,5,input,6764,0,0,0,0,-1
0,0,21923,5,input,6771,0,0,0,0,-1
0,0,21924,5,input,6772,0,0,0,0,-1
0,0,21925,5,input,6783,0,0,0,0,-1
0,0,21926,5,input,6787,0,0,0,0,1
0,0,21927,5,input,6804,0,0,0,0,-1
0,0,21928,5,input,6807,0,0,0,0,1
0,0,21929,5,input,6820,0,0,0,0,-1
0,0,21930,5,input,6827,0,0,0,0,1
0,0,21931,5,input,6828,0,0,0,0,-1
0,0,21932,5,input,6829,0,0,0,0,-1
0,0,21933,5,input,6833,0,0,0,0,-1
0,0,21934,5,input,6836,0,0,0,0,-1
0,0,21935,5,input,6839,0,0,0,0,-1
0,0,21936,5,input,6840,0,0,0,0,-1
0,0,21937,5,input,6851,0,0,0,0,-1
0,0,21938,5,input,6854,0,0,0,0,1
0,0,21939,5,input,6861,0,0,0,0,1
0,0,21940,5,input,6878,0,0,0,0,-1
0,0,21941,5,input,6886,0,0,0,0,1
0,0,21942,5,input,6892,0,0,0,0,-1
0,0,21943,5,input,6899,0,0,0,0,-1
0,0,21944,5,input,6900,0,0,0,0,-1
0,0,21945,5,input,6905,0,0,0,0,1
0,0,21946,5,input,6906,0,0,0,0,-1
0,0,21947,5,input,6911,0,0,0,0,-1
0,0,21948,5,input,6915,0,0,0,0,1
0,0,21949,5,input,6919,0,0,0,0,-1
0,0,21950,5,input,6932,0,0,0,0,-1
0,0,21951,5,input,6935,0,0,0,0,1
0,0,21952,5,input,6948,0,0,0,0,-1
0,0,21953,5,input,6955,0,0,0,0,1
0,0,21954,5,input,6956,0,0,0,0,-1
0,0,21955,5,input,6957,0,0,0,0,-1
0,0,21956,5,input,6961,0,0,0,0,-1
0,0,21957,5,input,6964,0,0,0,0,-1
0,0,21958,5,input,6967,0,0,0,0,-1
0,0,21959,5,input,6978,0,0,0,0,-1
0,0,21960,5,input,6979,0,0,0,0,-1
0,0,21961,5,input,6981,0,0,0,0,-1
0,0,21962,5,input,6982,0,0,0,0,1
0,0,21963,5,input,6989,0,0,0,0,1
0,0,21964,5,input,6996,0,0,0,0,-1
0,0,21965,5,input,7003,0,0,0,0,-1
0,0,21966,5,input,7006,0,0,0,0,-1
0,0,21967,5,input,7014,0,0,0,0,1
0,0,21968,5,input,7027,0,0,0,0,-1
0,0,21969,5,input,7028,0,0,0,0,-1
0,0,21970,5,input,7030,0,0,0,0,-1
0,0,21971,5,input,7033,0,0,0,0,1
0,0,21972,5,input,7034,0,0,0,0,-1
0,0,21973,5,input,7039,0,0,0,0,-1
0,0,21974,5,input,7042,0,0,0,0,-1
0,0,21975,5,input,7043,0,0,0,0,1
0,0,21976,5,input,7057,0,0,0,0,-1
0,0,21977,5,input,7068,0,0,0,0,-1
0,0,21978,5,input,7069,0,0,0,0,-1
0,0,21979,5,input,7076,0,0,0,0,-1
0,0,21980,5,input,7083,0,0,0,0,1
0,0,21981,5,input,7084,0,0,0,0,-1
0,0,21982,5,input,7085,0,0,0,0,-1
0,0,21983,5,input,7087,0,0,0,0,-1
0,0,21984,5,input,7089,0,0,0,0,-1
0,0,21985,5,input,7092,0,0,0,0,-1
0,0,21986,5,input,7095,0,0,0,0,-1
0,0,21987,5,input,7096,0,0,0,0,-1
0,0,21988,5,input,7099,0,0,0,0,-1
0,0,21989,5,input,7100,0,0,0,0,-1
0,0,21990,5,input,7105,0,0,0,0,-1
0,0,21991,5,input,7107,0,0,0,0,-1
0,0,21992,5,input,7109,0,0,0,0,-1
0,0,21993,5,input,7110,0,0,0,0,1
0,0,21994,5,input,7117,0,0,0,0,1
0,0,21995,5,input,7124,0,0,0,0,-1
0,0,21996,5,input,7130,0,0,0,0,-1
0,0,21997,5,input,7134,0,0,0,0,-1
0,0,21998,5,input,7135,0,0,0,0,-1
0,0,21999,5,input,7142,0,0,0,0,1
0,0,22000,5,input,7153,0,0,0,0,-1
0,0,22001,5,input,7154,0,0,0,0,-1
0,0,22002,5,input,7155,0,0,0,0,-1
0,0,22003,5,input,7156,0,0,0,0,-1
0,0,22004,5,input,7158,0,0,0,0,-1
0,0,22005,5,input,7161,0,0,0,0,1
0,0,22006,5,input,7162,0,0,0,0,-1
0,0,22007,5,input,7167,0,0,0,0,-1
0,0,22008,5,input,7170,0,0,0,0,-1
0,0,22009,5,input,7171,0,0,0,0,1
0,0,22010,5,input,7175,0,0,0,0,-1
0,0,22011,5,input,7177,0,0,0,0,1
0,0,22012,5,input,7178,0,0,0,0,-1
0,0,22013,5,input,7180,0,0,0,0,-1
0,0,22014,5,input,7181,0,0,0,0,-1
0,0,22015,5,input,7185,0,0,0,0,-1
0,0,22016,5,input,7191,0,0,0,0,1
0,0,22017,5,input,7193,0,0,0,0,-1
0,0,22018,5,input,7202,0,0,0,0,-1
0,0,22019,5,input,7204,0,0,0,0,-1
0,0,22020,5,input,7205,0,0,0,0,1
0,0,22021,5,input,7206,0,0,0,0,1
0,0,22022,5,input,7211,0,0,0,0,1
0,0,22023,5,input,7212,0,0,0,0,-1
0,0,22024,5,input,7213,0,0,0,0,-1
0,0,22025,5,input,7217,0,0,0,0,-1
0,0,22026,5,input,7220,0,0,0,0,-1
0,0,22027,5,input,7223,0,0,0,0,-1
0,0,22028,5,input,7227,0,0,0,0,-1
0,0,22029,5,input,7228,0,0,0,0,-1
0,0,22030,5,input,7232,0,0,0,0,-1
0,0,22031,5,input,7235,0,0,0,0,-1
0,0,22032,5,input,7237,0,0,0,0,-1
0,0,22033,5,input,7238,0,0,0,0,1
0,0,22034,5,input,7244,0,0,0,0,-1
0,0,22035,5,input,7245,0,0,0,0,1
0,0,22036,5,input,7257,0,0,0,0,-1
0,0,22037,5,input,7258,0,0,0,0,-1
0,0,22038,5,input,7262,0,0,0,0,-1
0,0,22039,5,input,7267,0,0,0,0,-1
0,0,22040,5,input,7270,0,0,0,0,1
0,0,22041,5,input,7280,0,0,0,0,1
0,0,22042,5,input,7281,0,0,0,0,-1
0,0,22043,5,input,7282,0,0,0,0,-1
0,0,22044,5,input,7283,0,0,0,0,-1
0,0,22045,5,input,7284,0,0,0,0,-1
0,0,22046,5,input,7285,0,0,0,0,-1
0,0,22047,5,input,7289,0,0,0,0,1
0,0,22048,5,input,7290,0,0,0,0,-1
0,0,22049,5,input,7295,0,0,0,0,-1
0,0,22050,5,input,7296,0,0,0,0,-1
0,0,22051,5,input,7298,0,0,0,0,-1
0,0,22052,5,input,7301,0,0,0,0,-1
0,0,22053,5,input,7311,0,0,0,0,-1
0,0,22054,5,input,7316,0,0,0,0,-1
0,0,22055,5,input,7319,0,0,0,0,1
0,0,22056,5,input,7320,0,0,0,0,1
0,0,22057,5,input,7321,0,0,0,0,-1
0,0,22058,5,input,7330,0,0,0,0,-1
0,0,22059,5,input,7331,0,0,0,0,-1
0,0,22060,5,input,7332,0,0,0,0,-1
0,0,22061,5,input,7334,0,0,0,0,1
0,0,22062,5,input,7338,0,0,0,0,-1
0,0,22063,5,input,7339,0,0,0,0,1
0,0,22064,5,input,7340,0,0,0,0,-1
0,0,22065,5,input,7341,0,0,0,0,-1
0,0,22066,5,input,7345,0,0,0,0,-1
0,0,22067,5,input,7348,0,0,0,0,-1
0,0,22068,5,input,7351,0,0,0,0,-1
0,0,22069,5,input,7360,0,0,0,0,-1
0,0,22070,5,input,7363,0,0,0,0,-1
0,0,22071,5,input,7366,0,0,0,0,1
0,0,22072,5,input,7372,0,0,0,0,-1
0,0,22073,5,input,7373,0,0,0,0,1
0,0,22074,5,input,7378,0,0,0,0,-1
0,0,22075,5,input,7379,0,0,0,0,-1
0,0,22076,5,input,7384,0,0,0,0,1
0,0,22077,5,input,7385,0,0,0,0,-1
0,0,22078,5,input,7386,0,0,0,0,-1
0,0,22079,5,input,7390,0,0,0,0,-1
0,0,22080,5,input,7394,0,0,0,0,-1
0,0,22081,5,input,7395,0,0,0,0,-1
0,0,22082,5,input,7404,0,0,0,0,-1
0,0,22083,5,input,7406,0,0,0,0,-1
0,0,22084,5,input,7411,0,0,0,0,-1
0,0,22085,5,input,7412,0,0,0,0,-1
0,0,22086,5,input,7416,0,0,0,0,-1
0,0,22087,5,input,7421,0,0,0,0,1
0,0,22088,5,input,7422,0,0,0,0,-1
0,0,22089,5,input,7423,0,0,0,0,-1
0,0,22090,5,input,7427,0,0,0,0,1
0,0,22091,5,input,7431,0,0,0,0,-1
0,0,22092,5,input,7441,0,0,0,0,-1
0,0,22093,5,input,7447,0,0,0,0,1
0,0,22094,5,input,7452,0,0,0,0,-1
0,0,22095,5,input,7458,0,0,0,0,-1
0,0,22096,5,input,7459,0,0,0,0,-1
0,0,22097,5,input,7460,0,0,0,0,-1
0,0,22098,5,input,7466,0,0,0,0,-1
0,0,22099,5,input,7467,0,0,0,0,1
0,0,22100,5,input,7468,0,0,0,0,-1
0,0,22101,5,input,7469,0,0,0,0,-1
0,0,22102,5,input,7473,0,0,0,0,-1
0,0,22103,5,input,7476,0,0,0,0,-1
0,0,22104,5,input,7479,0,0,0,0,-1
0,0,22105,5,input,7491,0,0,0,0,-1
0,0,22106,5,input,7493,0,0,0,0,-1
0,0,22107,5,input,7494,0,0,0,0,1
0,0,22108,5,input,7501,0,0,0,0,1
0,0,22109,5,input,7504,0,0,0,0,-1
0,0,22110,5,input,7518,0,0,0,0,-1
0,0,22111,5,input,7523,0,0,0,0,-1
0,0,22112,5,input,7526,0,0,0,0,1
0,0,22113,5,input,7534,0,0,0,0,-1
0,0,22114,5,input,7540,0,0,0,0,-1
0,0,22115,5,input,7541,0,0,0,0,-1
0,0,22116,5,input,7544,0,0,0,0,-1
0,0,22117,5,input,7551,0,0,0,0,-1
0,0,22118,5,input,7558,0,0,0,0,-1
0,0,22119,5,input,7559,0,0,0,0,-1
0,0,22120,5,input,7562,0,0,0,0,-1
0,0,22121,5,input,7569,0,0,0,0,-1
0,0,22122,5,input,7575,0,0,0,0,1
0,0,22123,5,input,7580,0,0,0,0,-1
0,0,22124,5,input,7594,0,0,0,0,-1
0,0,22125,5,input,7595,0,0,0,0,1
0,0,22126,5,input,7596,0,0,0,0,-1
0,0,22127,5,input,7597,0,0,0,0,-1
0,0,22128,5,input,7601,0,0,0,0,-1
0,0,22129,5,input,7604,0,0,0,0,-1
0,0,22130,5,input,7607,0,0,0,0,-1
0,0,22131,5,input,7609,0,0,0,0,-1
0,0,22132,5,input,7611,0,0,0,0,-1
0,0,22133,5,input,7618,0,0,0,0,-1
0,0,22134,5,input,7619,0,0,0,0,-1
0,0,22135,5,input,7621,0,0,0,0,-1
0,0,22136,5,input,7622,0,0,0,0,1
0,0,22137,5,input,7629,0,0,0,0,1
0,0,22138,5,input,7632,0,0,0,0,-1
0,0,22139,5,input,7633,0,0,0,0,-1
0,0,22140,5,input,7646,0,0,0,0,-1
0,0,22141,5,input,7647,0,0,0,0,-1
0,0,22142,5,input,7654,0,0,0,0,1
0,0,22143,5,input,7655,0,0,0,0,-1
0,0,22144,5,input,7668,0,0,0,0,-1
0,0,22145,5,input,7674,0,0,0,0,-1
0,0,22146,5,input,7679,0,0,0,0,-1
0,0,22147,5,input,7686,0,0,0,0,-1
0,0,22148,5,input,7687,0,0,0,0,-1
0,0,22149,5,input,7688,0,0,0,0,-1
0,0,22150,5,input,7697,0,0,0,0,-1
0,0,22151,5,input,7700,0,0,0,0,-1
0,0,22152,5,input,7703,0,0,0,0,1
0,0,22153,5,input,7705,0,0,0,0,-1
0,0,22154,5,input,7723,0,0,0,0,1
0,0,22155,5,input,7724,0,0,0,0,-1
0,0,22156,5,input,7725,0,0,0,0,-1
0,0,22157,5,input,7729,0,0,0,0,-1
0,0,22158,5,input,7732,0,0,0,0,-1
0,0,22159,5,input,7735,0,0,0,0,-1
0,0,22160,5,input,7736,0,0,0,0,-1
0,0,22161,5,input,7747,0,0,0,0,-1
0,0,22162,5,input,7749,0,0,0,0,-1
0,0,22163,5,input,7750,0,0,0,0,1
0,0,22164,5,input,7751,0,0,0,0,-1
0,0,22165,5,input,7755,0,0,0,0,-1
0,0,22166,5,input,7757,0,0,0,0,1
0,0,22167,5,input,7774,0,0,0,0,-1
0,0,22168,5,input,7776,0,0,0,0,-1
0,0,22169,5,input,7782,0,0,0,0,1
0,0,22170,5,input,7783,0,0,0,0,-1
0,0,22171,5,input,7784,0,0,0,0,-1
0,0,22172,5,input,7788,0,0,0,0,-1
0,0,22173,5,input,7795,0,0,0,0,-1
0,0,22174,5,input,7796,0,0,0,0,-1
0,0,22175,5,input,7801,0,0,0,0,1
0,0,22176,5,input,7802,0,0,0,0,-1
0,0,22177,5,input,7807,0,0,0,0,-1
0,0,22178,5,input,7810,0,0,0,0,-1
0,0,22179,5,input,7811,0,0,0,0,1
0,0,22180,5,input,7815,0,0,0,0,-1
0,0,22181,5,input,7821,0,0,0,0,-1
0,0,22182,5,input,7825,0,0,0,0,-1
0,0,22183,5,input,7831,0,0,0,0,1
0,0,22184,5,input,7836,0,0,0,0,-1
0,0,22185,5,input,7844,0,0,0,0,-1
0,0,22186,5,input,7850,0,0,0,0,-1
0,0,22187,5,input,7851,0,0,0,0,1
0,0,22188,5,input,7852,0,0,0,0,-1
0,0,22189,5,input,7853,0,0,0,0,-1
0,0,22190,5,input,7857,0,0,0,0,-1
0,0,22191,5,input,7860,0,0,0,0,-1
0,0,22192,5,input,7863,0,0,0,0,-1
0,0,22193,5,input,7875,0,0,0,0,-1
0,0,22194,5,input,7878,0,0,0,0,1
0,0,22195,5,input,7883,0,0,0,0,-1
0,0,22196,5,input,7885,0,0,0,0,1
0,0,22197,5,input,7902,0,0,0,0,-1
0,0,22198,5,input,7907,0,0,0,0,-1
0,0,22199,5,input,7910,0,0,0,0,1
0,0,22200,5,input,7916,0,0,0,0,-1
0,0,22201,5,input,7922,0,0,0,0,-1
0,0,22202,5,input,7923,0,0,0,0,-1
0,0,22203,5,input,7924,0,0,0,0,-1
0,0,22204,5,input,7925,0,0,0,0,-1
0,0,22205,5,input,7929,0,0,0,0,1
0,0,22206,5,input,7930,0,0,0,0,-1
0,0,22207,5,input,7935,0,0,0,0,-1
0,0,22208,5,input,7938,0,0,0,0,-1
0,0,22209,5,input,7939,0,0,0,0,1
0,0,22210,5,input,7941,0,0,0,0,-1
0,0,22211,5,input,7944,0,0,0,0,-1
0,0,22212,5,input,7949,0,0,0,0,-1
0,0,22213,5,input,7953,0,0,0,0,-1
0,0,22214,5,input,7964,0,0,0,0,-1
0,0,22215,5,input,7965,0,0,0,0,-1
0,0,22216,5,input,7968,0,0,0,0,-1
0,0,22217,5,input,7972,0,0,0,0,-1
0,0,22218,5,input,7979,0,0,0,0,1
0,0,22219,5,input,7981,0,0,0,0,-1
0,0,22220,5,input,7983,0,0,0,0,-1
0,0,22221,5,input,7985,0,0,0,0,-1
0,0,22222,5,input,7988,0,0,0,0,-1
0,0,22223,5,input,7991,0,0,0,0,-1
0,0,22224,5,input,7992,0,0,0,0,-1
0,0,22225,5,input,7995,0,0,0,0,-1
0,0,22226,5,input,8003,0,0,0,0,-1
0,0,22227,5,input,8006,0,0,0,0,1
0,0,22228,5,input,8007,0,0,0,0,-1
0,0,22229,5,input,8012,0,0,0,0,-1
0,0,22230,5,input,8013,0,0,0,0,1
0,0,22231,5,input,8015,0,0,0,0,-1
0,0,22232,5,input,8017,0,0,0,0,-1
0,0,22233,5,input,8024,0,0,0,0,-1
0,0,22234,5,input,8030,0,0,0,0,-1
0,0,22235,5,input,8031,0,0,0,0,-1
0,0,22236,5,input,8044,0,0,0,0,-1
0,0,22237,5,input,8051,0,0,0,0,-1
0,0,22238,5,input,8052,0,0,0,0,-1
0,0,22239,5,input,8055,0,0,0,0,1
0,0,22240,5,input,8057,0,0,0,0,1
0,0,22241,5,input,8058,0,0,0,0,-1
0,0,22242,5,input,8060,0,0,0,0,-1
0,0,22243,5,input,8063,0,0,0,0,-1
0,0,22244,5,input,8066,0,0,0,0,-1
0,0,22245,5,input,8067,0,0,0,0,1
0,0,22246,5,input,8069,0,0,0,0,-1
0,0,22247,5,input,8071,0,0,0,0,-1
0,0,22248,5,input,8076,0,0,0,0,-1
0,0,22249,5,input,8077,0,0,0,0,-1
0,0,22250,5,input,8081,0,0,0,0,-1
0,0,22251,5,input,8084,0,0,0,0,-1
0,0,22252,5,input,8087,0,0,0,0,1
0,0,22253,5,input,8091,0,0,0,0,-1
0,0,22254,5,input,8092,0,0,0,0,-1
0,0,22255,5,input,8100,0,0,0,0,-1
0,0,22256,5,input,8106,0,0,0,0,-1
0,0,22257,5,input,8107,0,0,0,0,1
0,0,22258,5,input,8108,0,0,0,0,-1
0,0,22259,5,input,8109,0,0,0,0,-1
0,0,22260,5,input,8113,0,0,0,0,-1
0,0,22261,5,input,8116,0,0,0,0,-1
0,0,22262,5,input,8119,0,0,0,0,-1
0,0,22263,5,input,8123,0,0,0,0,-1
0,0,22264,5,input,8131,0,0,0,0,-1
0,0,22265,5,input,8133,0,0,0,0,-1
0,0,22266,5,input,8134,0,0,0,0,1
0,0,22267,5,input,8140,0,0,0,0,-1
0,0,22268,5,input,8141,0,0,0,0,1
0,0,22269,5,input,8145,0,0,0,0,-1
0,0,22270,5,input,8146,0,0,0,0,-1
0,0,22271,5,input,8148,0,0,0,0,-1
0,0,22272,5,input,8153,0,0,0,0,-1
0,0,22273,5,input,8154,0,0,0,0,-1
0,0,22274,5,input,8158,0,0,0,0,-1
0,0,22275,5,input,8159,0,0,0,0,-1
0,0,22276,5,input,8163,0,0,0,0,-1
0,0,22277,5,input,8166,0,0,0,0,1
0,0,22278,5,input,8172,0,0,0,0,-1
0,0,22279,5,input,8178,0,0,0,0,-1
0,0,22280,5,input,8179,0,0,0,0,-1
0,0,22281,5,input,8180,0,0,0,0,-1
0,0,22282,5,input,8181,0,0,0,0,-1
0,0,22283,5,input,8183,0,0,0,0,1
0,0,22284,5,input,8184,0,0,0,0,-1
0,0,22285,5,input,8185,0,0,0,0,1
0,0,22286,5,input,8186,0,0,0,0,-1
0,0,22287,5,input,8187,0,0,0,0,1
0,0,22288,5,input,8191,0,0,0,0,-1
0,0,22289,6,input,3,0,0,0,0,-1
0,0,22290,6,input,14,0,0,0,0,-1
0,0,22291,6,input,22,0,0,0,0,-1
0,0,22292,6,input,38,0,0,0,0,-1
0,0,22293,6,input,41,0,0,0,0,-1
0,0,22294,6,input,43,0,0,0,0,-1
0,0,22295,6,input,49,0,0,0,0,1
0,0,22296,6,input,53,0,0,0,0,-1
0,0,22297,6,input,55,0,0,0,0,1
0,0,22298,6,input,70,0,0,0,0,-1
0,0,22299,6,input,77,0,0,0,0,-1
0,0,22300,6,input,85,0,0,0,0,-1
0,0,22301,6,input,92,0,0,0,0,-1
0,0,22302,6,input,93,0,0,0,0,-1
0,0,22303,6,input,94,0,0,0,0,1
0,0,22304,6,input,102,0,0,0,0,-1
0,0,22305,6,input,109,0,0,0,0,-1
0,0,22306,6,input,112,0,0,0,0,-1
0,0,22307,6,input,116,0,0,0,0,1
0,0,22308,6,input,121,0,0,0,0,-1
0,0,22309,6,input,127,0,0,0,0,1
0,0,22310,6,input,131,0,0,0,0,-1
0,0,22311,6,input,142,0,0,0,0,-1
0,0,22312,6,input,146,0,0,0,0,-1
0,0,22313,6,input,150,0,0,0,0,-1
0,0,22314,6,input,166,0,0,0,0,-1
0,0,22315,6,input,169,0,0,0,0,-1
0,0,22316,6,input,171,0,0,0,0,-1
0,0,22317,6,input,177,0,0,0,0,1
0,0,22318,6,input,198,0,0,0,0,-1
0,0,22319,6,input,205,0,0,0,0,-1
0,0,22320,6,input,220,0,0,0,0,-1
0,0,22321,6,input,221,0,0,0,0,-1
0,0,22322,6,input,222,0,0,0,0,1
0,0,22323,6,input,230,0,0,0,0,-1
0,0,22324,6,input,237,0,0,0,0,-1
0,0,22325,6,input,240,0,0,0,0,-1
0,0,22326,6,input,244,0,0,0,0,1
0,0,22327,6,input,249,0,0,0,0,-1
0,0,22328,6,input,255,0,0,0,0,1
0,0,22329,6,input,259,0,0,0,0,-1
0,0,22330,6,input,265,0,0,0,0,-1
0,0,22331,6,input,270,0,0,0,0,-1
0,0,22332,6,input,278,0,0,0,0,-1
0,0,22333,6,input,286,0,0,0,0,-1
0,0,22334,6,input,294,0,0,0,0,-1
0,0,22335,6,input,299,0,0,0,0,-1
0,0,22336,6,input,304,0,0,0,0,-1
0,0,22337,6,input,326,0,0,0,0,-1
0,0,22338,6,input,333,0,0,0,0,-1
0,0,22339,6,input,344,0,0,0,0,-1
0,0,22340,6,input,348,0,0,0,0,-1
0,0,22341,6,input,349,0,0,0,0,-1
0,0,22342,6,input,353,0,0,0,0,-1
0,0,22343,6,input,358,0,0,0,0,-1
0,0,22344,6,input,365,0,0,0,0,-1
0,0,22345,6,input,368,0,0,0,0,-1
0,0,22346,6,input,372,0,0,0,0,1
0,0,22347,6,input,375,0,0,0,0,-1
0,0,22348,6,input,377,0,0,0,0,-1
0,0,22349,6,input,383,0,0,0,0,1
0,0,22350,6,input,387,0,0,0,0,-1
0,0,22351,6,input,393,0,0,0,0,-1
0,0,22352,6,input,398,0,0,0,0,-1
0,0,22353,6,input,402,0,0,0,0,-1
0,0,22354,6,input,406,0,0,0,0,-1
0,0,22355,6,input,422,0,0,0,0,-1
0,0,22356,6,input,425,0,0,0,0,-1
0,0,22357,6,input,427,0,0,0,0,-1
0,0,22358,6,input,433,0,0,0,0,1
0,0,22359,6,input,451,0,0,0,0,1
0,0,22360,6,input,454,0,0,0,0,-1
0,0,22361,6,input,461,0,0,0,0,-1
0,0,22362,6,input,465,0,0,0,0,-1
0,0,22363,6,input,476,0,0,0,0,-1
0,0,22364,6,input,477,0,0,0,0,-1
0,0,22365,6,input,478,0,0,0,0,1
0,0,22366,6,input,481,0,0,0,0,-1
0,0,22367,6,input,486,0,0,0,0,-1
0,0,22368,6,input,493,0,0,0,0,-1
0,0,22369,6,input,495,0,0,0,0,-1
0,0,22370,6,input,496,0,0,0,0,-1
0,0,22371,6,input,500,0,0,0,0,1
0,0,22372,6,input,505,0,0,0,0,-1
0,0,22373,6,input,511,0,0,0,0,1
0,0,22374,6,input,515,0,0,0,0,-1
0,0,22375,6,input,521,0,0,0,0,-1
0,0,22376,6,input,526,0,0,0,0,-1
0,0,22377,6,input,530,0,0,0,0,-1
0,0,22378,6,input,533,0,0,0,0,-1
0,0,22379,6,input,540,0,0,0,0,-1
0,0,22380,6,input,550,0,0,0,0,-1
0,0,22381,6,input,553,0,0,0,0,-1
0,0,22382,6,input,555,0,0,0,0,-1
0,0,22383,6,input,561,0,0,0,0,1
0,0,22384,6,input,582,0,0,0,0,-1
0,0,22385,6,input,589,0,0,0,0,-1
0,0,22386,6,input,593,0,0,0,0,-1
0,0,22387,6,input,604,0,0,0,0,-1
0,0,22388,6,input,605,0,0,0,0,-1
0,0,22389,6,input,609,0,0,0,0,-1
0,0,22390,6,input,614,0,0,0,0,-1
0,0,22391,6,input,621,0,0,0,0,-1
0,0,22392,6,input,624,0,0,0,0,-1
0,0,22393,6,input,628,0,0,0,0,1
0,0,22394,6,input,633,0,0,0,0,-1
0,0,22395,6,input,635,0,0,0,0,-1
0,0,22396,6,input,639,0,0,0,0,1
0,0,22397,6,input,643,0,0,0,0,-1
0,0,22398,6,input,649,0,0,0,0,-1
0,0,22399,6,input,663,0,0,0,0,1
0,0,22400,6,input,668,0,0,0,0,-1
0,0,22401,6,input,678,0,0,0,0,-1
0,0,22402,6,input,681,0,0,0,0,-1
0,0,22403,6,input,682,0,0,0,0,-1
0,0,22404,6,input,688,0,0,0,0,-1
0,0,22405,6,input,710,0,0,0,0,-1
0,0,22406,6,input,714,0,0,0,0,-1
0,0,22407,6,input,717,0,0,0,0,-1
0,0,22408,6,input,721,0,0,0,0,-1
0,0,22409,6,input,723,0,0,0,0,-1
0,0,22410,6,input,732,0,0,0,0,-1
0,0,22411,6,input,733,0,0,0,0,-1
0,0,22412,6,input,751,0,0,0,0,-1
0,0,22413,6,input,752,0,0,0,0,-1
0,0,22414,6,input,756,0,0,0,0,1
0,0,22415,6,input,758,0,0,0,0,-1
0,0,22416,6,input,761,0,0,0,0,-1
0,0,22417,6,input,763,0,0,0,0,-1
0,0,22418,6,input,765,0,0,0,0,-1
0,0,22419,6,input,771,0,0,0,0,-1
0,0,22420,6,input,777,0,0,0,0,-1
0,0,22421,6,input,782,0,0,0,0,-1
0,0,22422,6,input,786,0,0,0,0,-1
0,0,22423,6,input,806,0,0,0,0,-1
0,0,22424,6,input,809,0,0,0,0,-1
0,0,22425,6,input,811,0,0,0,0,-1
0,0,22426,6,input,816,0,0,0,0,-1
0,0,22427,6,input,838,0,0,0,0,-1
0,0,22428,6,input,845,0,0,0,0,-1
0,0,22429,6,input,860,0,0,0,0,-1
0,0,22430,6,input,861,0,0,0,0,-1
0,0,22431,6,input,877,0,0,0,0,-1
0,0,22432,6,input,880,0,0,0,0,-1
0,0,22433,6,input,884,0,0,0,0,1
0,0,22434,6,input,889,0,0,0,0,-1
0,0,22435,6,input,893,0,0,0,0,-1
0,0,22436,6,input,899,0,0,0,0,-1
0,0,22437,6,input,905,0,0,0,0,-1
0,0,22438,6,input,909,0,0,0,0,-1
0,0,22439,6,input,910,0,0,0,0,-1
0,0,22440,6,input,917,0,0,0,0,-1
0,0,22441,6,input,919,0,0,0,0,1
0,0,22442,6,input,924,0,0,0,0,-1
0,0,22443,6,input,934,0,0,0,0,-1
0,0,22444,6,input,939,0,0,0,0,-1
0,0,22445,6,input,944,0,0,0,0,-1
0,0,22446,6,input,966,0,0,0,0,-1
0,0,22447,6,input,973,0,0,0,0,-1
0,0,22448,6,input,981,0,0,0,0,-1
0,0,22449,6,input,988,0,0,0,0,-1
0,0,22450,6,input,1005,0,0,0,0,-1
0,0,22451,6,input,1008,0,0,0,0,-1
0,0,22452,6,input,1012,0,0,0,0,1
0,0,22453,6,input,1017,0,0,0,0,-1
0,0,22454,6,input,1021,0,0,0,0,-1
0,0,22455,6,input,1023,0,0,0,0,1
0,0,22456,6,input,1027,0,0,0,0,-1
0,0,22457,6,input,1038,0,0,0,0,-1
0,0,22458,6,input,1047,0,0,0,0,1
0,0,22459,6,input,1054,0,0,0,0,-1
0,0,22460,6,input,1059,0,0,0,0,-1
0,0,22461,6,input,1062,0,0,0,0,-1
0,0,22462,6,input,1065,0,0,0,0,-1
0,0,22463,6,input,1067,0,0,0,0,-1
0,0,22464,6,input,1084,0,0,0,0,-1
0,0,22465,6,input,1085,0,0,0,0,-1
0,0,22466,6,input,1088,0,0,0,0,-1
0,0,22467,6,input,1090,0,0,0,0,-1
0,0,22468,6,input,1094,0,0,0,0,-1
0,0,22469,6,input,1095,0,0,0,0,1
0,0,22470,6,input,1098,0,0,0,0,-1
0,0,22471,6,input,1101,0,0,0,0,-1
0,0,22472,6,input,1107,0,0,0,0,-1
0,0,22473,6,input,1111,0,0,0,0,-1
0,0,22474,6,input,1113,0,0,0,0,-1
0,0,22475,6,input,1115,0,0,0,0,-1
0,0,22476,6,input,1116,0,0,0,0,-1
0,0,22477,6,input,1117,0,0,0,0,-1
0,0,22478,6,input,1133,0,0,0,0,-1
0,0,22479,6,input,1136,0,0,0,0,-1
0,0,22480,6,input,1140,0,0,0,0,1
0,0,22481,6,input,1141,0,0,0,0,-1
0,0,22482,6,input,1145,0,0,0,0,-1
0,0,22483,6,input,1147,0,0,0,0,-1
0,0,22484,6,input,1155,0,0,0,0,-1
0,0,22485,6,input,1166,0,0,0,0,-1
0,0,22486,6,input,1170,0,0,0,0,-1
0,0,22487,6,input,1190,0,0,0,0,-1
0,0,22488,6,input,1193,0,0,0,0,-1
0,0,22489,6,input,1195,0,0,0,0,-1
0,0,22490,6,input,1201,0,0,0,0,1
0,0,22491,6,input,1222,0,0,0,0,-1
0,0,22492,6,input,1229,0,0,0,0,-1
0,0,22493,6,input,1244,0,0,0,0,-1
0,0,22494,6,input,1245,0,0,0,0,-1
0,0,22495,6,input,1254,0,0,0,0,-1
0,0,22496,6,input,1261,0,0,0,0,-1
0,0,22497,6,input,1264,0,0,0,0,-1
0,0,22498,6,input,1268,0,0,0,0,1
0,0,22499,6,input,1273,0,0,0,0,-1
0,0,22500,6,input,1275,0,0,0,0,-1
0,0,22501,6,input,1279,0,0,0,0,1
0,0,22502,6,input,1280,0,0,0,0,-1
0,0,22503,6,input,1283,0,0,0,0,-1
0,0,22504,6,input,1289,0,0,0,0,-1
0,0,22505,6,input,1296,0,0,0,0,-1
0,0,22506,6,input,1297,0,0,0,0,1
0,0,22507,6,input,1298,0,0,0,0,-1
0,0,22508,6,input,1299,0,0,0,0,-1
0,0,22509,6,input,1301,0,0,0,0,-1
0,0,22510,6,input,1305,0,0,0,0,-1
0,0,22511,6,input,1321,0,0,0,0,-1
0,0,22512,6,input,1323,0,0,0,0,-1
0,0,22513,6,input,1329,0,0,0,0,1
0,0,22514,6,input,1343,0,0,0,0,-1
0,0,22515,6,input,1350,0,0,0,0,-1
0,0,22516,6,input,1357,0,0,0,0,-1
0,0,22517,6,input,1361,0,0,0,0,-1
0,0,22518,6,input,1362,0,0,0,0,-1
0,0,22519,6,input,1363,0,0,0,0,-1
0,0,22520,6,input,1373,0,0,0,0,-1
0,0,22521,6,input,1382,0,0,0,0,-1
0,0,22522,6,input,1389,0,0,0,0,-1
0,0,22523,6,input,1392,0,0,0,0,-1
0,0,22524,6,input,1396,0,0,0,0,1
0,0,22525,6,input,1399,0,0,0,0,-1
0,0,22526,6,input,1401,0,0,0,0,-1
0,0,22527,6,input,1403,0,0,0,0,-1
0,0,22528,6,input,1407,0,0,0,0,1
0,0,22529,6,input,1408,0,0,0,0,-1
0,0,22530,6,input,1418,0,0,0,0,-1
0,0,22531,6,input,1420,0,0,0,0,-1
0,0,22532,6,input,1429,0,0,0,0,-1
0,0,22533,6,input,1436,0,0,0,0,-1
0,0,22534,6,input,1446,0,0,0,0,-1
0,0,22535,6,input,1448,0,0,0,0,-1
0,0,22536,6,input,1456,0,0,0,0,-1
0,0,22537,6,input,1478,0,0,0,0,-1
0,0,22538,6,input,1485,0,0,0,0,-1
0,0,22539,6,input,1497,0,0,0,0,-1
0,0,22540,6,input,1505,0,0,0,0,-1
0,0,22541,6,input,1517,0,0,0,0,-1
0,0,22542,6,input,1518,0,0,0,0,-1
0,0,22543,6,input,1520,0,0,0,0,-1
0,0,22544,6,input,1524,0,0,0,0,1
0,0,22545,6,input,1527,0,0,0,0,-1
0,0,22546,6,input,1531,0,0,0,0,-1
0,0,22547,6,input,1552,0,0,0,0,-1
0,0,22548,6,input,1559,0,0,0,0,1
0,0,22549,6,input,1573,0,0,0,0,-1
0,0,22550,6,input,1607,0,0,0,0,-1
0,0,22551,6,input,1617,0,0,0,0,-1
0,0,22552,6,input,1618,0,0,0,0,-1
0,0,22553,6,input,1633,0,0,0,0,-1
0,0,22554,6,input,1635,0,0,0,0,-1
0,0,22555,6,input,1644,0,0,0,0,-1
0,0,22556,6,input,1659,0,0,0,0,-1
0,0,22557,6,input,1718,0,0,0,0,-1
0,0,22558,6,input,1727,0,0,0,0,-1
0,0,22559,6,input,1737,0,0,0,0,-1
0,0,22560,6,input,1781,0,0,0,0,-1
0,0,22561,6,input,1804,0,0,0,0,-1
0,0,22562,6,input,1815,0,0,0,0,1
0,0,22563,6,input,1830,0,0,0,0,-1
0,0,22564,6,input,1881,0,0,0,0,-1
0,0,22565,6,input,1884,0,0,0,0,-1
0,0,22566,6,input,1907,0,0,0,0,-1
0,0,22567,6,input,1909,0,0,0,0,-1
0,0,22568,6,input,1917,0,0,0,0,-1
0,0,22569,6,input,1918,0,0,0,0,-1
0,0,22570,6,input,1923,0,0,0,0,-1
0,0,22571,6,input,1934,0,0,0,0,-1
0,0,22572,6,input,1958,0,0,0,0,-1
0,0,22573,6,input,1963,0,0,0,0,-1
0,0,22574,6,input,1968,0,0,0,0,-1
0,0,22575,6,input,1974,0,0,0,0,-1
0,0,22576,6,input,1989,0,0,0,0,-1
0,0,22577,6,input,1990,0,0,0,0,-1
0,0,22578,6,input,1997,0,0,0,0,-1
0,0,22579,6,input,2005,0,0,0,0,-1
0,0,22580,6,input,2012,0,0,0,0,-1
0,0,22581,6,input,2013,0,0,0,0,-1
0,0,22582,6,input,2029,0,0,0,0,-1
0,0,22583,6,input,2032,0,0,0,0,-1
0,0,22584,6,input,2036,0,0,0,0,1
0,0,22585,6,input,2041,0,0,0,0,-1
0,0,22586,6,input,2045,0,0,0,0,-1
0,0,22587,6,input,2060,0,0,0,0,-1
0,0,22588,6,input,2068,0,0,0,0,-1
0,0,22589,6,input,2074,0,0,0,0,1
0,0,22590,6,input,2075,0,0,0,0,-1
0,0,22591,6,input,2088,0,0,0,0,1
0,0,22592,6,input,2090,0,0,0,0,1
0,0,22593,6,input,2094,0,0,0,0,1
0,0,22594,6,input,2099,0,0,0,0,-1
0,0,22595,6,input,2101,0,0,0,0,-1
0,0,22596,6,input,2104,0,0,0,0,-1
0,0,22597,6,input,2111,0,0,0,0,-1
0,0,22598,6,input,2113,0,0,0,0,1
0,0,22599,6,input,2130,0,0,0,0,-1
0,0,22600,6,input,2133,0,0,0,0,-1
0,0,22601,6,input,2136,0,0,0,0,-1
0,0,22602,6,input,2138,0,0,0,0,-1
0,0,22603,6,input,2147,0,0,0,0,-1
0,0,22604,6,input,2152,0,0,0,0,-1
0,0,22605,6,input,2159,0,0,0,0,-1
0,0,22606,6,input,2162,0,0,0,0,-1
0,0,22607,6,input,2165,0,0,0,0,-1
0,0,22608,6,input,2168,0,0,0,0,-1
0,0,22609,6,input,2174,0,0,0,0,1
0,0,22610,6,input,2179,0,0,0,0,-1
0,0,22611,6,input,2185,0,0,0,0,-1
0,0,22612,6,input,2188,0,0,0,0,-1
0,0,22613,6,input,2190,0,0,0,0,-1
0,0,22614,6,input,2194,0,0,0,0,-1
0,0,22615,6,input,2197,0,0,0,0,-1
0,0,22616,6,input,2214,0,0,0,0,-1
0,0,22617,6,input,2217,0,0,0,0,-1
0,0,22618,6,input,2219,0,0,0,0,-1
0,0,22619,6,input,2225,0,0,0,0,1
0,0,22620,6,input,2229,0,0,0,0,-1
0,0,22621,6,input,2246,0,0,0,0,-1
0,0,22622,6,input,2253,0,0,0,0,-1
0,0,22623,6,input,2265,0,0,0,0,-1
0,0,22624,6,input,2278,0,0,0,0,-1
0,0,22625,6,input,2285,0,0,0,0,-1
0,0,22626,6,input,2287,0,0,0,0,-1
0,0,22627,6,input,2288,0,0,0,0,-1
0,0,22628,6,input,2292,0,0,0,0,1
0,0,22629,6,input,2293,0,0,0,0,-1
0,0,22630,6,input,2295,0,0,0,0,-1
0,0,22631,6,input,2297,0,0,0,0,-1
0,0,22632,6,input,2303,0,0,0,0,1
0,0,22633,6,input,2304,0,0,0,0,1
0,0,22634,6,input,2307,0,0,0,0,-1
0,0,22635,6,input,2312,0,0,0,0,-1
0,0,22636,6,input,2316,0,0,0,0,-1
0,0,22637,6,input,2320,0,0,0,0,1
0,0,22638,6,input,2323,0,0,0,0,-1
0,0,22639,6,input,2324,0,0,0,0,-1
0,0,22640,6,input,2327,0,0,0,0,-1
0,0,22641,6,input,2329,0,0,0,0,-1
0,0,22642,6,input,2330,0,0,0,0,-1
0,0,22643,6,input,2333,0,0,0,0,-1
0,0,22644,6,input,2342,0,0,0,0,-1
0,0,22645,6,input,2351,0,0,0,0,-1
0,0,22646,6,input,2354,0,0,0,0,-1
0,0,22647,6,input,2355,0,0,0,0,-1
0,0,22648,6,input,2365,0,0,0,0,1
0,0,22649,6,input,2371,0,0,0,0,-1
0,0,22650,6,input,2374,0,0,0,0,-1
0,0,22651,6,input,2392,0,0,0,0,-1
0,0,22652,6,input,2393,0,0,0,0,-1
0,0,22653,6,input,2399,0,0,0,0,-1
0,0,22654,6,input,2401,0,0,0,0,-1
0,0,22655,6,input,2403,0,0,0,0,1
0,0,22656,6,input,2405,0,0,0,0,1
0,0,22657,6,input,2406,0,0,0,0,-1
0,0,22658,6,input,2414,0,0,0,0,1
0,0,22659,6,input,2418,0,0,0,0,1
0,0,22660,6,input,2420,0,0,0,0,1
0,0,22661,6,input,2442,0,0,0,0,-1
0,0,22662,6,input,2444,0,0,0,0,-1
0,0,22663,6,input,2448,0,0,0,0,1
0,0,22664,6,input,2479,0,0,0,0,-1
0,0,22665,6,input,2521,0,0,0,0,-1
0,0,22666,6,input,2529,0,0,0,0,-1
0,0,22667,6,input,2583,0,0,0,0,1
0,0,22668,6,input,2591,0,0,0,0,-1
0,0,22669,6,input,2614,0,0,0,0,-1
0,0,22670,6,input,2623,0,0,0,0,-1
0,0,22671,6,input,2651,0,0,0,0,-1
0,0,22672,6,input,2657,0,0,0,0,-1
0,0,22673,6,input,2659,0,0,0,0,-1
0,0,22674,6,input,2663,0,0,0,0,-1
0,0,22675,6,input,2666,0,0,0,0,-1
0,0,22676,6,input,2668,0,0,0,0,-1
0,0,22677,6,input,2673,0,0,0,0,-1
0,0,22678,6,input,2680,0,0,0,0,-1
0,0,22679,6,input,2683,0,0,0,0,-1
0,0,22680,6,input,2696,0,0,0,0,-1
0,0,22681,6,input,2697,0,0,0,0,-1
0,0,22682,6,input,2700,0,0,0,0,-1
0,0,22683,6,input,2704,0,0,0,0,1
0,0,22684,6,input,2709,0,0,0,0,-1
0,0,22685,6,input,2714,0,0,0,0,-1
0,0,22686,6,input,2716,0,0,0,0,-1
0,0,22687,6,input,2725,0,0,0,0,-1
0,0,22688,6,input,2729,0,0,0,0,-1
0,0,22689,6,input,2734,0,0,0,0,1
0,0,22690,6,input,2735,0,0,0,0,-1
0,0,22691,6,input,2746,0,0,0,0,-1
0,0,22692,6,input,2761,0,0,0,0,-1
0,0,22693,6,input,2776,0,0,0,0,-1
0,0,22694,6,input,2777,0,0,0,0,-1
0,0,22695,6,input,2785,0,0,0,0,-1
0,0,22696,6,input,2805,0,0,0,0,-1
0,0,22697,6,input,2839,0,0,0,0,1
0,0,22698,6,input,2941,0,0,0,0,-1
0,0,22699,6,input,2944,0,0,0,0,-1
0,0,22700,6,input,2956,0,0,0,0,1
0,0,22701,6,input,2960,0,0,0,0,-1
0,0,22702,6,input,2962,0,0,0,0,-1
0,0,22703,6,input,2967,0,0,0,0,1
0,0,22704,6,input,2981,0,0,0,0,-1
0,0,22705,6,input,2982,0,0,0,0,-1
0,0,22706,6,input,2998,0,0,0,0,-1
0,0,22707,6,input,3006,0,0,0,0,-1
0,0,22708,6,input,3021,0,0,0,0,-1
0,0,22709,6,input,3027,0,0,0,0,-1
0,0,22710,6,input,3031,0,0,0,0,-1
0,0,22711,6,input,3035,0,0,0,0,-1
0,0,22712,6,input,3036,0,0,0,0,-1
0,0,22713,6,input,3043,0,0,0,0,-1
0,0,22714,6,input,3052,0,0,0,0,-1
0,0,22715,6,input,3053,0,0,0,0,-1
0,0,22716,6,input,3056,0,0,0,0,-1
0,0,22717,6,input,3059,0,0,0,0,-1
0,0,22718,6,input,3065,0,0,0,0,-1
0,0,22719,6,input,3067,0,0,0,0,-1
0,0,22720,6,input,3069,0,0,0,0,-1
0,0,22721,6,input,3070,0,0,0,0,-1
0,0,22722,6,input,3076,0,0,0,0,-1
0,0,22723,6,input,3095,0,0,0,0,-1
0,0,22724,6,input,3097,0,0,0,0,-1
0,0,22725,6,input,3098,0,0,0,0,1
0,0,22726,6,input,3100,0,0,0,0,-1
0,0,22727,6,input,3101,0,0,0,0,1
0,0,22728,6,input,3103,0,0,0,0,1
0,0,22729,6,input,3119,0,0,0,0,1
0,0,22730,6,input,3125,0,0,0,0,-1
0,0,22731,6,input,3128,0,0,0,0,-1
0,0,22732,6,input,3137,0,0,0,0,1
0,0,22733,6,input,3143,0,0,0,0,-1
0,0,22734,6,input,3145,0,0,0,0,-1
0,0,22735,6,input,3148,0,0,0,0,-1
0,0,22736,6,input,3149,0,0,0,0,1
0,0,22737,6,input,3152,0,0,0,0,1
0,0,22738,6,input,3154,0,0,0,0,-1
0,0,22739,6,input,3157,0,0,0,0,-1
0,0,22740,6,input,3159,0,0,0,0,-1
0,0,22741,6,input,3162,0,0,0,0,-1
0,0,22742,6,input,3166,0,0,0,0,-1
0,0,22743,6,input,3170,0,0,0,0,-1
0,0,22744,6,input,3171,0,0,0,0,-1
0,0,22745,6,input,3179,0,0,0,0,1
0,0,22746,6,input,3183,0,0,0,0,-1
0,0,22747,6,input,3186,0,0,0,0,-1
0,0,22748,6,input,3189,0,0,0,0,-1
0,0,22749,6,input,3197,0,0,0,0,1
0,0,22750,6,input,3203,0,0,0,0,-1
0,0,22751,6,input,3209,0,0,0,0,-1
0,0,22752,6,input,3218,0,0,0,0,-1
0,0,22753,6,input,3238,0,0,0,0,-1
0,0,22754,6,input,3241,0,0,0,0,-1
0,0,22755,6,input,3249,0,0,0,0,1
0,0,22756,6,input,3270,0,0,0,0,-1
0,0,22757,6,input,3274,0,0,0,0,-1
0,0,22758,6,input,3277,0,0,0,0,-1
0,0,22759,6,input,3285,0,0,0,0,-1
0,0,22760,6,input,3300,0,0,0,0,-1
0,0,22761,6,input,3311,0,0,0,0,-1
0,0,22762,6,input,3312,0,0,0,0,-1
0,0,22763,6,input,3316,0,0,0,0,1
0,0,22764,6,input,3317,0,0,0,0,-1
0,0,22765,6,input,3319,0,0,0,0,-1
0,0,22766,6,input,3331,0,0,0,0,-1
0,0,22767,6,input,3334,0,0,0,0,-1
0,0,22768,6,input,3340,0,0,0,0,1
0,0,22769,6,input,3344,0,0,0,0,-1
0,0,22770,6,input,3345,0,0,0,0,-1
0,0,22771,6,input,3352,0,0,0,0,-1
0,0,22772,6,input,3358,0,0,0,0,-1
0,0,22773,6,input,3359,0,0,0,0,-1
0,0,22774,6,input,3360,0,0,0,0,-1
0,0,22775,6,input,3371,0,0,0,0,-1
0,0,22776,6,input,3374,0,0,0,0,-1
0,0,22777,6,input,3389,0,0,0,0,-1
0,0,22778,6,input,3398,0,0,0,0,-1
0,0,22779,6,input,3399,0,0,0,0,-1
0,0,22780,6,input,3413,0,0,0,0,-1
0,0,22781,6,input,3417,0,0,0,0,1
0,0,22782,6,input,3419,0,0,0,0,-1
0,0,22783,6,input,3426,0,0,0,0,1
0,0,22784,6,input,3427,0,0,0,0,-1
0,0,22785,6,input,3432,0,0,0,0,-1
0,0,22786,6,input,3441,0,0,0,0,-1
0,0,22787,6,input,3444,0,0,0,0,1
0,0,22788,6,input,3445,0,0,0,0,1
0,0,22789,6,input,3448,0,0,0,0,-1
0,0,22790,6,input,3459,0,0,0,0,-1
0,0,22791,6,input,3465,0,0,0,0,-1
0,0,22792,6,input,3466,0,0,0,0,-1
0,0,22793,6,input,3468,0,0,0,0,-1
0,0,22794,6,input,3472,0,0,0,0,1
0,0,22795,6,input,3473,0,0,0,0,-1
0,0,22796,6,input,3479,0,0,0,0,-1
0,0,22797,6,input,3482,0,0,0,0,-1
0,0,22798,6,input,3497,0,0,0,0,-1
0,0,22799,6,input,3513,0,0,0,0,-1
0,0,22800,6,input,3514,0,0,0,0,-1
0,0,22801,6,input,3527,0,0,0,0,1
0,0,22802,6,input,3530,0,0,0,0,-1
0,0,22803,6,input,3542,0,0,0,0,-1
0,0,22804,6,input,3545,0,0,0,0,-1
0,0,22805,6,input,3547,0,0,0,0,-1
0,0,22806,6,input,3553,0,0,0,0,-1
0,0,22807,6,input,3563,0,0,0,0,1
0,0,22808,6,input,3567,0,0,0,0,-1
0,0,22809,6,input,3569,0,0,0,0,-1
0,0,22810,6,input,3573,0,0,0,0,-1
0,0,22811,6,input,3576,0,0,0,0,-1
0,0,22812,6,input,3587,0,0,0,0,-1
0,0,22813,6,input,3600,0,0,0,0,-1
0,0,22814,6,input,3603,0,0,0,0,-1
0,0,22815,6,input,3607,0,0,0,0,1
0,0,22816,6,input,3611,0,0,0,0,-1
0,0,22817,6,input,3635,0,0,0,0,-1
0,0,22818,6,input,3637,0,0,0,0,-1
0,0,22819,6,input,3647,0,0,0,0,-1
0,0,22820,6,input,3665,0,0,0,0,-1
0,0,22821,6,input,3666,0,0,0,0,-1
0,0,22822,6,input,3668,0,0,0,0,-1
0,0,22823,6,input,3674,0,0,0,0,-1
0,0,22824,6,input,3681,0,0,0,0,-1
0,0,22825,6,input,3683,0,0,0,0,-1
0,0,22826,6,input,3688,0,0,0,0,-1
0,0,22827,6,input,3690,0,0,0,0,-1
0,0,22828,6,input,3697,0,0,0,0,-1
0,0,22829,6,input,3704,0,0,0,0,-1
0,0,22830,6,input,3722,0,0,0,0,-1
0,0,22831,6,input,3724,0,0,0,0,-1
0,0,22832,6,input,3728,0,0,0,0,1
0,0,22833,6,input,3733,0,0,0,0,-1
0,0,22834,6,input,3770,0,0,0,0,-1
0,0,22835,6,input,3785,0,0,0,0,-1
0,0,22836,6,input,3801,0,0,0,0,-1
0,0,22837,6,input,3809,0,0,0,0,-1
0,0,22838,6,input,3829,0,0,0,0,-1
0,0,22839,6,input,3863,0,0,0,0,1
0,0,22840,6,input,3948,0,0,0,0,-1
0,0,22841,6,input,3970,0,0,0,0,-1
0,0,22842,6,input,3980,0,0,0,0,-1
0,0,22843,6,input,3981,0,0,0,0,-1
0,0,22844,6,input,3982,0,0,0,0,-1
0,0,22845,6,input,3991,0,0,0,0,1
0,0,22846,6,input,4006,0,0,0,0,-1
0,0,22847,6,input,4036,0,0,0,0,-1
0,0,22848,6,input,4037,0,0,0,0,-1
0,0,22849,6,input,4047,0,0,0,0,-1
0,0,22850,6,input,4053,0,0,0,0,-1
0,0,22851,6,input,4055,0,0,0,0,-1
0,0,22852,6,input,4060,0,0,0,0,-1
0,0,22853,6,input,4068,0,0,0,0,-1
0,0,22854,6,input,4076,0,0,0,0,-1
0,0,22855,6,input,4080,0,0,0,0,-1
0,0,22856,6,input,4093,0,0,0,0,-1
0,0,22857,6,input,4119,0,0,0,0,-1
0,0,22858,6,input,4121,0,0,0,0,-1
0,0,22859,6,input,4147,0,0,0,0,-1
0,0,22860,6,input,4149,0,0,0,0,-1
0,0,22861,6,input,4173,0,0,0,0,1
0,0,22862,6,input,4176,0,0,0,0,1
0,0,22863,6,input,4178,0,0,0,0,-1
0,0,22864,6,input,4186,0,0,0,0,-1
0,0,22865,6,input,4190,0,0,0,0,-1
0,0,22866,6,input,4203,0,0,0,0,1
0,0,22867,6,input,4213,0,0,0,0,-1
0,0,22868,6,input,4217,0,0,0,0,1
0,0,22869,6,input,4270,0,0,0,0,1
0,0,22870,6,input,4277,0,0,0,0,-1
0,0,22871,6,input,4306,0,0,0,0,-1
0,0,22872,6,input,4311,0,0,0,0,-1
0,0,22873,6,input,4313,0,0,0,0,-1
0,0,22874,6,input,4314,0,0,0,0,-1
0,0,22875,6,input,4318,0,0,0,0,-1
0,0,22876,6,input,4323,0,0,0,0,-1
0,0,22877,6,input,4335,0,0,0,0,-1
0,0,22878,6,input,4338,0,0,0,0,-1
0,0,22879,6,input,4341,0,0,0,0,-1
0,0,22880,6,input,4347,0,0,0,0,-1
0,0,22881,6,input,4352,0,0,0,0,-1
0,0,22882,6,input,4363,0,0,0,0,-1
0,0,22883,6,input,4367,0,0,0,0,-1
0,0,22884,6,input,4373,0,0,0,0,-1
0,0,22885,6,input,4377,0,0,0,0,-1
0,0,22886,6,input,4379,0,0,0,0,1
0,0,22887,6,input,4392,0,0,0,0,-1
0,0,22888,6,input,4393,0,0,0,0,-1
0,0,22889,6,input,4420,0,0,0,0,-1
0,0,22890,6,input,4435,0,0,0,0,-1
0,0,22891,6,input,4439,0,0,0,0,-1
0,0,22892,6,input,4441,0,0,0,0,-1
0,0,22893,6,input,4469,0,0,0,0,-1
0,0,22894,6,input,4471,0,0,0,0,-1
0,0,22895,6,input,4478,0,0,0,0,-1
0,0,22896,6,input,4486,0,0,0,0,-1
0,0,22897,6,input,4533,0,0,0,0,-1
0,0,22898,6,input,4538,0,0,0,0,-1
0,0,22899,6,input,4565,0,0,0,0,-1
0,0,22900,6,input,4579,0,0,0,0,-1
0,0,22901,6,input,4599,0,0,0,0,-1
0,0,22902,6,input,4600,0,0,0,0,-1
0,0,22903,6,input,4613,0,0,0,0,-1
0,0,22904,6,input,4617,0,0,0,0,-1
0,0,22905,6,input,4640,0,0,0,0,-1
0,0,22906,6,input,4645,0,0,0,0,-1
0,0,22907,6,input,4649,0,0,0,0,-1
0,0,22908,6,input,4679,0,0,0,0,-1
0,0,22909,6,input,4727,0,0,0,0,-1
0,0,22910,6,input,4728,0,0,0,0,-1
0,0,22911,6,input,4742,0,0,0,0,-1
0,0,22912,6,input,4745,0,0,0,0,-1
0,0,22913,6,input,4762,0,0,0,0,-1
0,0,22914,6,input,4764,0,0,0,0,-1
0,0,22915,6,input,4767,0,0,0,0,-1
0,0,22916,6,input,4776,0,0,0,0,-1
0,0,22917,6,input,4777,0,0,0,0,-1
0,0,22918,6,input,4778,0,0,0,0,-1
0,0,22919,6,input,4793,0,0,0,0,-1
0,0,22920,6,input,4801,0,0,0,0,-1
0,0,22921,6,input,4807,0,0,0,0,1
0,0,22922,6,input,4810,0,0,0,0,-1
0,0,22923,6,input,4816,0,0,0,0,-1
0,0,22924,6,input,4820,0,0,0,0,-1
0,0,22925,6,input,4822,0,0,0,0,-1
0,0,22926,6,input,4824,0,0,0,0,1
0,0,22927,6,input,4846,0,0,0,0,-1
0,0,22928,6,input,4849,0,0,0,0,-1
0,0,22929,6,input,4864,0,0,0,0,-1
0,0,22930,6,input,4880,0,0,0,0,-1
0,0,22931,6,input,4887,0,0,0,0,1
0,0,22932,6,input,4903,0,0,0,0,-1
0,0,22933,6,input,4933,0,0,0,0,-1
0,0,22934,6,input,4949,0,0,0,0,-1
0,0,22935,6,input,4955,0,0,0,0,-1
0,0,22936,6,input,4963,0,0,0,0,-1
0,0,22937,6,input,4970,0,0,0,0,-1
0,0,22938,6,input,4972,0,0,0,0,-1
0,0,22939,6,input,4974,0,0,0,0,-1
0,0,22940,6,input,4994,0,0,0,0,-1
0,0,22941,6,input,4995,0,0,0,0,-1
0,0,22942,6,input,5006,0,0,0,0,-1
0,0,22943,6,input,5030,0,0,0,0,-1
0,0,22944,6,input,5035,0,0,0,0,-1
0,0,22945,6,input,5060,0,0,0,0,-1
0,0,22946,6,input,5062,0,0,0,0,-1
0,0,22947,6,input,5069,0,0,0,0,-1
0,0,22948,6,input,5084,0,0,0,0,-1
0,0,22949,6,input,5086,0,0,0,0,1
0,0,22950,6,input,5104,0,0,0,0,-1
0,0,22951,6,input,5108,0,0,0,0,1
0,0,22952,6,input,5113,0,0,0,0,-1
0,0,22953,6,input,5117,0,0,0,0,-1
0,0,22954,6,input,5118,0,0,0,0,-1
0,0,22955,6,input,5125,0,0,0,0,-1
0,0,22956,6,input,5128,0,0,0,0,-1
0,0,22957,6,input,5137,0,0,0,0,-1
0,0,22958,6,input,5140,0,0,0,0,-1
0,0,22959,6,input,5143,0,0,0,0,-1
0,0,22960,6,input,5146,0,0,0,0,-1
0,0,22961,6,input,5149,0,0,0,0,-1
0,0,22962,6,input,5150,0,0,0,0,-1
0,0,22963,6,input,5154,0,0,0,0,-1
0,0,22964,6,input,5155,0,0,0,0,-1
0,0,22965,6,input,5156,0,0,0,0,-1
0,0,22966,6,input,5166,0,0,0,0,-1
0,0,22967,6,input,5169,0,0,0,0,-1
0,0,22968,6,input,5177,0,0,0,0,-1
0,0,22969,6,input,5180,0,0,0,0,-1
0,0,22970,6,input,5187,0,0,0,0,-1
0,0,22971,6,input,5189,0,0,0,0,-1
0,0,22972,6,input,5194,0,0,0,0,-1
0,0,22973,6,input,5197,0,0,0,0,1
0,0,22974,6,input,5198,0,0,0,0,-1
0,0,22975,6,input,5227,0,0,0,0,1
0,0,22976,6,input,5234,0,0,0,0,1
0,0,22977,6,input,5236,0,0,0,0,-1
0,0,22978,6,input,5237,0,0,0,0,1
0,0,22979,6,input,5241,0,0,0,0,1
0,0,22980,6,input,5258,0,0,0,0,-1
0,0,22981,6,input,5267,0,0,0,0,-1
0,0,22982,6,input,5272,0,0,0,0,-1
0,0,22983,6,input,5276,0,0,0,0,1
0,0,22984,6,input,5278,0,0,0,0,-1
0,0,22985,6,input,5290,0,0,0,0,1
0,0,22986,6,input,5299,0,0,0,0,-1
0,0,22987,6,input,5301,0,0,0,0,-1
0,0,22988,6,input,5304,0,0,0,0,-1
0,0,22989,6,input,5305,0,0,0,0,1
0,0,22990,6,input,5306,0,0,0,0,-1
0,0,22991,6,input,5309,0,0,0,0,-1
0,0,22992,6,input,5311,0,0,0,0,-1
0,0,22993,6,input,5313,0,0,0,0,1
0,0,22994,6,input,5325,0,0,0,0,1
0,0,22995,6,input,5330,0,0,0,0,-1
0,0,22996,6,input,5333,0,0,0,0,-1
0,0,22997,6,input,5336,0,0,0,0,-1
0,0,22998,6,input,5338,0,0,0,0,-1
0,0,22999,6,input,5339,0,0,0,0,-1
0,0,23000,6,input,5342,0,0,0,0,-1
0,0,23001,6,input,5347,0,0,0,0,-1
0,0,23002,6,input,5352,0,0,0,0,-1
0,0,23003,6,input,5354,0,0,0,0,-1
0,0,23004,6,input,5359,0,0,0,0,-1
0,0,23005,6,input,5361,0,0,0,0,-1
0,0,23006,6,input,5362,0,0,0,0,-1
0,0,23007,6,input,5368,0,0,0,0,-1
0,0,23008,6,input,5376,0,0,0,0,1
0,0,23009,6,input,5384,0,0,0,0,-1
0,0,23010,6,input,5386,0,0,0,0,-1
0,0,23011,6,input,5387,0,0,0,0,-1
0,0,23012,6,input,5388,0,0,0,0,-1
0,0,23013,6,input,5392,0,0,0,0,1
0,0,23014,6,input,5395,0,0,0,0,-1
0,0,23015,6,input,5396,0,0,0,0,-1
0,0,23016,6,input,5397,0,0,0,0,-1
0,0,23017,6,input,5399,0,0,0,0,-1
0,0,23018,6,input,5405,0,0,0,0,-1
0,0,23019,6,input,5412,0,0,0,0,-1
0,0,23020,6,input,5417,0,0,0,0,-1
0,0,23021,6,input,5418,0,0,0,0,1
0,0,23022,6,input,5422,0,0,0,0,1
0,0,23023,6,input,5423,0,0,0,0,-1
0,0,23024,6,input,5426,0,0,0,0,-1
0,0,23025,6,input,5435,0,0,0,0,-1
0,0,23026,6,input,5437,0,0,0,0,1
0,0,23027,6,input,5439,0,0,0,0,-1
0,0,23028,6,input,5443,0,0,0,0,-1
0,0,23029,6,input,5451,0,0,0,0,-1
0,0,23030,6,input,5453,0,0,0,0,1
0,0,23031,6,input,5454,0,0,0,0,-1
0,0,23032,6,input,5461,0,0,0,0,1
0,0,23033,6,input,5464,0,0,0,0,-1
0,0,23034,6,input,5465,0,0,0,0,-1
0,0,23035,6,input,5466,0,0,0,0,-1
0,0,23036,6,input,5467,0,0,0,0,1
0,0,23037,6,input,5469,0,0,0,0,1
0,0,23038,6,input,5471,0,0,0,0,-1
0,0,23039,6,input,5476,0,0,0,0,-1
0,0,23040,6,input,5477,0,0,0,0,1
0,0,23041,6,input,5486,0,0,0,0,1
0,0,23042,6,input,5487,0,0,0,0,-1
0,0,23043,6,input,5489,0,0,0,0,-1
0,0,23044,6,input,5493,0,0,0,0,-1
0,0,23045,6,input,5497,0,0,0,0,1
0,0,23046,6,input,5510,0,0,0,0,-1
0,0,23047,6,input,5516,0,0,0,0,1
0,0,23048,6,input,5524,0,0,0,0,-1
0,0,23049,6,input,5527,0,0,0,0,-1
0,0,23050,6,input,5536,0,0,0,0,-1
0,0,23051,6,input,5539,0,0,0,0,-1
0,0,23052,6,input,5544,0,0,0,0,-1
0,0,23053,6,input,5546,0,0,0,0,-1
0,0,23054,6,input,5548,0,0,0,0,-1
0,0,23055,6,input,5552,0,0,0,0,1
0,0,23056,6,input,5553,0,0,0,0,-1
0,0,23057,6,input,5561,0,0,0,0,-1
0,0,23058,6,input,5570,0,0,0,0,-1
0,0,23059,6,input,5571,0,0,0,0,-1
0,0,23060,6,input,5581,0,0,0,0,1
0,0,23061,6,input,5587,0,0,0,0,-1
0,0,23062,6,input,5588,0,0,0,0,-1
0,0,23063,6,input,5589,0,0,0,0,1
0,0,23064,6,input,5591,0,0,0,0,-1
0,0,23065,6,input,5592,0,0,0,0,1
0,0,23066,6,input,5599,0,0,0,0,-1
0,0,23067,6,input,5605,0,0,0,0,1
0,0,23068,6,input,5611,0,0,0,0,1
0,0,23069,6,input,5618,0,0,0,0,1
0,0,23070,6,input,5620,0,0,0,0,-1
0,0,23071,6,input,5625,0,0,0,0,1
0,0,23072,6,input,5628,0,0,0,0,-1
0,0,23073,6,input,5631,0,0,0,0,-1
0,0,23074,6,input,5636,0,0,0,0,-1
0,0,23075,6,input,5640,0,0,0,0,-1
0,0,23076,6,input,5644,0,0,0,0,-1
0,0,23077,6,input,5648,0,0,0,0,1
0,0,23078,6,input,5652,0,0,0,0,-1
0,0,23079,6,input,5672,0,0,0,0,-1
0,0,23080,6,input,5674,0,0,0,0,-1
0,0,23081,6,input,5676,0,0,0,0,-1
0,0,23082,6,input,5687,0,0,0,0,-1
0,0,23083,6,input,5689,0,0,0,0,-1
0,0,23084,6,input,5699,0,0,0,0,-1
0,0,23085,6,input,5701,0,0,0,0,-1
0,0,23086,6,input,5715,0,0,0,0,-1
0,0,23087,6,input,5721,0,0,0,0,-1
0,0,23088,6,input,5726,0,0,0,0,-1
0,0,23089,6,input,5743,0,0,0,0,-1
0,0,23090,6,input,5748,0,0,0,0,-1
0,0,23091,6,input,5749,0,0,0,0,-1
0,0,23092,6,input,5750,0,0,0,0,-1
0,0,23093,6,input,5756,0,0,0,0,1
0,0,23094,6,input,5759,0,0,0,0,-1
0,0,23095,6,input,5766,0,0,0,0,-1
0,0,23096,6,input,5780,0,0,0,0,-1
0,0,23097,6,input,5783,0,0,0,0,1
0,0,23098,6,input,5797,0,0,0,0,-1
0,0,23099,6,input,5812,0,0,0,0,-1
0,0,23100,6,input,5815,0,0,0,0,-1
0,0,23101,6,input,5816,0,0,0,0,-1
0,0,23102,6,input,5820,0,0,0,0,-1
0,0,23103,6,input,5827,0,0,0,0,-1
0,0,23104,6,input,5831,0,0,0,0,-1
0,0,23105,6,input,5848,0,0,0,0,-1
0,0,23106,6,input,5854,0,0,0,0,-1
0,0,23107,6,input,5859,0,0,0,0,-1
0,0,23108,6,input,5862,0,0,0,0,1
0,0,23109,6,input,5868,0,0,0,0,-1
0,0,23110,6,input,5875,0,0,0,0,-1
0,0,23111,6,input,5876,0,0,0,0,-1
0,0,23112,6,input,5887,0,0,0,0,-1
0,0,23113,6,input,5908,0,0,0,0,-1
0,0,23114,6,input,5911,0,0,0,0,1
0,0,23115,6,input,5928,0,0,0,0,-1
0,0,23116,6,input,5931,0,0,0,0,1
0,0,23117,6,input,5932,0,0,0,0,-1
0,0,23118,6,input,5933,0,0,0,0,-1
0,0,23119,6,input,5937,0,0,0,0,-1
0,0,23120,6,input,5940,0,0,0,0,-1
0,0,23121,6,input,5943,0,0,0,0,-1
0,0,23122,6,input,5955,0,0,0,0,-1
0,0,23123,6,input,5965,0,0,0,0,1
0,0,23124,6,input,5971,0,0,0,0,-1
0,0,23125,6,input,5982,0,0,0,0,-1
0,0,23126,6,input,6003,0,0,0,0,-1
0,0,23127,6,input,6004,0,0,0,0,-1
0,0,23128,6,input,6006,0,0,0,0,-1
0,0,23129,6,input,6014,0,0,0,0,-1
0,0,23130,6,input,6015,0,0,0,0,-1
0,0,23131,6,input,6036,0,0,0,0,-1
0,0,23132,6,input,6039,0,0,0,0,1
0,0,23133,6,input,6044,0,0,0,0,-1
0,0,23134,6,input,6056,0,0,0,0,-1
0,0,23135,6,input,6060,0,0,0,0,-1
0,0,23136,6,input,6061,0,0,0,0,-1
0,0,23137,6,input,6068,0,0,0,0,-1
0,0,23138,6,input,6071,0,0,0,0,-1
0,0,23139,6,input,6072,0,0,0,0,-1
0,0,23140,6,input,6076,0,0,0,0,-1
0,0,23141,6,input,6083,0,0,0,0,-1
0,0,23142,6,input,6093,0,0,0,0,1
0,0,23143,6,input,6099,0,0,0,0,-1
0,0,23144,6,input,6110,0,0,0,0,-1
0,0,23145,6,input,6132,0,0,0,0,-1
0,0,23146,6,input,6134,0,0,0,0,-1
0,0,23147,6,input,6143,0,0,0,0,-1
0,0,23148,6,input,6144,0,0,0,0,-1
0,0,23149,6,input,6149,0,0,0,0,-1
0,0,23150,6,input,6164,0,0,0,0,-1
0,0,23151,6,input,6167,0,0,0,0,1
0,0,23152,6,input,6168,0,0,0,0,1
0,0,23153,6,input,6180,0,0,0,0,-1
0,0,23154,6,input,6187,0,0,0,0,1
0,0,23155,6,input,6188,0,0,0,0,-1
0,0,23156,6,input,6189,0,0,0,0,-1
0,0,23157,6,input,6193,0,0,0,0,-1
0,0,23158,6,input,6196,0,0,0,0,-1
0,0,23159,6,input,6199,0,0,0,0,-1
0,0,23160,6,input,6211,0,0,0,0,-1
0,0,23161,6,input,6214,0,0,0,0,1
0,0,23162,6,input,6221,0,0,0,0,1
0,0,23163,6,input,6226,0,0,0,0,-1
0,0,23164,6,input,6227,0,0,0,0,-1
0,0,23165,6,input,6233,0,0,0,0,-1
0,0,23166,6,input,6234,0,0,0,0,-1
0,0,23167,6,input,6238,0,0,0,0,-1
0,0,23168,6,input,6243,0,0,0,0,-1
0,0,23169,6,input,6258,0,0,0,0,-1
0,0,23170,6,input,6260,0,0,0,0,-1
0,0,23171,6,input,6261,0,0,0,0,-1
0,0,23172,6,input,6271,0,0,0,0,-1
0,0,23173,6,input,6276,0,0,0,0,-1
0,0,23174,6,input,6277,0,0,0,0,-1
0,0,23175,6,input,6282,0,0,0,0,1
0,0,23176,6,input,6284,0,0,0,0,1
0,0,23177,6,input,6288,0,0,0,0,-1
0,0,23178,6,input,6292,0,0,0,0,-1
0,0,23179,6,input,6295,0,0,0,0,-1
0,0,23180,6,input,6297,0,0,0,0,-1
0,0,23181,6,input,6298,0,0,0,0,1
0,0,23182,6,input,6304,0,0,0,0,-1
0,0,23183,6,input,6305,0,0,0,0,1
0,0,23184,6,input,6311,0,0,0,0,-1
0,0,23185,6,input,6318,0,0,0,0,-1
0,0,23186,6,input,6319,0,0,0,0,1
0,0,23187,6,input,6328,0,0,0,0,-1
0,0,23188,6,input,6329,0,0,0,0,-1
0,0,23189,6,input,6335,0,0,0,0,1
0,0,23190,6,input,6343,0,0,0,0,-1
0,0,23191,6,input,6348,0,0,0,0,-1
0,0,23192,6,input,6349,0,0,0,0,1
0,0,23193,6,input,6354,0,0,0,0,-1
0,0,23194,6,input,6355,0,0,0,0,-1
0,0,23195,6,input,6357,0,0,0,0,-1
0,0,23196,6,input,6361,0,0,0,0,1
0,0,23197,6,input,6366,0,0,0,0,-1
0,0,23198,6,input,6370,0,0,0,0,-1
0,0,23199,6,input,6379,0,0,0,0,1
0,0,23200,6,input,6385,0,0,0,0,1
0,0,23201,6,input,6388,0,0,0,0,-1
0,0,23202,6,input,6390,0,0,0,0,-1
0,0,23203,6,input,6393,0,0,0,0,1
0,0,23204,6,input,6398,0,0,0,0,1
0,0,23205,6,input,6404,0,0,0,0,-1
0,0,23206,6,input,6410,0,0,0,0,-1
0,0,23207,6,input,6412,0,0,0,0,-1
0,0,23208,6,input,6416,0,0,0,0,1
0,0,23209,6,input,6421,0,0,0,0,-1
0,0,23210,6,input,6428,0,0,0,0,-1
0,0,23211,6,input,6442,0,0,0,0,-1
0,0,23212,6,input,6448,0,0,0,0,-1
0,0,23213,6,input,6451,0,0,0,0,-1
0,0,23214,6,input,6453,0,0,0,0,-1
0,0,23215,6,input,6455,0,0,0,0,-1
0,0,23216,6,input,6456,0,0,0,0,-1
0,0,23217,6,input,6458,0,0,0,0,-1
0,0,23218,6,input,6467,0,0,0,0,-1
0,0,23219,6,input,6470,0,0,0,0,1
0,0,23220,6,input,6475,0,0,0,0,-1
0,0,23221,6,input,6477,0,0,0,0,1
0,0,23222,6,input,6483,0,0,0,0,-1
0,0,23223,6,input,6490,0,0,0,0,-1
0,0,23224,6,input,6494,0,0,0,0,-1
0,0,23225,6,input,6501,0,0,0,0,-1
0,0,23226,6,input,6506,0,0,0,0,-1
0,0,23227,6,input,6510,0,0,0,0,-1
0,0,23228,6,input,6516,0,0,0,0,-1
0,0,23229,6,input,6517,0,0,0,0,-1
0,0,23230,6,input,6524,0,0,0,0,1
0,0,23231,6,input,6527,0,0,0,0,-1
0,0,23232,6,input,6551,0,0,0,0,1
0,0,23233,6,input,6571,0,0,0,0,1
0,0,23234,6,input,6572,0,0,0,0,-1
0,0,23235,6,input,6577,0,0,0,0,-1
0,0,23236,6,input,6580,0,0,0,0,-1
0,0,23237,6,input,6583,0,0,0,0,-1
0,0,23238,6,input,6595,0,0,0,0,-1
0,0,23239,6,input,6598,0,0,0,0,1
0,0,23240,6,input,6605,0,0,0,0,1
0,0,23241,6,input,6622,0,0,0,0,-1
0,0,23242,6,input,6644,0,0,0,0,-1
0,0,23243,6,input,6655,0,0,0,0,-1
0,0,23244,6,input,6659,0,0,0,0,1
0,0,23245,6,input,6662,0,0,0,0,-1
0,0,23246,6,input,6679,0,0,0,0,1
0,0,23247,6,input,6699,0,0,0,0,1
0,0,23248,6,input,6700,0,0,0,0,-1
0,0,23249,6,input,6705,0,0,0,0,-1
0,0,23250,6,input,6708,0,0,0,0,-1
0,0,23251,6,input,6711,0,0,0,0,-1
0,0,23252,6,input,6723,0,0,0,0,-1
0,0,23253,6,input,6726,0,0,0,0,1
0,0,23254,6,input,6733,0,0,0,0,1
0,0,23255,6,input,6750,0,0,0,0,-1
0,0,23256,6,input,6772,0,0,0,0,-1
0,0,23257,6,input,6783,0,0,0,0,-1
0,0,23258,6,input,6787,0,0,0,0,1
0,0,23259,6,input,6804,0,0,0,0,-1
0,0,23260,6,input,6807,0,0,0,0,1
0,0,23261,6,input,6820,0,0,0,0,-1
0,0,23262,6,input,6827,0,0,0,0,1
0,0,23263,6,input,6828,0,0,0,0,-1
0,0,23264,6,input,6829,0,0,0,0,-1
0,0,23265,6,input,6833,0,0,0,0,-1
0,0,23266,6,input,6836,0,0,0,0,-1
0,0,23267,6,input,6839,0,0,0,0,-1
0,0,23268,6,input,6851,0,0,0,0,-1
0,0,23269,6,input,6854,0,0,0,0,1
0,0,23270,6,input,6861,0,0,0,0,1
0,0,23271,6,input,6878,0,0,0,0,-1
0,0,23272,6,input,6886,0,0,0,0,1
0,0,23273,6,input,6899,0,0,0,0,-1
0,0,23274,6,input,6900,0,0,0,0,-1
0,0,23275,6,input,6905,0,0,0,0,1
0,0,23276,6,input,6911,0,0,0,0,-1
0,0,23277,6,input,6932,0,0,0,0,-1
0,0,23278,6,input,6935,0,0,0,0,1
0,0,23279,6,input,6955,0,0,0,0,1
0,0,23280,6,input,6956,0,0,0,0,-1
0,0,23281,6,input,6957,0,0,0,0,-1
0,0,23282,6,input,6961,0,0,0,0,-1
0,0,23283,6,input,6964,0,0,0,0,-1
0,0,23284,6,input,6967,0,0,0,0,-1
0,0,23285,6,input,6979,0,0,0,0,-1
0,0,23286,6,input,6982,0,0,0,0,1
0,0,23287,6,input,6989,0,0,0,0,1
0,0,23288,6,input,7006,0,0,0,0,-1
0,0,23289,6,input,7027,0,0,0,0,-1
0,0,23290,6,input,7028,0,0,0,0,-1
0,0,23291,6,input,7033,0,0,0,0,1
0,0,23292,6,input,7039,0,0,0,0,-1
0,0,23293,6,input,7043,0,0,0,0,1
0,0,23294,6,input,7069,0,0,0,0,-1
0,0,23295,6,input,7076,0,0,0,0,-1
0,0,23296,6,input,7083,0,0,0,0,1
0,0,23297,6,input,7085,0,0,0,0,-1
0,0,23298,6,input,7089,0,0,0,0,-1
0,0,23299,6,input,7092,0,0,0,0,-1
0,0,23300,6,input,7095,0,0,0,0,-1
0,0,23301,6,input,7100,0,0,0,0,-1
0,0,23302,6,input,7107,0,0,0,0,-1
0,0,23303,6,input,7109,0,0,0,0,-1
0,0,23304,6,input,7110,0,0,0,0,1
0,0,23305,6,input,7117,0,0,0,0,1
0,0,23306,6,input,7130,0,0,0,0,-1
0,0,23307,6,input,7134,0,0,0,0,-1
0,0,23308,6,input,7135,0,0,0,0,-1
0,0,23309,6,input,7142,0,0,0,0,1
0,0,23310,6,input,7154,0,0,0,0,-1
0,0,23311,6,input,7155,0,0,0,0,-1
0,0,23312,6,input,7156,0,0,0,0,-1
0,0,23313,6,input,7161,0,0,0,0,1
0,0,23314,6,input,7167,0,0,0,0,-1
0,0,23315,6,input,7171,0,0,0,0,1
0,0,23316,6,input,7180,0,0,0,0,-1
0,0,23317,6,input,7185,0,0,0,0,-1
0,0,23318,6,input,7191,0,0,0,0,1
0,0,23319,6,input,7204,0,0,0,0,-1
0,0,23320,6,input,7211,0,0,0,0,1
0,0,23321,6,input,7212,0,0,0,0,-1
0,0,23322,6,input,7213,0,0,0,0,-1
0,0,23323,6,input,7217,0,0,0,0,-1
0,0,23324,6,input,7220,0,0,0,0,-1
0,0,23325,6,input,7223,0,0,0,0,-1
0,0,23326,6,input,7227,0,0,0,0,-1
0,0,23327,6,input,7228,0,0,0,0,-1
0,0,23328,6,input,7235,0,0,0,0,-1
0,0,23329,6,input,7238,0,0,0,0,1
0,0,23330,6,input,7245,0,0,0,0,1
0,0,23331,6,input,7258,0,0,0,0,-1
0,0,23332,6,input,7262,0,0,0,0,-1
0,0,23333,6,input,7267,0,0,0,0,-1
0,0,23334,6,input,7282,0,0,0,0,-1
0,0,23335,6,input,7284,0,0,0,0,-1
0,0,23336,6,input,7285,0,0,0,0,-1
0,0,23337,6,input,7289,0,0,0,0,1
0,0,23338,6,input,7290,0,0,0,0,-1
0,0,23339,6,input,7295,0,0,0,0,-1
0,0,23340,6,input,7296,0,0,0,0,-1
0,0,23341,6,input,7301,0,0,0,0,-1
0,0,23342,6,input,7319,0,0,0,0,1
0,0,23343,6,input,7320,0,0,0,0,1
0,0,23344,6,input,7330,0,0,0,0,-1
0,0,23345,6,input,7332,0,0,0,0,-1
0,0,23346,6,input,7338,0,0,0,0,-1
0,0,23347,6,input,7339,0,0,0,0,1
0,0,23348,6,input,7340,0,0,0,0,-1
0,0,23349,6,input,7341,0,0,0,0,-1
0,0,23350,6,input,7345,0,0,0,0,-1
0,0,23351,6,input,7348,0,0,0,0,-1
0,0,23352,6,input,7351,0,0,0,0,-1
0,0,23353,6,input,7363,0,0,0,0,-1
0,0,23354,6,input,7366,0,0,0,0,1
0,0,23355,6,input,7372,0,0,0,0,-1
0,0,23356,6,input,7373,0,0,0,0,1
0,0,23357,6,input,7378,0,0,0,0,-1
0,0,23358,6,input,7379,0,0,0,0,-1
0,0,23359,6,input,7384,0,0,0,0,1
0,0,23360,6,input,7386,0,0,0,0,-1
0,0,23361,6,input,7390,0,0,0,0,-1
0,0,23362,6,input,7394,0,0,0,0,-1
0,0,23363,6,input,7406,0,0,0,0,-1
0,0,23364,6,input,7412,0,0,0,0,-1
0,0,23365,6,input,7421,0,0,0,0,1
0,0,23366,6,input,7422,0,0,0,0,-1
0,0,23367,6,input,7423,0,0,0,0,-1
0,0,23368,6,input,7441,0,0,0,0,-1
0,0,23369,6,input,7447,0,0,0,0,1
0,0,23370,6,input,7466,0,0,0,0,-1
0,0,23371,6,input,7467,0,0,0,0,1
0,0,23372,6,input,7468,0,0,0,0,-1
0,0,23373,6,input,7469,0,0,0,0,-1
0,0,23374,6,input,7473,0,0,0,0,-1
0,0,23375,6,input,7476,0,0,0,0,-1
0,0,23376,6,input,7479,0,0,0,0,-1
0,0,23377,6,input,7491,0,0,0,0,-1
0,0,23378,6,input,7494,0,0,0,0,1
0,0,23379,6,input,7501,0,0,0,0,1
0,0,23380,6,input,7504,0,0,0,0,-1
0,0,23381,6,input,7518,0,0,0,0,-1
0,0,23382,6,input,7523,0,0,0,0,-1
0,0,23383,6,input,7526,0,0,0,0,1
0,0,23384,6,input,7534,0,0,0,0,-1
0,0,23385,6,input,7540,0,0,0,0,-1
0,0,23386,6,input,7551,0,0,0,0,-1
0,0,23387,6,input,7559,0,0,0,0,-1
0,0,23388,6,input,7569,0,0,0,0,-1
0,0,23389,6,input,7575,0,0,0,0,1
0,0,23390,6,input,7594,0,0,0,0,-1
0,0,23391,6,input,7595,0,0,0,0,1
0,0,23392,6,input,7596,0,0,0,0,-1
0,0,23393,6,input,7597,0,0,0,0,-1
0,0,23394,6,input,7601,0,0,0,0,-1
0,0,23395,6,input,7604,0,0,0,0,-1
0,0,23396,6,input,7607,0,0,0,0,-1
0,0,23397,6,input,7609,0,0,0,0,-1
0,0,23398,6,input,7619,0,0,0,0,-1
0,0,23399,6,input,7621,0,0,0,0,-1
0,0,23400,6,input,7622,0,0,0,0,1
0,0,23401,6,input,7629,0,0,0,0,1
0,0,23402,6,input,7632,0,0,0,0,-1
0,0,23403,6,input,7646,0,0,0,0,-1
0,0,23404,6,input,7654,0,0,0,0,1
0,0,23405,6,input,7668,0,0,0,0,-1
0,0,23406,6,input,7679,0,0,0,0,-1
0,0,23407,6,input,7697,0,0,0,0,-1
0,0,23408,6,input,7703,0,0,0,0,1
0,0,23409,6,input,7723,0,0,0,0,1
0,0,23410,6,input,7724,0,0,0,0,-1
0,0,23411,6,input,7725,0,0,0,0,-1
0,0,23412,6,input,7729,0,0,0,0,-1
0,0,23413,6,input,7732,0,0,0,0,-1
0,0,23414,6,input,7735,0,0,0,0,-1
0,0,23415,6,input,7747,0,0,0,0,-1
0,0,23416,6,input,7750,0,0,0,0,1
0,0,23417,6,input,7751,0,0,0,0,-1
0,0,23418,6,input,7757,0,0,0,0,1
0,0,23419,6,input,7774,0,0,0,0,-1
0,0,23420,6,input,7796,0,0,0,0,-1
0,0,23421,6,input,7807,0,0,0,0,-1
0,0,23422,6,input,7811,0,0,0,0,1
0,0,23423,6,input,7815,0,0,0,0,-1
0,0,23424,6,input,7821,0,0,0,0,-1
0,0,23425,6,input,7825,0,0,0,0,-1
0,0,23426,6,input,7831,0,0,0,0,1
0,0,23427,6,input,7844,0,0,0,0,-1
0,0,23428,6,input,7851,0,0,0,0,1
0,0,23429,6,input,7852,0,0,0,0,-1
0,0,23430,6,input,7853,0,0,0,0,-1
0,0,23431,6,input,7857,0,0,0,0,-1
0,0,23432,6,input,7860,0,0,0,0,-1
0,0,23433,6,input,7863,0,0,0,0,-1
0,0,23434,6,input,7875,0,0,0,0,-1
0,0,23435,6,input,7878,0,0,0,0,1
0,0,23436,6,input,7885,0,0,0,0,1
0,0,23437,6,input,7902,0,0,0,0,-1
0,0,23438,6,input,7922,0,0,0,0,-1
0,0,23439,6,input,7924,0,0,0,0,-1
0,0,23440,6,input,7935,0,0,0,0,-1
0,0,23441,6,input,7939,0,0,0,0,1
0,0,23442,6,input,7941,0,0,0,0,-1
0,0,23443,6,input,7949,0,0,0,0,-1
0,0,23444,6,input,7953,0,0,0,0,-1
0,0,23445,6,input,7965,0,0,0,0,-1
0,0,23446,6,input,7972,0,0,0,0,-1
0,0,23447,6,input,7979,0,0,0,0,1
0,0,23448,6,input,7981,0,0,0,0,-1
0,0,23449,6,input,7985,0,0,0,0,-1
0,0,23450,6,input,7988,0,0,0,0,-1
0,0,23451,6,input,7991,0,0,0,0,-1
0,0,23452,6,input,7992,0,0,0,0,-1
0,0,23453,6,input,7995,0,0,0,0,-1
0,0,23454,6,input,8003,0,0,0,0,-1
0,0,23455,6,input,8006,0,0,0,0,1
0,0,23456,6,input,8007,0,0,0,0,-1
0,0,23457,6,input,8013,0,0,0,0,1
0,0,23458,6,input,8030,0,0,0,0,-1
0,0,23459,6,input,8031,0,0,0,0,-1
0,0,23460,6,input,8052,0,0,0,0,-1
0,0,23461,6,input,8057,0,0,0,0,1
0,0,23462,6,input,8058,0,0,0,0,-1
0,0,23463,6,input,8063,0,0,0,0,-1
0,0,23464,6,input,8066,0,0,0,0,-1
0,0,23465,6,input,8071,0,0,0,0,-1
0,0,23466,6,input,8076,0,0,0,0,-1
0,0,23467,6,input,8077,0,0,0,0,-1
0,0,23468,6,input,8081,0,0,0,0,-1
0,0,23469,6,input,8084,0,0,0,0,-1
0,0,23470,6,input,8087,0,0,0,0,1
0,0,23471,6,input,8091,0,0,0,0,-1
0,0,23472,6,input,8092,0,0,0,0,-1
0,0,23473,6,input,8100,0,0,0,0,-1
0,0,23474,6,input,8106,0,0,0,0,-1
0,0,23475,6,input,8107,0,0,0,0,1
0,0,23476,6,input,8108,0,0,0,0,-1
0,0,23477,6,input,8109,0,0,0,0,-1
0,0,23478,6,input,8113,0,0,0,0,-1
0,0,23479,6,input,8116,0,0,0,0,-1
0,0,23480,6,input,8119,0,0,0,0,-1
0,0,23481,6,input,8131,0,0,0,0,-1
0,0,23482,6,input,8133,0,0,0,0,-1
0,0,23483,6,input,8134,0,0,0,0,1
0,0,23484,6,input,8140,0,0,0,0,-1
0,0,23485,6,input,8141,0,0,0,0,1
0,0,23486,6,input,8146,0,0,0,0,-1
0,0,23487,6,input,8153,0,0,0,0,-1
0,0,23488,6,input,8154,0,0,0,0,-1
0,0,23489,6,input,8158,0,0,0,0,-1
0,0,23490,6,input,8163,0,0,0,0,-1
0,0,23491,6,input,8166,0,0,0,0,1
0,0,23492,6,input,8178,0,0,0,0,-1
0,0,23493,6,input,8179,0,0,0,0,-1
0,0,23494,6,input,8180,0,0,0,0,-1
0,0,23495,6,input,8181,0,0,0,0,-1
0,0,23496,6,input,8183,0,0,0,0,1
0,0,23497,6,input,8184,0,0,0,0,-1
0,0,23498,6,input,8187,0,0,0,0,1
0,0,23499,6,input,8191,0,0,0,0,-1
0,0,23500,7,input,3,0,0,0,0,-1
0,0,23501,7,input,14,0,0,0,0,-1
0,0,23502,7,input,22,0,0,0,0,-1
0,0,23503,7,input,38,0,0,0,0,-1
0,0,23504,7,input,43,0,0,0,0,-1
0,0,23505,7,input,70,0,0,0,0,-1
0,0,23506,7,input,77,0,0,0,0,-1
0,0,23507,7,input,92,0,0,0,0,-1
0,0,23508,7,input,93,0,0,0,0,-1
0,0,23509,7,input,102,0,0,0,0,-1
0,0,23510,7,input,109,0,0,0,0,-1
0,0,23511,7,input,112,0,0,0,0,-1
0,0,23512,7,input,116,0,0,0,0,1
0,0,23513,7,input,121,0,0,0,0,-1
0,0,23514,7,input,127,0,0,0,0,1
0,0,23515,7,input,131,0,0,0,0,-1
0,0,23516,7,input,142,0,0,0,0,-1
0,0,23517,7,input,166,0,0,0,0,-1
0,0,23518,7,input,169,0,0,0,0,-1
0,0,23519,7,input,171,0,0,0,0,-1
0,0,23520,7,input,198,0,0,0,0,-1
0,0,23521,7,input,205,0,0,0,0,-1
0,0,23522,7,input,220,0,0,0,0,-1
0,0,23523,7,input,221,0,0,0,0,-1
0,0,23524,7,input,230,0,0,0,0,-1
0,0,23525,7,input,237,0,0,0,0,-1
0,0,23526,7,input,240,0,0,0,0,-1
0,0,23527,7,input,244,0,0,0,0,1
0,0,23528,7,input,249,0,0,0,0,-1
0,0,23529,7,input,255,0,0,0,0,1
0,0,23530,7,input,259,0,0,0,0,-1
0,0,23531,7,input,270,0,0,0,0,-1
0,0,23532,7,input,294,0,0,0,0,-1
0,0,23533,7,input,299,0,0,0,0,-1
0,0,23534,7,input,326,0,0,0,0,-1
0,0,23535,7,input,333,0,0,0,0,-1
0,0,23536,7,input,349,0,0,0,0,-1
0,0,23537,7,input,358,0,0,0,0,-1
0,0,23538,7,input,365,0,0,0,0,-1
0,0,23539,7,input,368,0,0,0,0,-1
0,0,23540,7,input,372,0,0,0,0,1
0,0,23541,7,input,377,0,0,0,0,-1
0,0,23542,7,input,383,0,0,0,0,1
0,0,23543,7,input,387,0,0,0,0,-1
0,0,23544,7,input,393,0,0,0,0,-1
0,0,23545,7,input,398,0,0,0,0,-1
0,0,23546,7,input,422,0,0,0,0,-1
0,0,23547,7,input,427,0,0,0,0,-1
0,0,23548,7,input,433,0,0,0,0,1
0,0,23549,7,input,454,0,0,0,0,-1
0,0,23550,7,input,461,0,0,0,0,-1
0,0,23551,7,input,476,0,0,0,0,-1
0,0,23552,7,input,477,0,0,0,0,-1
0,0,23553,7,input,478,0,0,0,0,1
0,0,23554,7,input,486,0,0,0,0,-1
0,0,23555,7,input,495,0,0,0,0,-1
0,0,23556,7,input,496,0,0,0,0,-1
0,0,23557,7,input,500,0,0,0,0,1
0,0,23558,7,input,505,0,0,0,0,-1
0,0,23559,7,input,511,0,0,0,0,1
0,0,23560,7,input,515,0,0,0,0,-1
0,0,23561,7,input,521,0,0,0,0,-1
0,0,23562,7,input,533,0,0,0,0,-1
0,0,23563,7,input,550,0,0,0,0,-1
0,0,23564,7,input,553,0,0,0,0,-1
0,0,23565,7,input,555,0,0,0,0,-1
0,0,23566,7,input,582,0,0,0,0,-1
0,0,23567,7,input,589,0,0,0,0,-1
0,0,23568,7,input,605,0,0,0,0,-1
0,0,23569,7,input,614,0,0,0,0,-1
0,0,23570,7,input,621,0,0,0,0,-1
0,0,23571,7,input,624,0,0,0,0,-1
0,0,23572,7,input,628,0,0,0,0,1
0,0,23573,7,input,633,0,0,0,0,-1
0,0,23574,7,input,635,0,0,0,0,-1
0,0,23575,7,input,639,0,0,0,0,1
0,0,23576,7,input,649,0,0,0,0,-1
0,0,23577,7,input,678,0,0,0,0,-1
0,0,23578,7,input,681,0,0,0,0,-1
0,0,23579,7,input,682,0,0,0,0,-1
0,0,23580,7,input,710,0,0,0,0,-1
0,0,23581,7,input,717,0,0,0,0,-1
0,0,23582,7,input,723,0,0,0,0,-1
0,0,23583,7,input,732,0,0,0,0,-1
0,0,23584,7,input,752,0,0,0,0,-1
0,0,23585,7,input,756,0,0,0,0,1
0,0,23586,7,input,771,0,0,0,0,-1
0,0,23587,7,input,777,0,0,0,0,-1
0,0,23588,7,input,782,0,0,0,0,-1
0,0,23589,7,input,806,0,0,0,0,-1
0,0,23590,7,input,811,0,0,0,0,-1
0,0,23591,7,input,838,0,0,0,0,-1
0,0,23592,7,input,845,0,0,0,0,-1
0,0,23593,7,input,860,0,0,0,0,-1
0,0,23594,7,input,880,0,0,0,0,-1
0,0,23595,7,input,884,0,0,0,0,1
0,0,23596,7,input,889,0,0,0,0,-1
0,0,23597,7,input,899,0,0,0,0,-1
0,0,23598,7,input,910,0,0,0,0,-1
0,0,23599,7,input,934,0,0,0,0,-1
0,0,23600,7,input,939,0,0,0,0,-1
0,0,23601,7,input,944,0,0,0,0,-1
0,0,23602,7,input,966,0,0,0,0,-1
0,0,23603,7,input,973,0,0,0,0,-1
0,0,23604,7,input,981,0,0,0,0,-1
0,0,23605,7,input,988,0,0,0,0,-1
0,0,23606,7,input,1005,0,0,0,0,-1
0,0,23607,7,input,1008,0,0,0,0,-1
0,0,23608,7,input,1012,0,0,0,0,1
0,0,23609,7,input,1017,0,0,0,0,-1
0,0,23610,7,input,1021,0,0,0,0,-1
0,0,23611,7,input,1038,0,0,0,0,-1
0,0,23612,7,input,1047,0,0,0,0,1
0,0,23613,7,input,1059,0,0,0,0,-1
0,0,23614,7,input,1085,0,0,0,0,-1
0,0,23615,7,input,1094,0,0,0,0,-1
0,0,23616,7,input,1095,0,0,0,0,1
0,0,23617,7,input,1098,0,0,0,0,-1
0,0,23618,7,input,1101,0,0,0,0,-1
0,0,23619,7,input,1107,0,0,0,0,-1
0,0,23620,7,input,1116,0,0,0,0,-1
0,0,23621,7,input,1136,0,0,0,0,-1
0,0,23622,7,input,1140,0,0,0,0,1
0,0,23623,7,input,1141,0,0,0,0,-1
0,0,23624,7,input,1145,0,0,0,0,-1
0,0,23625,7,input,1147,0,0,0,0,-1
0,0,23626,7,input,1155,0,0,0,0,-1
0,0,23627,7,input,1166,0,0,0,0,-1
0,0,23628,7,input,1190,0,0,0,0,-1
0,0,23629,7,input,1195,0,0,0,0,-1
0,0,23630,7,input,1201,0,0,0,0,1
0,0,23631,7,input,1222,0,0,0,0,-1
0,0,23632,7,input,1229,0,0,0,0,-1
0,0,23633,7,input,1244,0,0,0,0,-1
0,0,23634,7,input,1245,0,0,0,0,-1
0,0,23635,7,input,1254,0,0,0,0,-1
0,0,23636,7,input,1261,0,0,0,0,-1
0,0,23637,7,input,1264,0,0,0,0,-1
0,0,23638,7,input,1268,0,0,0,0,1
0,0,23639,7,input,1273,0,0,0,0,-1
0,0,23640,7,input,1279,0,0,0,0,1
0,0,23641,7,input,1283,0,0,0,0,-1
0,0,23642,7,input,1289,0,0,0,0,-1
0,0,23643,7,input,1323,0,0,0,0,-1
0,0,23644,7,input,1343,0,0,0,0,-1
0,0,23645,7,input,1350,0,0,0,0,-1
0,0,23646,7,input,1357,0,0,0,0,-1
0,0,23647,7,input,1362,0,0,0,0,-1
0,0,23648,7,input,1373,0,0,0,0,-1
0,0,23649,7,input,1392,0,0,0,0,-1
0,0,23650,7,input,1396,0,0,0,0,1
0,0,23651,7,input,1399,0,0,0,0,-1
0,0,23652,7,input,1401,0,0,0,0,-1
0,0,23653,7,input,1407,0,0,0,0,1
0,0,23654,7,input,1418,0,0,0,0,-1
0,0,23655,7,input,1420,0,0,0,0,-1
0,0,23656,7,input,1429,0,0,0,0,-1
0,0,23657,7,input,1456,0,0,0,0,-1
0,0,23658,7,input,1478,0,0,0,0,-1
0,0,23659,7,input,1485,0,0,0,0,-1
0,0,23660,7,input,1497,0,0,0,0,-1
0,0,23661,7,input,1524,0,0,0,0,1
0,0,23662,7,input,1552,0,0,0,0,-1
0,0,23663,7,input,1559,0,0,0,0,1
0,0,23664,7,input,1573,0,0,0,0,-1
0,0,23665,7,input,1618,0,0,0,0,-1
0,0,23666,7,input,1635,0,0,0,0,-1
0,0,23667,7,input,1659,0,0,0,0,-1
0,0,23668,7,input,1804,0,0,0,0,-1
0,0,23669,7,input,1815,0,0,0,0,1
0,0,23670,7,input,1881,0,0,0,0,-1
0,0,23671,7,input,1923,0,0,0,0,-1
0,0,23672,7,input,1934,0,0,0,0,-1
0,0,23673,7,input,1958,0,0,0,0,-1
0,0,23674,7,input,1990,0,0,0,0,-1
0,0,23675,7,input,1997,0,0,0,0,-1
0,0,23676,7,input,2012,0,0,0,0,-1
0,0,23677,7,input,2032,0,0,0,0,-1
0,0,23678,7,input,2036,0,0,0,0,1
0,0,23679,7,input,2041,0,0,0,0,-1
0,0,23680,7,input,2045,0,0,0,0,-1
0,0,23681,7,input,2060,0,0,0,0,-1
0,0,23682,7,input,2068,0,0,0,0,-1
0,0,23683,7,input,2075,0,0,0,0,-1
0,0,23684,7,input,2099,0,0,0,0,-1
0,0,23685,7,input,2101,0,0,0,0,-1
0,0,23686,7,input,2104,0,0,0,0,-1
0,0,23687,7,input,2113,0,0,0,0,1
0,0,23688,7,input,2130,0,0,0,0,-1
0,0,23689,7,input,2136,0,0,0,0,-1
0,0,23690,7,input,2138,0,0,0,0,-1
0,0,23691,7,input,2147,0,0,0,0,-1
0,0,23692,7,input,2159,0,0,0,0,-1
0,0,23693,7,input,2165,0,0,0,0,-1
0,0,23694,7,input,2168,0,0,0,0,-1
0,0,23695,7,input,2179,0,0,0,0,-1
0,0,23696,7,input,2217,0,0,0,0,-1
0,0,23697,7,input,2219,0,0,0,0,-1
0,0,23698,7,input,2225,0,0,0,0,1
0,0,23699,7,input,2246,0,0,0,0,-1
0,0,23700,7,input,2253,0,0,0,0,-1
0,0,23701,7,input,2287,0,0,0,0,-1
0,0,23702,7,input,2288,0,0,0,0,-1
0,0,23703,7,input,2292,0,0,0,0,1
0,0,23704,7,input,2293,0,0,0,0,-1
0,0,23705,7,input,2303,0,0,0,0,1
0,0,23706,7,input,2304,0,0,0,0,1
0,0,23707,7,input,2307,0,0,0,0,-1
0,0,23708,7,input,2312,0,0,0,0,-1
0,0,23709,7,input,2316,0,0,0,0,-1
0,0,23710,7,input,2323,0,0,0,0,-1
0,0,23711,7,input,2324,0,0,0,0,-1
0,0,23712,7,input,2327,0,0,0,0,-1
0,0,23713,7,input,2329,0,0,0,0,-1
0,0,23714,7,input,2330,0,0,0,0,-1
0,0,23715,7,input,2333,0,0,0,0,-1
0,0,23716,7,input,2351,0,0,0,0,-1
0,0,23717,7,input,2354,0,0,0,0,-1
0,0,23718,7,input,2355,0,0,0,0,-1
0,0,23719,7,input,2392,0,0,0,0,-1
0,0,23720,7,input,2393,0,0,0,0,-1
0,0,23721,7,input,2399,0,0,0,0,-1
0,0,23722,7,input,2401,0,0,0,0,-1
0,0,23723,7,input,2403,0,0,0,0,1
0,0,23724,7,input,2405,0,0,0,0,1
0,0,23725,7,input,2406,0,0,0,0,-1
0,0,23726,7,input,2414,0,0,0,0,1
0,0,23727,7,input,2420,0,0,0,0,1
0,0,23728,7,input,2442,0,0,0,0,-1
0,0,23729,7,input,2444,0,0,0,0,-1
0,0,23730,7,input,2479,0,0,0,0,-1
0,0,23731,7,input,2521,0,0,0,0,-1
0,0,23732,7,input,2529,0,0,0,0,-1
0,0,23733,7,input,2583,0,0,0,0,1
0,0,23734,7,input,2614,0,0,0,0,-1
0,0,23735,7,input,2657,0,0,0,0,-1
0,0,23736,7,input,2659,0,0,0,0,-1
0,0,23737,7,input,2663,0,0,0,0,-1
0,0,23738,7,input,2673,0,0,0,0,-1
0,0,23739,7,input,2680,0,0,0,0,-1
0,0,23740,7,input,2683,0,0,0,0,-1
0,0,23741,7,input,2697,0,0,0,0,-1
0,0,23742,7,input,2700,0,0,0,0,-1
0,0,23743,7,input,2729,0,0,0,0,-1
0,0,23744,7,input,2761,0,0,0,0,-1
0,0,23745,7,input,2776,0,0,0,0,-1
0,0,23746,7,input,2805,0,0,0,0,-1
0,0,23747,7,input,2839,0,0,0,0,1
0,0,23748,7,input,2944,0,0,0,0,-1
0,0,23749,7,input,2967,0,0,0,0,1
0,0,23750,7,input,2998,0,0,0,0,-1
0,0,23751,7,input,3021,0,0,0,0,-1
0,0,23752,7,input,3031,0,0,0,0,-1
0,0,23753,7,input,3036,0,0,0,0,-1
0,0,23754,7,input,3056,0,0,0,0,-1
0,0,23755,7,input,3070,0,0,0,0,-1
0,0,23756,7,input,3076,0,0,0,0,-1
0,0,23757,7,input,3095,0,0,0,0,-1
0,0,23758,7,input,3098,0,0,0,0,1
0,0,23759,7,input,3119,0,0,0,0,1
0,0,23760,7,input,3125,0,0,0,0,-1
0,0,23761,7,input,3128,0,0,0,0,-1
0,0,23762,7,input,3143,0,0,0,0,-1
0,0,23763,7,input,3145,0,0,0,0,-1
0,0,23764,7,input,3154,0,0,0,0,-1
0,0,23765,7,input,3157,0,0,0,0,-1
0,0,23766,7,input,3166,0,0,0,0,-1
0,0,23767,7,input,3171,0,0,0,0,-1
0,0,23768,7,input,3186,0,0,0,0,-1
0,0,23769,7,input,3189,0,0,0,0,-1
0,0,23770,7,input,3203,0,0,0,0,-1
0,0,23771,7,input,3241,0,0,0,0,-1
0,0,23772,7,input,3270,0,0,0,0,-1
0,0,23773,7,input,3277,0,0,0,0,-1
0,0,23774,7,input,3300,0,0,0,0,-1
0,0,23775,7,input,3311,0,0,0,0,-1
0,0,23776,7,input,3312,0,0,0,0,-1
0,0,23777,7,input,3316,0,0,0,0,1
0,0,23778,7,input,3317,0,0,0,0,-1
0,0,23779,7,input,3331,0,0,0,0,-1
0,0,23780,7,input,3340,0,0,0,0,1
0,0,23781,7,input,3344,0,0,0,0,-1
0,0,23782,7,input,3345,0,0,0,0,-1
0,0,23783,7,input,3358,0,0,0,0,-1
0,0,23784,7,input,3359,0,0,0,0,-1
0,0,23785,7,input,3374,0,0,0,0,-1
0,0,23786,7,input,3389,0,0,0,0,-1
0,0,23787,7,input,3399,0,0,0,0,-1
0,0,23788,7,input,3417,0,0,0,0,1
0,0,23789,7,input,3419,0,0,0,0,-1
0,0,23790,7,input,3432,0,0,0,0,-1
0,0,23791,7,input,3441,0,0,0,0,-1
0,0,23792,7,input,3445,0,0,0,0,1
0,0,23793,7,input,3465,0,0,0,0,-1
0,0,23794,7,input,3466,0,0,0,0,-1
0,0,23795,7,input,3468,0,0,0,0,-1
0,0,23796,7,input,3472,0,0,0,0,1
0,0,23797,7,input,3479,0,0,0,0,-1
0,0,23798,7,input,3542,0,0,0,0,-1
0,0,23799,7,input,3553,0,0,0,0,-1
0,0,23800,7,input,3563,0,0,0,0,1
0,0,23801,7,input,3567,0,0,0,0,-1
0,0,23802,7,input,3569,0,0,0,0,-1
0,0,23803,7,input,3587,0,0,0,0,-1
0,0,23804,7,input,3600,0,0,0,0,-1
0,0,23805,7,input,3603,0,0,0,0,-1
0,0,23806,7,input,3647,0,0,0,0,-1
0,0,23807,7,input,3666,0,0,0,0,-1
0,0,23808,7,input,3674,0,0,0,0,-1
0,0,23809,7,input,3683,0,0,0,0,-1
0,0,23810,7,input,3697,0,0,0,0,-1
0,0,23811,7,input,3704,0,0,0,0,-1
0,0,23812,7,input,3722,0,0,0,0,-1
0,0,23813,7,input,3724,0,0,0,0,-1
0,0,23814,7,input,3728,0,0,0,0,1
0,0,23815,7,input,3801,0,0,0,0,-1
0,0,23816,7,input,3829,0,0,0,0,-1
0,0,23817,7,input,3863,0,0,0,0,1
0,0,23818,7,input,3991,0,0,0,0,1
0,0,23819,7,input,4036,0,0,0,0,-1
0,0,23820,7,input,4055,0,0,0,0,-1
0,0,23821,7,input,4060,0,0,0,0,-1
0,0,23822,7,input,4076,0,0,0,0,-1
0,0,23823,7,input,4119,0,0,0,0,-1
0,0,23824,7,input,4147,0,0,0,0,-1
0,0,23825,7,input,4173,0,0,0,0,1
0,0,23826,7,input,4178,0,0,0,0,-1
0,0,23827,7,input,4186,0,0,0,0,-1
0,0,23828,7,input,4203,0,0,0,0,1
0,0,23829,7,input,4213,0,0,0,0,-1
0,0,23830,7,input,4270,0,0,0,0,1
0,0,23831,7,input,4277,0,0,0,0,-1
0,0,23832,7,input,4306,0,0,0,0,-1
0,0,23833,7,input,4313,0,0,0,0,-1
0,0,23834,7,input,4314,0,0,0,0,-1
0,0,23835,7,input,4318,0,0,0,0,-1
0,0,23836,7,input,4323,0,0,0,0,-1
0,0,23837,7,input,4338,0,0,0,0,-1
0,0,23838,7,input,4341,0,0,0,0,-1
0,0,23839,7,input,4347,0,0,0,0,-1
0,0,23840,7,input,4352,0,0,0,0,-1
0,0,23841,7,input,4367,0,0,0,0,-1
0,0,23842,7,input,4373,0,0,0,0,-1
0,0,23843,7,input,4392,0,0,0,0,-1
0,0,23844,7,input,4435,0,0,0,0,-1
0,0,23845,7,input,4439,0,0,0,0,-1
0,0,23846,7,input,4441,0,0,0,0,-1
0,0,23847,7,input,4478,0,0,0,0,-1
0,0,23848,7,input,4565,0,0,0,0,-1
0,0,23849,7,input,4600,0,0,0,0,-1
0,0,23850,7,input,4645,0,0,0,0,-1
0,0,23851,7,input,4762,0,0,0,0,-1
0,0,23852,7,input,4776,0,0,0,0,-1
0,0,23853,7,input,4777,0,0,0,0,-1
0,0,23854,7,input,4778,0,0,0,0,-1
0,0,23855,7,input,4793,0,0,0,0,-1
0,0,23856,7,input,4810,0,0,0,0,-1
0,0,23857,7,input,4822,0,0,0,0,-1
0,0,23858,7,input,4846,0,0,0,0,-1
0,0,23859,7,input,4849,0,0,0,0,-1
0,0,23860,7,input,4880,0,0,0,0,-1
0,0,23861,7,input,4887,0,0,0,0,1
0,0,23862,7,input,4903,0,0,0,0,-1
0,0,23863,7,input,4949,0,0,0,0,-1
0,0,23864,7,input,4972,0,0,0,0,-1
0,0,23865,7,input,5030,0,0,0,0,-1
0,0,23866,7,input,5035,0,0,0,0,-1
0,0,23867,7,input,5062,0,0,0,0,-1
0,0,23868,7,input,5069,0,0,0,0,-1
0,0,23869,7,input,5084,0,0,0,0,-1
0,0,23870,7,input,5104,0,0,0,0,-1
0,0,23871,7,input,5108,0,0,0,0,1
0,0,23872,7,input,5113,0,0,0,0,-1
0,0,23873,7,input,5118,0,0,0,0,-1
0,0,23874,7,input,5125,0,0,0,0,-1
0,0,23875,7,input,5128,0,0,0,0,-1
0,0,23876,7,input,5143,0,0,0,0,-1
0,0,23877,7,input,5149,0,0,0,0,-1
0,0,23878,7,input,5154,0,0,0,0,-1
0,0,23879,7,input,5166,0,0,0,0,-1
0,0,23880,7,input,5180,0,0,0,0,-1
0,0,23881,7,input,5187,0,0,0,0,-1
0,0,23882,7,input,5194,0,0,0,0,-1
0,0,23883,7,input,5197,0,0,0,0,1
0,0,23884,7,input,5198,0,0,0,0,-1
0,0,23885,7,input,5236,0,0,0,0,-1
0,0,23886,7,input,5237,0,0,0,0,1
0,0,23887,7,input,5258,0,0,0,0,-1
0,0,23888,7,input,5299,0,0,0,0,-1
0,0,23889,7,input,5301,0,0,0,0,-1
0,0,23890,7,input,5305,0,0,0,0,1
0,0,23891,7,input,5309,0,0,0,0,-1
0,0,23892,7,input,5311,0,0,0,0,-1
0,0,23893,7,input,5313,0,0,0,0,1
0,0,23894,7,input,5330,0,0,0,0,-1
0,0,23895,7,input,5336,0,0,0,0,-1
0,0,23896,7,input,5338,0,0,0,0,-1
0,0,23897,7,input,5347,0,0,0,0,-1
0,0,23898,7,input,5354,0,0,0,0,-1
0,0,23899,7,input,5359,0,0,0,0,-1
0,0,23900,7,input,5362,0,0,0,0,-1
0,0,23901,7,input,5368,0,0,0,0,-1
0,0,23902,7,input,5376,0,0,0,0,1
0,0,23903,7,input,5384,0,0,0,0,-1
0,0,23904,7,input,5386,0,0,0,0,-1
0,0,23905,7,input,5388,0,0,0,0,-1
0,0,23906,7,input,5392,0,0,0,0,1
0,0,23907,7,input,5395,0,0,0,0,-1
0,0,23908,7,input,5399,0,0,0,0,-1
0,0,23909,7,input,5405,0,0,0,0,-1
0,0,23910,7,input,5422,0,0,0,0,1
0,0,23911,7,input,5423,0,0,0,0,-1
0,0,23912,7,input,5435,0,0,0,0,-1
0,0,23913,7,input,5451,0,0,0,0,-1
0,0,23914,7,input,5453,0,0,0,0,1
0,0,23915,7,input,5454,0,0,0,0,-1
0,0,23916,7,input,5461,0,0,0,0,1
0,0,23917,7,input,5464,0,0,0,0,-1
0,0,23918,7,input,5465,0,0,0,0,-1
0,0,23919,7,input,5466,0,0,0,0,-1
0,0,23920,7,input,5471,0,0,0,0,-1
0,0,23921,7,input,5477,0,0,0,0,1
0,0,23922,7,input,5486,0,0,0,0,1
0,0,23923,7,input,5487,0,0,0,0,-1
0,0,23924,7,input,5493,0,0,0,0,-1
0,0,23925,7,input,5497,0,0,0,0,1
0,0,23926,7,input,5510,0,0,0,0,-1
0,0,23927,7,input,5516,0,0,0,0,1
0,0,23928,7,input,5524,0,0,0,0,-1
0,0,23929,7,input,5527,0,0,0,0,-1
0,0,23930,7,input,5539,0,0,0,0,-1
0,0,23931,7,input,5544,0,0,0,0,-1
0,0,23932,7,input,5546,0,0,0,0,-1
0,0,23933,7,input,5561,0,0,0,0,-1
0,0,23934,7,input,5570,0,0,0,0,-1
0,0,23935,7,input,5587,0,0,0,0,-1
0,0,23936,7,input,5589,0,0,0,0,1
0,0,23937,7,input,5592,0,0,0,0,1
0,0,23938,7,input,5599,0,0,0,0,-1
0,0,23939,7,input,5611,0,0,0,0,1
0,0,23940,7,input,5620,0,0,0,0,-1
0,0,23941,7,input,5625,0,0,0,0,1
0,0,23942,7,input,5636,0,0,0,0,-1
0,0,23943,7,input,5640,0,0,0,0,-1
0,0,23944,7,input,5644,0,0,0,0,-1
0,0,23945,7,input,5648,0,0,0,0,1
0,0,23946,7,input,5652,0,0,0,0,-1
0,0,23947,7,input,5674,0,0,0,0,-1
0,0,23948,7,input,5676,0,0,0,0,-1
0,0,23949,7,input,5687,0,0,0,0,-1
0,0,23950,7,input,5689,0,0,0,0,-1
0,0,23951,7,input,5701,0,0,0,0,-1
0,0,23952,7,input,5715,0,0,0,0,-1
0,0,23953,7,input,5726,0,0,0,0,-1
0,0,23954,7,input,5743,0,0,0,0,-1
0,0,23955,7,input,5748,0,0,0,0,-1
0,0,23956,7,input,5750,0,0,0,0,-1
0,0,23957,7,input,5756,0,0,0,0,1
0,0,23958,7,input,5759,0,0,0,0,-1
0,0,23959,7,input,5780,0,0,0,0,-1
0,0,23960,7,input,5783,0,0,0,0,1
0,0,23961,7,input,5812,0,0,0,0,-1
0,0,23962,7,input,5815,0,0,0,0,-1
0,0,23963,7,input,5816,0,0,0,0,-1
0,0,23964,7,input,5854,0,0,0,0,-1
0,0,23965,7,input,5876,0,0,0,0,-1
0,0,23966,7,input,5887,0,0,0,0,-1
0,0,23967,7,input,5908,0,0,0,0,-1
0,0,23968,7,input,5911,0,0,0,0,1
0,0,23969,7,input,5928,0,0,0,0,-1
0,0,23970,7,input,5932,0,0,0,0,-1
0,0,23971,7,input,5940,0,0,0,0,-1
0,0,23972,7,input,5943,0,0,0,0,-1
0,0,23973,7,input,5955,0,0,0,0,-1
0,0,23974,7,input,5965,0,0,0,0,1
0,0,23975,7,input,5971,0,0,0,0,-1
0,0,23976,7,input,5982,0,0,0,0,-1
0,0,23977,7,input,6004,0,0,0,0,-1
0,0,23978,7,input,6015,0,0,0,0,-1
0,0,23979,7,input,6036,0,0,0,0,-1
0,0,23980,7,input,6056,0,0,0,0,-1
0,0,23981,7,input,6060,0,0,0,0,-1
0,0,23982,7,input,6068,0,0,0,0,-1
0,0,23983,7,input,6071,0,0,0,0,-1
0,0,23984,7,input,6076,0,0,0,0,-1
0,0,23985,7,input,6083,0,0,0,0,-1
0,0,23986,7,input,6099,0,0,0,0,-1
0,0,23987,7,input,6110,0,0,0,0,-1
0,0,23988,7,input,6132,0,0,0,0,-1
0,0,23989,7,input,6134,0,0,0,0,-1
0,0,23990,7,input,6143,0,0,0,0,-1
0,0,23991,7,input,6167,0,0,0,0,1
0,0,23992,7,input,6180,0,0,0,0,-1
0,0,23993,7,input,6187,0,0,0,0,1
0,0,23994,7,input,6188,0,0,0,0,-1
0,0,23995,7,input,6193,0,0,0,0,-1
0,0,23996,7,input,6196,0,0,0,0,-1
0,0,23997,7,input,6199,0,0,0,0,-1
0,0,23998,7,input,6211,0,0,0,0,-1
0,0,23999,7,input,6214,0,0,0,0,1
0,0,24000,7,input,6221,0,0,0,0,1
0,0,24001,7,input,6234,0,0,0,0,-1
0,0,24002,7,input,6238,0,0,0,0,-1
0,0,24003,7,input,6243,0,0,0,0,-1
0,0,24004,7,input,6258,0,0,0,0,-1
0,0,24005,7,input,6260,0,0,0,0,-1
0,0,24006,7,input,6271,0,0,0,0,-1
0,0,24007,7,input,6276,0,0,0,0,-1
0,0,24008,7,input,6277,0,0,0,0,-1
0,0,24009,7,input,6282,0,0,0,0,1
0,0,24010,7,input,6284,0,0,0,0,1
0,0,24011,7,input,6288,0,0,0,0,-1
0,0,24012,7,input,6292,0,0,0,0,-1
0,0,24013,7,input,6295,0,0,0,0,-1
0,0,24014,7,input,6297,0,0,0,0,-1
0,0,24015,7,input,6298,0,0,0,0,1
0,0,24016,7,input,6304,0,0,0,0,-1
0,0,24017,7,input,6318,0,0,0,0,-1
0,0,24018,7,input,6328,0,0,0,0,-1
0,0,24019,7,input,6343,0,0,0,0,-1
0,0,24020,7,input,6348,0,0,0,0,-1
0,0,24021,7,input,6349,0,0,0,0,1
0,0,24022,7,input,6354,0,0,0,0,-1
0,0,24023,7,input,6355,0,0,0,0,-1
0,0,24024,7,input,6357,0,0,0,0,-1
0,0,24025,7,input,6361,0,0,0,0,1
0,0,24026,7,input,6366,0,0,0,0,-1
0,0,24027,7,input,6370,0,0,0,0,-1
0,0,24028,7,input,6379,0,0,0,0,1
0,0,24029,7,input,6398,0,0,0,0,1
0,0,24030,7,input,6404,0,0,0,0,-1
0,0,24031,7,input,6410,0,0,0,0,-1
0,0,24032,7,input,6412,0,0,0,0,-1
0,0,24033,7,input,6428,0,0,0,0,-1
0,0,24034,7,input,6453,0,0,0,0,-1
0,0,24035,7,input,6455,0,0,0,0,-1
0,0,24036,7,input,6456,0,0,0,0,-1
0,0,24037,7,input,6475,0,0,0,0,-1
0,0,24038,7,input,6477,0,0,0,0,1
0,0,24039,7,input,6494,0,0,0,0,-1
0,0,24040,7,input,6501,0,0,0,0,-1
0,0,24041,7,input,6510,0,0,0,0,-1
0,0,24042,7,input,6516,0,0,0,0,-1
0,0,24043,7,input,6517,0,0,0,0,-1
0,0,24044,7,input,6524,0,0,0,0,1
0,0,24045,7,input,6527,0,0,0,0,-1
0,0,24046,7,input,6551,0,0,0,0,1
0,0,24047,7,input,6571,0,0,0,0,1
0,0,24048,7,input,6580,0,0,0,0,-1
0,0,24049,7,input,6583,0,0,0,0,-1
0,0,24050,7,input,6598,0,0,0,0,1
0,0,24051,7,input,6605,0,0,0,0,1
0,0,24052,7,input,6622,0,0,0,0,-1
0,0,24053,7,input,6644,0,0,0,0,-1
0,0,24054,7,input,6655,0,0,0,0,-1
0,0,24055,7,input,6679,0,0,0,0,1
0,0,24056,7,input,6699,0,0,0,0,1
0,0,24057,7,input,6705,0,0,0,0,-1
0,0,24058,7,input,6708,0,0,0,0,-1
0,0,24059,7,input,6711,0,0,0,0,-1
0,0,24060,7,input,6726,0,0,0,0,1
0,0,24061,7,input,6733,0,0,0,0,1
0,0,24062,7,input,6750,0,0,0,0,-1
0,0,24063,7,input,6772,0,0,0,0,-1
0,0,24064,7,input,6783,0,0,0,0,-1
0,0,24065,7,input,6787,0,0,0,0,1
0,0,24066,7,input,6807,0,0,0,0,1
0,0,24067,7,input,6827,0,0,0,0,1
0,0,24068,7,input,6833,0,0,0,0,-1
0,0,24069,7,input,6836,0,0,0,0,-1
0,0,24070,7,input,6839,0,0,0,0,-1
0,0,24071,7,input,6851,0,0,0,0,-1
0,0,24072,7,input,6854,0,0,0,0,1
0,0,24073,7,input,6861,0,0,0,0,1
0,0,24074,7,input,6878,0,0,0,0,-1
0,0,24075,7,input,6899,0,0,0,0,-1
0,0,24076,7,input,6900,0,0,0,0,-1
0,0,24077,7,input,6911,0,0,0,0,-1
0,0,24078,7,input,6955,0,0,0,0,1
0,0,24079,7,input,6956,0,0,0,0,-1
0,0,24080,7,input,6961,0,0,0,0,-1
0,0,24081,7,input,6964,0,0,0,0,-1
0,0,24082,7,input,6967,0,0,0,0,-1
0,0,24083,7,input,6979,0,0,0,0,-1
0,0,24084,7,input,6982,0,0,0,0,1
0,0,24085,7,input,6989,0,0,0,0,1
0,0,24086,7,input,7006,0,0,0,0,-1
0,0,24087,7,input,7028,0,0,0,0,-1
0,0,24088,7,input,7039,0,0,0,0,-1
0,0,24089,7,input,7043,0,0,0,0,1
0,0,24090,7,input,7076,0,0,0,0,-1
0,0,24091,7,input,7083,0,0,0,0,1
0,0,24092,7,input,7092,0,0,0,0,-1
0,0,24093,7,input,7100,0,0,0,0,-1
0,0,24094,7,input,7107,0,0,0,0,-1
0,0,24095,7,input,7110,0,0,0,0,1
0,0,24096,7,input,7117,0,0,0,0,1
0,0,24097,7,input,7134,0,0,0,0,-1
0,0,24098,7,input,7135,0,0,0,0,-1
0,0,24099,7,input,7155,0,0,0,0,-1
0,0,24100,7,input,7156,0,0,0,0,-1
0,0,24101,7,input,7161,0,0,0,0,1
0,0,24102,7,input,7167,0,0,0,0,-1
0,0,24103,7,input,7185,0,0,0,0,-1
0,0,24104,7,input,7191,0,0,0,0,1
0,0,24105,7,input,7211,0,0,0,0,1
0,0,24106,7,input,7212,0,0,0,0,-1
0,0,24107,7,input,7217,0,0,0,0,-1
0,0,24108,7,input,7220,0,0,0,0,-1
0,0,24109,7,input,7235,0,0,0,0,-1
0,0,24110,7,input,7238,0,0,0,0,1
0,0,24111,7,input,7245,0,0,0,0,1
0,0,24112,7,input,7262,0,0,0,0,-1
0,0,24113,7,input,7267,0,0,0,0,-1
0,0,24114,7,input,7284,0,0,0,0,-1
0,0,24115,7,input,7285,0,0,0,0,-1
0,0,24116,7,input,7295,0,0,0,0,-1
0,0,24117,7,input,7296,0,0,0,0,-1
0,0,24118,7,input,7301,0,0,0,0,-1
0,0,24119,7,input,7319,0,0,0,0,1
0,0,24120,7,input,7332,0,0,0,0,-1
0,0,24121,7,input,7339,0,0,0,0,1
0,0,24122,7,input,7340,0,0,0,0,-1
0,0,24123,7,input,7345,0,0,0,0,-1
0,0,24124,7,input,7348,0,0,0,0,-1
0,0,24125,7,input,7351,0,0,0,0,-1
0,0,24126,7,input,7363,0,0,0,0,-1
0,0,24127,7,input,7366,0,0,0,0,1
0,0,24128,7,input,7372,0,0,0,0,-1
0,0,24129,7,input,7373,0,0,0,0,1
0,0,24130,7,input,7378,0,0,0,0,-1
0,0,24131,7,input,7379,0,0,0,0,-1
0,0,24132,7,input,7384,0,0,0,0,1
0,0,24133,7,input,7390,0,0,0,0,-1
0,0,24134,7,input,7406,0,0,0,0,-1
0,0,24135,7,input,7412,0,0,0,0,-1
0,0,24136,7,input,7421,0,0,0,0,1
0,0,24137,7,input,7423,0,0,0,0,-1
0,0,24138,7,input,7447,0,0,0,0,1
0,0,24139,7,input,7467,0,0,0,0,1
0,0,24140,7,input,7468,0,0,0,0,-1
0,0,24141,7,input,7476,0,0,0,0,-1
0,0,24142,7,input,7479,0,0,0,0,-1
0,0,24143,7,input,7491,0,0,0,0,-1
0,0,24144,7,input,7494,0,0,0,0,1
0,0,24145,7,input,7501,0,0,0,0,1
0,0,24146,7,input,7518,0,0,0,0,-1
0,0,24147,7,input,7534,0,0,0,0,-1
0,0,24148,7,input,7540,0,0,0,0,-1
0,0,24149,7,input,7551,0,0,0,0,-1
0,0,24150,7,input,7569,0,0,0,0,-1
0,0,24151,7,input,7575,0,0,0,0,1
0,0,24152,7,input,7594,0,0,0,0,-1
0,0,24153,7,input,7595,0,0,0,0,1
0,0,24154,7,input,7596,0,0,0,0,-1
0,0,24155,7,input,7604,0,0,0,0,-1
0,0,24156,7,input,7607,0,0,0,0,-1
0,0,24157,7,input,7619,0,0,0,0,-1
0,0,24158,7,input,7622,0,0,0,0,1
0,0,24159,7,input,7629,0,0,0,0,1
0,0,24160,7,input,7646,0,0,0,0,-1
0,0,24161,7,input,7668,0,0,0,0,-1
0,0,24162,7,input,7679,0,0,0,0,-1
0,0,24163,7,input,7697,0,0,0,0,-1
0,0,24164,7,input,7724,0,0,0,0,-1
0,0,24165,7,input,7725,0,0,0,0,-1
0,0,24166,7,input,7729,0,0,0,0,-1
0,0,24167,7,input,7732,0,0,0,0,-1
0,0,24168,7,input,7735,0,0,0,0,-1
0,0,24169,7,input,7747,0,0,0,0,-1
0,0,24170,7,input,7750,0,0,0,0,1
0,0,24171,7,input,7757,0,0,0,0,1
0,0,24172,7,input,7774,0,0,0,0,-1
0,0,24173,7,input,7796,0,0,0,0,-1
0,0,24174,7,input,7807,0,0,0,0,-1
0,0,24175,7,input,7831,0,0,0,0,1
0,0,24176,7,input,7851,0,0,0,0,1
0,0,24177,7,input,7853,0,0,0,0,-1
0,0,24178,7,input,7857,0,0,0,0,-1
0,0,24179,7,input,7860,0,0,0,0,-1
0,0,24180,7,input,7863,0,0,0,0,-1
0,0,24181,7,input,7875,0,0,0,0,-1
0,0,24182,7,input,7878,0,0,0,0,1
0,0,24183,7,input,7885,0,0,0,0,1
0,0,24184,7,input,7902,0,0,0,0,-1
0,0,24185,7,input,7924,0,0,0,0,-1
0,0,24186,7,input,7935,0,0,0,0,-1
0,0,24187,7,input,7965,0,0,0,0,-1
0,0,24188,7,input,7972,0,0,0,0,-1
0,0,24189,7,input,7979,0,0,0,0,1
0,0,24190,7,input,7981,0,0,0,0,-1
0,0,24191,7,input,7985,0,0,0,0,-1
0,0,24192,7,input,7988,0,0,0,0,-1
0,0,24193,7,input,8003,0,0,0,0,-1
0,0,24194,7,input,8006,0,0,0,0,1
0,0,24195,7,input,8007,0,0,0,0,-1
0,0,24196,7,input,8013,0,0,0,0,1
0,0,24197,7,input,8030,0,0,0,0,-1
0,0,24198,7,input,8052,0,0,0,0,-1
0,0,24199,7,input,8057,0,0,0,0,1
0,0,24200,7,input,8058,0,0,0,0,-1
0,0,24201,7,input,8063,0,0,0,0,-1
0,0,24202,7,input,8076,0,0,0,0,-1
0,0,24203,7,input,8077,0,0,0,0,-1
0,0,24204,7,input,8084,0,0,0,0,-1
0,0,24205,7,input,8087,0,0,0,0,1
0,0,24206,7,input,8091,0,0,0,0,-1
0,0,24207,7,input,8100,0,0,0,0,-1
0,0,24208,7,input,8107,0,0,0,0,1
0,0,24209,7,input,8108,0,0,0,0,-1
0,0,24210,7,input,8109,0,0,0,0,-1
0,0,24211,7,input,8116,0,0,0,0,-1
0,0,24212,7,input,8119,0,0,0,0,-1
0,0,24213,7,input,8131,0,0,0,0,-1
0,0,24214,7,input,8134,0,0,0,0,1
0,0,24215,7,input,8141,0,0,0,0,1
0,0,24216,7,input,8158,0,0,0,0,-1
0,0,24217,7,input,8178,0,0,0,0,-1
0,0,24218,7,input,8179,0,0,0,0,-1
0,0,24219,7,input,8180,0,0,0,0,-1
0,0,24220,7,input,8181,0,0,0,0,-1
0,0,24221,7,input,8191,0,0,0,0,-1
